family,instrument,band_index,dynamic,energy_provenance,energy_w_bloom,energy_w_buildup,energy_w_decay,energy_w_residue,energy_w_shimmer,energy_w_strike,f_c_hz,f_centre_hz,f_hi_hz,f_lo_hz,fill_fraction,modes_per_band,notes,ref_distance_m,spl_db_decay,spl_db_strike,stroke,t_contact_provenance,t_contact_s
plate,cymbal_16in_thin,0,,internal_default,,0.0009239367814937024,,0.08744098191844814,0.010973826729471227,0.0011436656037033094,,31.070005997851133,48.26726363532532,19.999999999999982,0.9,1.0,"flat-plate approximation: dome/curvature not modelled | linear modal regime: chaotic broadband regime at ff not modelled | AmplitudeLayer refused: fill_fraction=0.900 > 0.6 (vector mostly residual fill, not a measurement); using equipartition (internal_default)",,,,,,
plate,cymbal_16in_thin,1,,internal_default,,0.0009216252506068908,,0.0777177343164511,0.010631620618068282,0.001143328613389129,,62.04115804080137,79.74567027716589,48.26726363532532,0.9,1.0,"flat-plate approximation: dome/curvature not modelled | linear modal regime: chaotic broadband regime at ff not modelled | AmplitudeLayer refused: fill_fraction=0.900 > 0.6 (vector mostly residual fill, not a measurement); using equipartition (internal_default)",,,,,,
plate,cymbal_16in_thin,2,,internal_default,,0.0,,0.0,0.0,0.0,,95.6807360113951,114.80000371009025,79.74567027716589,0.9,0.0,"flat-plate approximation: dome/curvature not modelled | linear modal regime: chaotic broadband regime at ff not modelled | AmplitudeLayer refused: fill_fraction=0.900 > 0.6 (vector mostly residual fill, not a measurement); using equipartition (internal_default)",,,,,,
plate,cymbal_16in_thin,3,,internal_default,,0.0018338825936746316,,0.122297293073991,0.01993625806427942,0.002285286925182145,,132.8925478326256,153.83648692246896,114.80000371009025,0.9,2.0,"flat-plate approximation: dome/curvature not modelled | linear modal regime: chaotic broadband regime at ff not modelled | AmplitudeLayer refused: fill_fraction=0.900 > 0.6 (vector mostly residual fill, not a measurement); using equipartition (internal_default)",,,,,,
plate,cymbal_16in_thin,4,,internal_default,,0.0,,0.0,0.0,0.0,,174.22138513818598,197.30748957342993,153.83648692246896,0.9,0.0,"flat-plate approximation: dome/curvature not modelled | linear modal regime: chaotic broadband regime at ff not modelled | AmplitudeLayer refused: fill_fraction=0.900 > 0.6 (vector mostly residual fill, not a measurement); using equipartition (internal_default)",,,,,,
plate,cymbal_16in_thin,5,,internal_default,,0.0018234681628207328,,0.09354578318500772,0.018550820692922607,0.002283756273306647,,220.18573768342424,245.71677022503872,197.30748957342993,0.9,2.0,"flat-plate approximation: dome/curvature not modelled | linear modal regime: chaotic broadband regime at ff not modelled | AmplitudeLayer refused: fill_fraction=0.900 > 0.6 (vector mostly residual fill, not a measurement); using equipartition (internal_default)",,,,,,
plate,cymbal_16in_thin,6,,internal_default,,0.0027265727109452966,,0.1209299231295826,0.026736099954181965,0.00342436112549081,,271.33552007714667,299.62531408868983,245.71677022503872,0.9,3.0,"flat-plate approximation: dome/curvature not modelled | linear modal regime: chaotic broadband regime at ff not modelled | AmplitudeLayer refused: fill_fraction=0.900 > 0.6 (vector mostly residual fill, not a measurement); using equipartition (internal_default)",,,,,,
plate,cymbal_16in_thin,7,,internal_default,,0.0,,0.0,0.0,0.0,,328.2721301869142,359.65783393574134,299.62531408868983,0.9,0.0,"flat-plate approximation: dome/curvature not modelled | linear modal regime: chaotic broadband regime at ff not modelled | AmplitudeLayer refused: fill_fraction=0.900 > 0.6 (vector mostly residual fill, not a measurement); using equipartition (internal_default)",,,,,,
plate,cymbal_16in_thin,8,,internal_default,,0.002707308147583655,,0.08661924057960935,0.024442808765739704,0.003421505635375407,,391.6601411572962,426.51000950742576,359.65783393574134,0.9,3.0,"flat-plate approximation: dome/curvature not modelled | linear modal regime: chaotic broadband regime at ff not modelled | AmplitudeLayer refused: fill_fraction=0.900 > 0.6 (vector mostly residual fill, not a measurement); using equipartition (internal_default)",,,,,,
plate,cymbal_16in_thin,9,,internal_default,,0.0035953758462270295,,0.09571713367303113,0.03098637474529272,0.004559866077386811,,462.2369334140603,500.9565493170786,426.51000950742576,0.9,4.0,"flat-plate approximation: dome/curvature not modelled | linear modal regime: chaotic broadband regime at ff not modelled | AmplitudeLayer refused: fill_fraction=0.900 > 0.6 (vector mostly residual fill, not a measurement); using equipartition (internal_default)",,,,,,
plate,cymbal_16in_thin,10,,internal_default,,0.0035798963716408057,,0.07806973364825852,0.029335361758046543,0.00455754347582722,,540.822128965883,583.8601682679283,500.9565493170786,0.9,4.0,"flat-plate approximation: dome/curvature not modelled | linear modal regime: chaotic broadband regime at ff not modelled | AmplitudeLayer refused: fill_fraction=0.900 > 0.6 (vector mostly residual fill, not a measurement); using equipartition (internal_default)",,,,,,
plate,cymbal_16in_thin,11,,internal_default,,0.0,,0.0,0.0,0.0,,628.3275372521083,676.1815851225036,583.8601682679283,0.9,0.0,"flat-plate approximation: dome/curvature not modelled | linear modal regime: chaotic broadband regime at ff not modelled | AmplitudeLayer refused: fill_fraction=0.900 > 0.6 (vector mostly residual fill, not a measurement); using equipartition (internal_default)",,,,,,
plate,cymbal_16in_thin,12,,internal_default,,0.004432995157728509,,0.061465651712932716,0.032398887327982615,0.005690349384575711,,725.7679631618286,778.9906556781491,676.1815851225036,0.9,5.0,"flat-plate approximation: dome/curvature not modelled | linear modal regime: chaotic broadband regime at ff not modelled | AmplitudeLayer refused: fill_fraction=0.900 > 0.6 (vector mostly residual fill, not a measurement); using equipartition (internal_default)",,,,,,
plate,cymbal_16in_thin,13,,internal_default,,0.004413678582755985,,0.04729009181394511,0.030231007040300652,0.005686620899662449,,834.2731048009164,893.4787706641346,778.9906556781491,0.9,5.0,"flat-plate approximation: dome/curvature not modelled | linear modal regime: chaotic broadband regime at ff not modelled | AmplitudeLayer refused: fill_fraction=0.900 > 0.6 (vector mostly residual fill, not a measurement); using equipartition (internal_default)",,,,,,
plate,cymbal_16in_thin,14,,internal_default,,0.005283665520602913,,0.04264924822682515,0.03371998109280448,0.006819074305166534,,955.1007271246142,1020.9726620319176,893.4787706641346,0.9,6.0,"flat-plate approximation: dome/curvature not modelled | linear modal regime: chaotic broadband regime at ff not modelled | AmplitudeLayer refused: fill_fraction=0.900 > 0.6 (vector mostly residual fill, not a measurement); using equipartition (internal_default)",,,,,,
plate,cymbal_16in_thin,15,,internal_default,,0.005299701289154785,,0.03123933118125803,0.03131403322959484,0.006813768884589583,,1089.651288384257,1162.94977763112,1020.9726620319176,0.9,6.0,"flat-plate approximation: dome/curvature not modelled | linear modal regime: chaotic broadband regime at ff not modelled | AmplitudeLayer refused: fill_fraction=0.900 > 0.6 (vector mostly residual fill, not a measurement); using equipartition (internal_default)",,,,,,
plate,cymbal_16in_thin,16,,internal_default,,0.005379573410933298,,0.022245408722254344,0.029223940404428363,0.006807987432225146,,1239.484201797112,1321.055402438827,1162.94977763112,0.9,6.0,"flat-plate approximation: dome/curvature not modelled | linear modal regime: chaotic broadband regime at ff not modelled | AmplitudeLayer refused: fill_fraction=0.900 > 0.6 (vector mostly residual fill, not a measurement); using equipartition (internal_default)",,,,,,
plate,cymbal_16in_thin,17,,internal_default,,0.004649866703875737,,0.01279866650765103,0.023046770088087812,0.0056680707590747,,1406.3359280729921,1497.1217247495472,1321.055402438827,0.9,5.0,"flat-plate approximation: dome/curvature not modelled | linear modal regime: chaotic broadband regime at ff not modelled | AmplitudeLayer refused: fill_fraction=0.900 > 0.6 (vector mostly residual fill, not a measurement); using equipartition (internal_default)",,,,,,
plate,cymbal_16in_thin,18,,internal_default,,0.004980028403595095,,0.008541743755306553,0.0223324250582387,0.00566234357768114,,1592.1401126215692,1693.1890682721116,1497.1217247495472,0.9,5.0,"flat-plate approximation: dome/curvature not modelled | linear modal regime: chaotic broadband regime at ff not modelled | AmplitudeLayer refused: fill_fraction=0.900 > 0.6 (vector mostly residual fill, not a measurement); using equipartition (internal_default)",,,,,,
plate,cymbal_16in_thin,19,,internal_default,,0.004431118408112011,,0.004394240851205614,0.017813884633852372,0.004524877467465007,,1799.050003290016,1911.5295361791561,1693.1890682721116,0.9,4.0,"flat-plate approximation: dome/curvature not modelled | linear modal regime: chaotic broadband regime at ff not modelled | AmplitudeLayer refused: fill_fraction=0.900 > 0.6 (vector mostly residual fill, not a measurement); using equipartition (internal_default)",,,,,,
plate,cymbal_16in_thin,20,,internal_default,,0.005094683579509293,,0.002713027863778573,0.018177270466877782,0.004519425681097054,,2029.4634099536993,2154.6733411054515,1911.5295361791561,0.9,4.0,"flat-plate approximation: dome/curvature not modelled | linear modal regime: chaotic broadband regime at ff not modelled | AmplitudeLayer refused: fill_fraction=0.900 > 0.6 (vector mostly residual fill, not a measurement); using equipartition (internal_default)",,,,,,
plate,cymbal_16in_thin,21,,internal_default,,0.004472481484069736,,0.001201495295922083,0.014006629065518516,0.0033851079978607043,,2286.0504961747515,2425.4381262171387,2154.6733411054515,0.9,3.0,"flat-plate approximation: dome/curvature not modelled | linear modal regime: chaotic broadband regime at ff not modelled | AmplitudeLayer refused: fill_fraction=0.900 > 0.6 (vector mostly residual fill, not a measurement); using equipartition (internal_default)",,,,,,
plate,cymbal_16in_thin,22,,internal_default,,0.008701177120345112,,0.0011260775536593543,0.02363129169768675,0.005633733150755969,,2571.784725619831,2726.9616171356174,2425.4381262171387,0.9,5.0,"flat-plate approximation: dome/curvature not modelled | linear modal regime: chaotic broadband regime at ff not modelled | AmplitudeLayer refused: fill_fraction=0.900 > 0.6 (vector mostly residual fill, not a measurement); using equipartition (internal_default)",,,,,,
plate,cymbal_16in_thin,23,,internal_default,,0.0039735644432872235,,0.00024010320755567515,0.009235601926598523,0.00224995166138501,,2889.9773222733784,3062.7379830990285,2726.9616171356174,0.9,2.0,"flat-plate approximation: dome/curvature not modelled | linear modal regime: chaotic broadband regime at ff not modelled | AmplitudeLayer refused: fill_fraction=0.900 > 0.6 (vector mostly residual fill, not a measurement); using equipartition (internal_default)",,,,,,
plate,cymbal_16in_thin,24,,internal_default,,0.0043723153573165556,,0.00012070660927968647,0.008571885526382229,0.0022460867217460006,,3244.3156440657726,3436.658328728339,3062.7379830990285,0.9,2.0,"flat-plate approximation: dome/curvature not modelled | linear modal regime: chaotic broadband regime at ff not modelled | AmplitudeLayer refused: fill_fraction=0.900 > 0.6 (vector mostly residual fill, not a measurement); using equipartition (internal_default)",,,,,,
plate,cymbal_16in_thin,25,,internal_default,,0.07117721787313853,,0.0008817141573410814,0.11584894762592564,0.03473180760854737,,3638.905914797386,3853.0557856320793,3436.658328728339,0.9,30.984690533828054,"flat-plate approximation: dome/curvature not modelled | linear modal regime: chaotic broadband regime at ff not modelled | AmplitudeLayer refused: fill_fraction=0.900 > 0.6 (vector mostly residual fill, not a measurement); using equipartition (internal_default)",,,,,,
plate,cymbal_16in_thin,26,,internal_default,,0.0791823233592972,,0.00043155688460021853,0.10515191531890636,0.038597912012518,,4078.320809686421,4316.755726388418,3853.0557856320793,0.9,34.50453149191772,"flat-plate approximation: dome/curvature not modelled | linear modal regime: chaotic broadband regime at ff not modelled | AmplitudeLayer refused: fill_fraction=0.900 > 0.6 (vector mostly residual fill, not a measurement); using equipartition (internal_default)",,,,,,
plate,cymbal_16in_thin,27,,internal_default,,0.08370700930859547,,0.00019559400364274412,0.08898645998938015,0.04288611985839331,,4567.652446074554,4833.131682803398,4316.755726388418,0.9,38.424224123747045,"flat-plate approximation: dome/curvature not modelled | linear modal regime: chaotic broadband regime at ff not modelled | AmplitudeLayer refused: fill_fraction=0.900 > 0.6 (vector mostly residual fill, not a measurement); using equipartition (internal_default)",,,,,,
plate,cymbal_16in_thin,28,,internal_default,,0.08435570052890026,,8.149155556135129e-05,0.07030739315795073,0.04764071789683409,,5112.571393434344,5408.167616447384,4833.131682803398,0.9,42.78919132281987,"flat-plate approximation: dome/curvature not modelled | linear modal regime: chaotic broadband regime at ff not modelled | AmplitudeLayer refused: fill_fraction=0.900 > 0.6 (vector mostly residual fill, not a measurement); using equipartition (internal_default)",,,,,,
plate,cymbal_16in_thin,29,,internal_default,,0.08159443812259336,,3.096295739098395e-05,0.05211525018453721,0.052910244854263024,,5719.392386557584,6048.527263084527,5408.167616447384,0.9,47.65001599419019,"flat-plate approximation: dome/curvature not modelled | linear modal regime: chaotic broadband regime at ff not modelled | AmplitudeLayer refused: fill_fraction=0.900 > 0.6 (vector mostly residual fill, not a measurement); using equipartition (internal_default)",,,,,,
plate,cymbal_16in_thin,30,,internal_default,,0.07657528178650536,,1.0635322842905476e-05,0.036556511383764846,0.05874781133254729,,6395.147503469621,6761.631354584867,6048.527263084527,0.9,53.06302722845994,"flat-plate approximation: dome/curvature not modelled | linear modal regime: chaotic broadband regime at ff not modelled | AmplitudeLayer refused: fill_fraction=0.900 > 0.6 (vector mostly residual fill, not a measurement); using equipartition (internal_default)",,,,,,
plate,cymbal_16in_thin,31,,internal_default,,0.07075136605294213,,3.271029492543352e-06,0.024564569669075772,0.06521142273976079,,7147.667656109318,7555.743613196125,6761.631354584867,0.9,59.09095306477129,"flat-plate approximation: dome/curvature not modelled | linear modal regime: chaotic broadband regime at ff not modelled | AmplitudeLayer refused: fill_fraction=0.900 > 0.6 (vector mostly residual fill, not a measurement); using equipartition (internal_default)",,,,,,
plate,cymbal_16in_thin,32,,internal_default,,0.06545423623616309,,8.914529295939641e-07,0.01604026814735453,0.07236429907904231,,7985.673338139188,8440.066514709539,7555.743613196125,0.9,65.80364740725172,"flat-plate approximation: dome/curvature not modelled | linear modal regime: chaotic broadband regime at ff not modelled | AmplitudeLayer refused: fill_fraction=0.900 > 0.6 (vector mostly residual fill, not a measurement); using equipartition (internal_default)",,,,,,
plate,cymbal_16in_thin,33,,internal_default,,0.06159438399990442,,2.1282249705363638e-07,0.010310614321316913,0.0802751835416276,,8918.87568152042,9424.847930259928,8440.066514709539,0.9,73.27889951870607,"flat-plate approximation: dome/curvature not modelled | linear modal regime: chaotic broadband regime at ff not modelled | AmplitudeLayer refused: fill_fraction=0.900 > 0.6 (vector mostly residual fill, not a measurement); using equipartition (internal_default)",,,,,,
plate,cymbal_16in_thin,34,,internal_default,,0.05956130558407361,,4.395380547373221e-08,0.00657051639845675,0.08901862957450889,,9958.08899294587,10521.49988256573,9424.847930259928,0.9,81.60333547226422,"flat-plate approximation: dome/curvature not modelled | linear modal regime: chaotic broadband regime at ff not modelled | AmplitudeLayer refused: fill_fraction=0.900 > 0.6 (vector mostly residual fill, not a measurement); using equipartition (internal_default)",,,,,,
plate,cymbal_16in_thin,35,,internal_default,,0.0593000451921535,,7.74595722827374e-09,0.004145046004901787,0.09867525336202111,,11115.35607425443,11742.730792801776,10521.49988256573,0.9,90.87342200736948,"flat-plate approximation: dome/curvature not modelled | linear modal regime: chaotic broadband regime at ff not modelled | AmplitudeLayer refused: fill_fraction=0.900 > 0.6 (vector mostly residual fill, not a measurement); using equipartition (internal_default)",,,,,,
plate,cymbal_16in_thin,36,,internal_default,,0.06048032364018208,,1.147439129358672e-09,0.002566019902727792,0.10933193540925641,,12404.08777909383,13102.692750631822,11742.730792801776,0.9,101.19658442314655,"flat-plate approximation: dome/curvature not modelled | linear modal regime: chaotic broadband regime at ff not modelled | AmplitudeLayer refused: fill_fraction=0.900 > 0.6 (vector mostly residual fill, not a measurement); using equipartition (internal_default)",,,,,,
plate,cymbal_16in_thin,37,,internal_default,,0.06266945298927201,,1.405463492097315e-10,0.0015397090093454285,0.12108195107773355,,13839.218423072582,14617.145514022386,13102.692750631822,0.9,112.69245146375872,"flat-plate approximation: dome/curvature not modelled | linear modal regime: chaotic broadband regime at ff not modelled | AmplitudeLayer refused: fill_fraction=0.900 > 0.6 (vector mostly residual fill, not a measurement); using equipartition (internal_default)",,,,,,
plate,cymbal_18in_medium,0,,internal_default,,0.0009489951209226576,,0.07623501740430516,0.009015394454819163,0.0012312107453274826,,31.070005997851133,48.26726363532532,19.999999999999982,0.9,1.0,"flat-plate approximation: dome/curvature not modelled | linear modal regime: chaotic broadband regime at ff not modelled | AmplitudeLayer refused: fill_fraction=0.900 > 0.6 (vector mostly residual fill, not a measurement); using equipartition (internal_default)",,,,,,
plate,cymbal_18in_medium,1,,internal_default,,0.0,,0.0,0.0,0.0,,62.04115804080137,79.74567027716589,48.26726363532532,0.9,0.0,"flat-plate approximation: dome/curvature not modelled | linear modal regime: chaotic broadband regime at ff not modelled | AmplitudeLayer refused: fill_fraction=0.900 > 0.6 (vector mostly residual fill, not a measurement); using equipartition (internal_default)",,,,,,
plate,cymbal_18in_medium,2,,internal_default,,0.0009442615960686474,,0.060250281971762555,0.008462909842137267,0.0012304866565950577,,95.6807360113951,114.80000371009025,79.74567027716589,0.9,1.0,"flat-plate approximation: dome/curvature not modelled | linear modal regime: chaotic broadband regime at ff not modelled | AmplitudeLayer refused: fill_fraction=0.900 > 0.6 (vector mostly residual fill, not a measurement); using equipartition (internal_default)",,,,,,
plate,cymbal_18in_medium,3,,internal_default,,0.0018836198196684477,,0.10662433176574487,0.016378355047274282,0.0024602207230240212,,132.8925478326256,153.83648692246896,114.80000371009025,0.9,2.0,"flat-plate approximation: dome/curvature not modelled | linear modal regime: chaotic broadband regime at ff not modelled | AmplitudeLayer refused: fill_fraction=0.900 > 0.6 (vector mostly residual fill, not a measurement); using equipartition (internal_default)",,,,,,
plate,cymbal_18in_medium,4,,internal_default,,0.0018784405735268492,,0.09366639232731626,0.01581783493565558,0.002459423911023673,,174.22138513818598,197.30748957342993,153.83648692246896,0.9,2.0,"flat-plate approximation: dome/curvature not modelled | linear modal regime: chaotic broadband regime at ff not modelled | AmplitudeLayer refused: fill_fraction=0.900 > 0.6 (vector mostly residual fill, not a measurement); using equipartition (internal_default)",,,,,,
plate,cymbal_18in_medium,5,,internal_default,,0.0,,0.0,0.0,0.0,,220.18573768342424,245.71677022503872,197.30748957342993,0.9,0.0,"flat-plate approximation: dome/curvature not modelled | linear modal regime: chaotic broadband regime at ff not modelled | AmplitudeLayer refused: fill_fraction=0.900 > 0.6 (vector mostly residual fill, not a measurement); using equipartition (internal_default)",,,,,,
plate,cymbal_18in_medium,6,,internal_default,,0.0028005208271336545,,0.10543219657669453,0.021964670411926332,0.0036864886029043713,,271.33552007714667,299.62531408868983,245.71677022503872,0.9,3.0,"flat-plate approximation: dome/curvature not modelled | linear modal regime: chaotic broadband regime at ff not modelled | AmplitudeLayer refused: fill_fraction=0.900 > 0.6 (vector mostly residual fill, not a measurement); using equipartition (internal_default)",,,,,,
plate,cymbal_18in_medium,7,,internal_default,,0.0027909952530340548,,0.08981302914022028,0.02103829735169869,0.0036850111884667116,,328.2721301869142,359.65783393574134,299.62531408868983,0.9,3.0,"flat-plate approximation: dome/curvature not modelled | linear modal regime: chaotic broadband regime at ff not modelled | AmplitudeLayer refused: fill_fraction=0.900 > 0.6 (vector mostly residual fill, not a measurement); using equipartition (internal_default)",,,,,,
plate,cymbal_18in_medium,8,,internal_default,,0.0037076450457825456,,0.1006914480030717,0.026774198650327832,0.004911219374884772,,391.6601411572962,426.51000950742576,359.65783393574134,0.9,4.0,"flat-plate approximation: dome/curvature not modelled | linear modal regime: chaotic broadband regime at ff not modelled | AmplitudeLayer refused: fill_fraction=0.900 > 0.6 (vector mostly residual fill, not a measurement); using equipartition (internal_default)",,,,,,
plate,cymbal_18in_medium,9,,internal_default,,0.0,,0.0,0.0,0.0,,462.2369334140603,500.9565493170786,426.51000950742576,0.9,0.0,"flat-plate approximation: dome/curvature not modelled | linear modal regime: chaotic broadband regime at ff not modelled | AmplitudeLayer refused: fill_fraction=0.900 > 0.6 (vector mostly residual fill, not a measurement); using equipartition (internal_default)",,,,,,
plate,cymbal_18in_medium,10,,internal_default,,0.0036769877097040378,,0.06806473775620753,0.024100057732217395,0.004906413624372079,,540.822128965883,583.8601682679283,500.9565493170786,0.9,4.0,"flat-plate approximation: dome/curvature not modelled | linear modal regime: chaotic broadband regime at ff not modelled | AmplitudeLayer refused: fill_fraction=0.900 > 0.6 (vector mostly residual fill, not a measurement); using equipartition (internal_default)",,,,,,
plate,cymbal_18in_medium,11,,internal_default,,0.004575029572613199,,0.06818158364344196,0.02838696400252429,0.006129622910611539,,628.3275372521083,676.1815851225036,583.8601682679283,0.9,5.0,"flat-plate approximation: dome/curvature not modelled | linear modal regime: chaotic broadband regime at ff not modelled | AmplitudeLayer refused: fill_fraction=0.900 > 0.6 (vector mostly residual fill, not a measurement); using equipartition (internal_default)",,,,,,
plate,cymbal_18in_medium,12,,internal_default,,0.004553223618781537,,0.05358854538564801,0.026616854481087616,0.006125933388458144,,725.7679631618286,778.9906556781491,676.1815851225036,0.9,5.0,"flat-plate approximation: dome/curvature not modelled | linear modal regime: chaotic broadband regime at ff not modelled | AmplitudeLayer refused: fill_fraction=0.900 > 0.6 (vector mostly residual fill, not a measurement); using equipartition (internal_default)",,,,,,
plate,cymbal_18in_medium,13,,internal_default,,0.005440059784503525,,0.04947557852243217,0.029803035162140716,0.00734630339525492,,834.2731048009164,893.4787706641346,778.9906556781491,0.9,6.0,"flat-plate approximation: dome/curvature not modelled | linear modal regime: chaotic broadband regime at ff not modelled | AmplitudeLayer refused: fill_fraction=0.900 > 0.6 (vector mostly residual fill, not a measurement); using equipartition (internal_default)",,,,,,
plate,cymbal_18in_medium,14,,internal_default,,0.005426965242722741,,0.037183550659174135,0.027702180657204954,0.0073410597735224,,955.1007271246142,1020.9726620319176,893.4787706641346,0.9,6.0,"flat-plate approximation: dome/curvature not modelled | linear modal regime: chaotic broadband regime at ff not modelled | AmplitudeLayer refused: fill_fraction=0.900 > 0.6 (vector mostly residual fill, not a measurement); using equipartition (internal_default)",,,,,,
plate,cymbal_18in_medium,15,,internal_default,,0.0054434359216921045,,0.0272358670276964,0.025725607711478356,0.007335348234413701,,1089.651288384257,1162.94977763112,1020.9726620319176,0.9,6.0,"flat-plate approximation: dome/curvature not modelled | linear modal regime: chaotic broadband regime at ff not modelled | AmplitudeLayer refused: fill_fraction=0.900 > 0.6 (vector mostly residual fill, not a measurement); using equipartition (internal_default)",,,,,,
plate,cymbal_18in_medium,16,,internal_default,,0.009209123794825632,,0.03232426191738111,0.04001420178591676,0.012215207040513772,,1239.484201797112,1321.055402438827,1162.94977763112,0.9,10.0,"flat-plate approximation: dome/curvature not modelled | linear modal regime: chaotic broadband regime at ff not modelled | AmplitudeLayer refused: fill_fraction=0.900 > 0.6 (vector mostly residual fill, not a measurement); using equipartition (internal_default)",,,,,,
plate,cymbal_18in_medium,17,,internal_default,,0.0038207815974464444,,0.008926766763645604,0.015147002290141,0.004881559505681986,,1406.3359280729921,1497.1217247495472,1321.055402438827,0.9,4.0,"flat-plate approximation: dome/curvature not modelled | linear modal regime: chaotic broadband regime at ff not modelled | AmplitudeLayer refused: fill_fraction=0.900 > 0.6 (vector mostly residual fill, not a measurement); using equipartition (internal_default)",,,,,,
plate,cymbal_18in_medium,18,,internal_default,,0.004092074481050593,,0.00595766396545028,0.01467751412491355,0.00487662703783519,,1592.1401126215692,1693.1890682721116,1497.1217247495472,0.9,4.0,"flat-plate approximation: dome/curvature not modelled | linear modal regime: chaotic broadband regime at ff not modelled | AmplitudeLayer refused: fill_fraction=0.900 > 0.6 (vector mostly residual fill, not a measurement); using equipartition (internal_default)",,,,,,
plate,cymbal_18in_medium,19,,internal_default,,0.006826943953996381,,0.005746647974792905,0.02195212308877408,0.007306870655014965,,1799.050003290016,1911.5295361791561,1693.1890682721116,0.9,6.0,"flat-plate approximation: dome/curvature not modelled | linear modal regime: chaotic broadband regime at ff not modelled | AmplitudeLayer refused: fill_fraction=0.900 > 0.6 (vector mostly residual fill, not a measurement); using equipartition (internal_default)",,,,,,
plate,cymbal_18in_medium,20,,internal_default,,0.002616428935637115,,0.0011826704245294405,0.007466641647017077,0.0024326889972285915,,2029.4634099536993,2154.6733411054515,1911.5295361791561,0.9,2.0,"flat-plate approximation: dome/curvature not modelled | linear modal regime: chaotic broadband regime at ff not modelled | AmplitudeLayer refused: fill_fraction=0.900 > 0.6 (vector mostly residual fill, not a measurement); using equipartition (internal_default)",,,,,,
plate,cymbal_18in_medium,21,,internal_default,,0.004593780864462787,,0.0010475181406498595,0.01150695095894494,0.0036442307327984556,,2286.0504961747515,2425.4381262171387,2154.6733411054515,0.9,3.0,"flat-plate approximation: dome/curvature not modelled | linear modal regime: chaotic broadband regime at ff not modelled | AmplitudeLayer refused: fill_fraction=0.900 > 0.6 (vector mostly residual fill, not a measurement); using equipartition (internal_default)",,,,,,
plate,cymbal_18in_medium,22,,internal_default,,0.03387498011014335,,0.0037212349925673065,0.07358569776218084,0.022988409578485008,,2571.784725619831,2726.9616171356174,2425.4381262171387,0.9,18.951750093295402,"flat-plate approximation: dome/curvature not modelled | linear modal regime: chaotic broadband regime at ff not modelled | AmplitudeLayer refused: fill_fraction=0.900 > 0.6 (vector mostly residual fill, not a measurement); using equipartition (internal_default)",,,,,,
plate,cymbal_18in_medium,23,,internal_default,,0.04306756135702941,,0.0022089492439981147,0.08006452613814298,0.02555964528249384,,2889.9773222733784,3062.7379830990285,2726.9616171356174,0.9,21.104656740306666,"flat-plate approximation: dome/curvature not modelled | linear modal regime: chaotic broadband regime at ff not modelled | AmplitudeLayer refused: fill_fraction=0.900 > 0.6 (vector mostly residual fill, not a measurement); using equipartition (internal_default)",,,,,,
plate,cymbal_18in_medium,24,,internal_default,,0.05277284048266415,,0.0012366528354785656,0.08275233681653629,0.028414310834772666,,3244.3156440657726,3436.658328728339,3062.7379830990285,0.9,23.502132200642553,"flat-plate approximation: dome/curvature not modelled | linear modal regime: chaotic broadband regime at ff not modelled | AmplitudeLayer refused: fill_fraction=0.900 > 0.6 (vector mostly residual fill, not a measurement); using equipartition (internal_default)",,,,,,
plate,cymbal_18in_medium,25,,internal_default,,0.06175211057709213,,0.0006493163908025484,0.08039106861504679,0.03158273948718487,,3638.905914797386,3853.0557856320793,3436.658328728339,0.9,26.171959334528278,"flat-plate approximation: dome/curvature not modelled | linear modal regime: chaotic broadband regime at ff not modelled | AmplitudeLayer refused: fill_fraction=0.900 > 0.6 (vector mostly residual fill, not a measurement); using equipartition (internal_default)",,,,,,
plate,cymbal_18in_medium,26,,internal_default,,0.06869720022703633,,0.00031780929953493647,0.072968076211631,0.035098311426228254,,4078.320809686421,4316.755726388418,3853.0557856320793,0.9,29.14507711727828,"flat-plate approximation: dome/curvature not modelled | linear modal regime: chaotic broadband regime at ff not modelled | AmplitudeLayer refused: fill_fraction=0.900 > 0.6 (vector mostly residual fill, not a measurement); using equipartition (internal_default)",,,,,,
plate,cymbal_18in_medium,27,,internal_default,,0.07262273869870967,,0.00014404032355669395,0.0617503806242212,0.03899771547653322,,4567.652446074554,4833.131682803398,4316.755726388418,0.9,32.45593917194645,"flat-plate approximation: dome/curvature not modelled | linear modal regime: chaotic broadband regime at ff not modelled | AmplitudeLayer refused: fill_fraction=0.900 > 0.6 (vector mostly residual fill, not a measurement); using equipartition (internal_default)",,,,,,
plate,cymbal_18in_medium,28,,internal_default,,0.07318553186713678,,6.001242273068417e-05,0.048788414425277156,0.04332122299180002,,5112.571393434344,5408.167616447384,4833.131682803398,0.9,36.14291303105149,"flat-plate approximation: dome/curvature not modelled | linear modal regime: chaotic broadband regime at ff not modelled | AmplitudeLayer refused: fill_fraction=0.900 > 0.6 (vector mostly residual fill, not a measurement); using equipartition (internal_default)",,,,,,
plate,cymbal_18in_medium,29,,internal_default,,0.07078990884980356,,2.2801897388508735e-05,0.03616433933438577,0.04811297178279064,,5719.392386557584,6048.527263084527,5408.167616447384,0.9,40.24872475418245,"flat-plate approximation: dome/curvature not modelled | linear modal regime: chaotic broadband regime at ff not modelled | AmplitudeLayer refused: fill_fraction=0.900 > 0.6 (vector mostly residual fill, not a measurement); using equipartition (internal_default)",,,,,,
plate,cymbal_18in_medium,30,,internal_default,,0.06643537651022491,,7.832118137016476e-06,0.025367662591708393,0.05342125701230468,,6395.147503469621,6761.631354584867,6048.527263084527,0.9,44.820954053874274,"flat-plate approximation: dome/curvature not modelled | linear modal regime: chaotic broadband regime at ff not modelled | AmplitudeLayer refused: fill_fraction=0.900 > 0.6 (vector mostly residual fill, not a measurement); using equipartition (internal_default)",,,,,,
plate,cymbal_18in_medium,31,,internal_default,,0.061382648978619794,,2.4088680516505774e-06,0.017046093609259825,0.059298824846412544,,7147.667656109318,7555.743613196125,6761.631354584867,0.9,49.91258566746916,"flat-plate approximation: dome/curvature not modelled | linear modal regime: chaotic broadband regime at ff not modelled | AmplitudeLayer refused: fill_fraction=0.900 > 0.6 (vector mostly residual fill, not a measurement); using equipartition (internal_default)",,,,,,
plate,cymbal_18in_medium,32,,internal_default,,0.056786951704107476,,6.564882666281099e-07,0.01113082443702021,0.06580316324865515,,7985.673338139188,8440.066514709539,7555.743613196125,0.9,55.58262336446373,"flat-plate approximation: dome/curvature not modelled | linear modal regime: chaotic broadband regime at ff not modelled | AmplitudeLayer refused: fill_fraction=0.900 > 0.6 (vector mostly residual fill, not a measurement); using equipartition (internal_default)",,,,,,
plate,cymbal_18in_medium,33,,internal_default,,0.053438211345506956,,1.5672781764691143e-07,0.007154845342615594,0.07299678259352227,,8918.87568152042,9424.847930259928,8440.066514709539,0.9,61.89677370470141,"flat-plate approximation: dome/curvature not modelled | linear modal regime: chaotic broadband regime at ff not modelled | AmplitudeLayer refused: fill_fraction=0.900 > 0.6 (vector mostly residual fill, not a measurement); using equipartition (internal_default)",,,,,,
plate,cymbal_18in_medium,34,,internal_default,,0.05167434803505769,,3.236868331377007e-08,0.0045594789201729375,0.08094747670622351,,9958.08899294587,10521.49988256573,9424.847930259928,0.9,68.92820747104965,"flat-plate approximation: dome/curvature not modelled | linear modal regime: chaotic broadband regime at ff not modelled | AmplitudeLayer refused: fill_fraction=0.900 > 0.6 (vector mostly residual fill, not a measurement); using equipartition (internal_default)",,,,,,
plate,cymbal_18in_medium,35,,internal_default,,0.051447683083920934,,5.704316925046243e-09,0.0028763720743373708,0.08972855245224073,,11115.35607425443,11742.730792801776,10521.49988256573,0.9,76.7584076003507,"flat-plate approximation: dome/curvature not modelled | linear modal regime: chaotic broadband regime at ff not modelled | AmplitudeLayer refused: fill_fraction=0.900 > 0.6 (vector mostly residual fill, not a measurement); using equipartition (internal_default)",,,,,,
plate,cymbal_18in_medium,36,,internal_default,,0.05247167204292077,,8.450029161237305e-10,0.0017806383769135023,0.09941901304355082,,12404.08777909383,13102.692750631822,11742.730792801776,0.9,85.4781134387704,"flat-plate approximation: dome/curvature not modelled | linear modal regime: chaotic broadband regime at ff not modelled | AmplitudeLayer refused: fill_fraction=0.900 > 0.6 (vector mostly residual fill, not a measurement); using equipartition (internal_default)",,,,,,
plate,cymbal_18in_medium,37,,internal_default,,0.05437092241645323,,1.0350185198856335e-10,0.0010684503843502657,0.11010367673886992,,13839.218423072582,14617.145514022386,13102.692750631822,0.9,95.18837226396558,"flat-plate approximation: dome/curvature not modelled | linear modal regime: chaotic broadband regime at ff not modelled | AmplitudeLayer refused: fill_fraction=0.900 > 0.6 (vector mostly residual fill, not a measurement); using equipartition (internal_default)",,,,,,
plate,cymbal_46cm_medium,0,,internal_default,,0.0009668914801501737,,0.08726914537772162,0.009797471307346551,0.0012454458739732466,,31.070005997851133,48.26726363532532,19.999999999999982,0.9,1.0,"flat-plate approximation: dome/curvature not modelled | linear modal regime: chaotic broadband regime at ff not modelled | AmplitudeLayer refused: fill_fraction=0.900 > 0.6 (vector mostly residual fill, not a measurement); using equipartition (internal_default)",,,,,,
plate,cymbal_46cm_medium,1,,internal_default,,0.0,,0.0,0.0,0.0,,62.04115804080137,79.74567027716589,48.26726363532532,0.9,0.0,"flat-plate approximation: dome/curvature not modelled | linear modal regime: chaotic broadband regime at ff not modelled | AmplitudeLayer refused: fill_fraction=0.900 > 0.6 (vector mostly residual fill, not a measurement); using equipartition (internal_default)",,,,,,
plate,cymbal_46cm_medium,2,,internal_default,,0.0009620686894408055,,0.06897080627078778,0.009197059182549521,0.0012447134134033473,,95.6807360113951,114.80000371009025,79.74567027716589,0.9,1.0,"flat-plate approximation: dome/curvature not modelled | linear modal regime: chaotic broadband regime at ff not modelled | AmplitudeLayer refused: fill_fraction=0.900 > 0.6 (vector mostly residual fill, not a measurement); using equipartition (internal_default)",,,,,,
plate,cymbal_46cm_medium,3,,internal_default,,0.0009595707687668183,,0.06102847894897795,0.008899580847038109,0.0012443327676362795,,132.8925478326256,153.83648692246896,114.80000371009025,0.9,1.0,"flat-plate approximation: dome/curvature not modelled | linear modal regime: chaotic broadband regime at ff not modelled | AmplitudeLayer refused: fill_fraction=0.900 > 0.6 (vector mostly residual fill, not a measurement); using equipartition (internal_default)",,,,,,
plate,cymbal_46cm_medium,4,,internal_default,,0.0019138646200263648,,0.10722350813758268,0.017190016998489502,0.00248785951061599,,174.22138513818598,197.30748957342993,153.83648692246896,0.9,2.0,"flat-plate approximation: dome/curvature not modelled | linear modal regime: chaotic broadband regime at ff not modelled | AmplitudeLayer refused: fill_fraction=0.900 > 0.6 (vector mostly residual fill, not a measurement); using equipartition (internal_default)",,,,,,
plate,cymbal_46cm_medium,5,,internal_default,,0.0019082429298962528,,0.09336194966176281,0.016562238310044615,0.0024869986633681705,,220.18573768342424,245.71677022503872,197.30748957342993,0.9,2.0,"flat-plate approximation: dome/curvature not modelled | linear modal regime: chaotic broadband regime at ff not modelled | AmplitudeLayer refused: fill_fraction=0.900 > 0.6 (vector mostly residual fill, not a measurement); using equipartition (internal_default)",,,,,,
plate,cymbal_46cm_medium,6,,internal_default,,0.0,,0.0,0.0,0.0,,271.33552007714667,299.62531408868983,245.71677022503872,0.9,0.0,"flat-plate approximation: dome/curvature not modelled | linear modal regime: chaotic broadband regime at ff not modelled | AmplitudeLayer refused: fill_fraction=0.900 > 0.6 (vector mostly residual fill, not a measurement); using equipartition (internal_default)",,,,,,
plate,cymbal_46cm_medium,7,,internal_default,,0.001895752304588254,,0.06854161043678779,0.015242233026458475,0.0024850779325085604,,328.2721301869142,359.65783393574134,299.62531408868983,0.9,2.0,"flat-plate approximation: dome/curvature not modelled | linear modal regime: chaotic broadband regime at ff not modelled | AmplitudeLayer refused: fill_fraction=0.900 > 0.6 (vector mostly residual fill, not a measurement); using equipartition (internal_default)",,,,,,
plate,cymbal_46cm_medium,8,,internal_default,,0.0028331734751460666,,0.08644901890168447,0.02182262609543069,0.003726001781076545,,391.6601411572962,426.51000950742576,359.65783393574134,0.9,3.0,"flat-plate approximation: dome/curvature not modelled | linear modal regime: chaotic broadband regime at ff not modelled | AmplitudeLayer refused: fill_fraction=0.900 > 0.6 (vector mostly residual fill, not a measurement); using equipartition (internal_default)",,,,,,
plate,cymbal_46cm_medium,9,,internal_default,,0.0028218962135330337,,0.0716467748049862,0.02074855870493968,0.003724252771240057,,462.2369334140603,500.9565493170786,426.51000950742576,0.9,3.0,"flat-plate approximation: dome/curvature not modelled | linear modal regime: chaotic broadband regime at ff not modelled | AmplitudeLayer refused: fill_fraction=0.900 > 0.6 (vector mostly residual fill, not a measurement); using equipartition (internal_default)",,,,,,
plate,cymbal_46cm_medium,10,,internal_default,,0.002809746865984797,,0.05843723491438001,0.019643036030213133,0.0037223557955070002,,540.822128965883,583.8601682679283,500.9565493170786,0.9,3.0,"flat-plate approximation: dome/curvature not modelled | linear modal regime: chaotic broadband regime at ff not modelled | AmplitudeLayer refused: fill_fraction=0.900 > 0.6 (vector mostly residual fill, not a measurement); using equipartition (internal_default)",,,,,,
plate,cymbal_46cm_medium,11,,internal_default,,0.003729045191207308,,0.062440056946605274,0.024679604799210303,0.0049603943708288354,,628.3275372521083,676.1815851225036,583.8601682679283,0.9,4.0,"flat-plate approximation: dome/curvature not modelled | linear modal regime: chaotic broadband regime at ff not modelled | AmplitudeLayer refused: fill_fraction=0.900 > 0.6 (vector mostly residual fill, not a measurement); using equipartition (internal_default)",,,,,,
plate,cymbal_46cm_medium,12,,internal_default,,0.003711271450953821,,0.049075888924258564,0.023140672934693487,0.004957408626813643,,725.7679631618286,778.9906556781491,676.1815851225036,0.9,4.0,"flat-plate approximation: dome/curvature not modelled | linear modal regime: chaotic broadband regime at ff not modelled | AmplitudeLayer refused: fill_fraction=0.900 > 0.6 (vector mostly residual fill, not a measurement); using equipartition (internal_default)",,,,,,
plate,cymbal_46cm_medium,13,,internal_default,,0.003695099754239748,,0.037757726932078545,0.021592279985547684,0.004954160386323514,,834.2731048009164,893.4787706641346,778.9906556781491,0.9,4.0,"flat-plate approximation: dome/curvature not modelled | linear modal regime: chaotic broadband regime at ff not modelled | AmplitudeLayer refused: fill_fraction=0.900 > 0.6 (vector mostly residual fill, not a measurement); using equipartition (internal_default)",,,,,,
plate,cymbal_46cm_medium,14,,internal_default,,0.008293962224734221,,0.06384815269850178,0.04515797752944916,0.011138904497327854,,955.1007271246142,1020.9726620319176,893.4787706641346,0.9,9.0,"flat-plate approximation: dome/curvature not modelled | linear modal regime: chaotic broadband regime at ff not modelled | AmplitudeLayer refused: fill_fraction=0.900 > 0.6 (vector mostly residual fill, not a measurement); using equipartition (internal_default)",,,,,,
plate,cymbal_46cm_medium,15,,internal_default,,0.0036973929576584563,,0.02078529368835785,0.018638186395533086,0.004946772504154037,,1089.651288384257,1162.94977763112,1020.9726620319176,0.9,4.0,"flat-plate approximation: dome/curvature not modelled | linear modal regime: chaotic broadband regime at ff not modelled | AmplitudeLayer refused: fill_fraction=0.900 > 0.6 (vector mostly residual fill, not a measurement); using equipartition (internal_default)",,,,,,
plate,cymbal_46cm_medium,16,,internal_default,,0.004691395740901194,,0.01850141056264899,0.021742697773713678,0.006178218987314925,,1239.484201797112,1321.055402438827,1162.94977763112,0.9,5.0,"flat-plate approximation: dome/curvature not modelled | linear modal regime: chaotic broadband regime at ff not modelled | AmplitudeLayer refused: fill_fraction=0.900 > 0.6 (vector mostly residual fill, not a measurement); using equipartition (internal_default)",,,,,,
plate,cymbal_46cm_medium,17,,internal_default,,0.0077856694784558715,,0.02043762388924458,0.03292198052424446,0.009875999162579438,,1406.3359280729921,1497.1217247495472,1321.055402438827,0.9,8.0,"flat-plate approximation: dome/curvature not modelled | linear modal regime: chaotic broadband regime at ff not modelled | AmplitudeLayer refused: fill_fraction=0.900 > 0.6 (vector mostly residual fill, not a measurement); using equipartition (internal_default)",,,,,,
plate,cymbal_46cm_medium,18,,internal_default,,0.004169243723846522,,0.006819966209952395,0.015950774447272782,0.00493301008477045,,1592.1401126215692,1693.1890682721116,1497.1217247495472,0.9,4.0,"flat-plate approximation: dome/curvature not modelled | linear modal regime: chaotic broadband regime at ff not modelled | AmplitudeLayer refused: fill_fraction=0.900 > 0.6 (vector mostly residual fill, not a measurement); using equipartition (internal_default)",,,,,,
plate,cymbal_46cm_medium,19,,internal_default,,0.00695568796830496,,0.006578408120340645,0.023856448786068997,0.007391351922065985,,1799.050003290016,1911.5295361791561,1693.1890682721116,0.9,6.0,"flat-plate approximation: dome/curvature not modelled | linear modal regime: chaotic broadband regime at ff not modelled | AmplitudeLayer refused: fill_fraction=0.900 > 0.6 (vector mostly residual fill, not a measurement); using equipartition (internal_default)",,,,,,
plate,cymbal_46cm_medium,20,,internal_default,,0.006664425323457723,,0.003384620372840728,0.020285914184205264,0.00615203872642573,,2029.4634099536993,2154.6733411054515,1911.5295361791561,0.9,5.0,"flat-plate approximation: dome/curvature not modelled | linear modal regime: chaotic broadband regime at ff not modelled | AmplitudeLayer refused: fill_fraction=0.900 > 0.6 (vector mostly residual fill, not a measurement); using equipartition (internal_default)",,,,,,
plate,cymbal_46cm_medium,21,,internal_default,,0.006240548529139681,,0.0015988455352017059,0.01667355727587974,0.004915153258362354,,2286.0504961747515,2425.4381262171387,2154.6733411054515,0.9,4.0,"flat-plate approximation: dome/curvature not modelled | linear modal regime: chaotic broadband regime at ff not modelled | AmplitudeLayer refused: fill_fraction=0.900 > 0.6 (vector mostly residual fill, not a measurement); using equipartition (internal_default)",,,,,,
plate,cymbal_46cm_medium,22,,internal_default,,0.0036422812441076753,,0.00044954584717971514,0.008439240315024688,0.0024540424001404343,,2571.784725619831,2726.9616171356174,2425.4381262171387,0.9,2.0,"flat-plate approximation: dome/curvature not modelled | linear modal regime: chaotic broadband regime at ff not modelled | AmplitudeLayer refused: fill_fraction=0.900 > 0.6 (vector mostly residual fill, not a measurement); using equipartition (internal_default)",,,,,,
plate,cymbal_46cm_medium,23,,internal_default,,0.04445773145420406,,0.0025619769577733694,0.08815616067139899,0.026195732484624326,,2889.9773222733784,3062.7379830990285,2726.9616171356174,0.9,21.382651419201864,"flat-plate approximation: dome/curvature not modelled | linear modal regime: chaotic broadband regime at ff not modelled | AmplitudeLayer refused: fill_fraction=0.900 > 0.6 (vector mostly residual fill, not a measurement); using equipartition (internal_default)",,,,,,
plate,cymbal_46cm_medium,24,,internal_default,,0.054476285545963364,,0.0014342910222449143,0.09111561202204979,0.029121440346140955,,3244.3156440657726,3436.658328728339,3062.7379830990285,0.9,23.811706896638068,"flat-plate approximation: dome/curvature not modelled | linear modal regime: chaotic broadband regime at ff not modelled | AmplitudeLayer refused: fill_fraction=0.900 > 0.6 (vector mostly residual fill, not a measurement); using equipartition (internal_default)",,,,,,
plate,cymbal_46cm_medium,25,,internal_default,,0.06374539589106742,,0.0007530882097271574,0.0885157048097144,0.032368719737457724,,3638.905914797386,3853.0557856320793,3436.658328728339,0.9,26.516701517298067,"flat-plate approximation: dome/curvature not modelled | linear modal regime: chaotic broadband regime at ff not modelled | AmplitudeLayer refused: fill_fraction=0.900 > 0.6 (vector mostly residual fill, not a measurement); using equipartition (internal_default)",,,,,,
plate,cymbal_46cm_medium,26,,internal_default,,0.0709146648455585,,0.0003686006387819462,0.08034251572658627,0.035971781557283054,,4078.320809686421,4316.755726388418,3853.0557856320793,0.9,29.52898179074874,"flat-plate approximation: dome/curvature not modelled | linear modal regime: chaotic broadband regime at ff not modelled | AmplitudeLayer refused: fill_fraction=0.900 > 0.6 (vector mostly residual fill, not a measurement); using equipartition (internal_default)",,,,,,
plate,cymbal_46cm_medium,27,,internal_default,,0.07496691507027003,,0.0001670604206706642,0.06799111589615096,0.03996822768250421,,4567.652446074554,4833.131682803398,4316.755726388418,0.9,32.883455169925966,"flat-plate approximation: dome/curvature not modelled | linear modal regime: chaotic broadband regime at ff not modelled | AmplitudeLayer refused: fill_fraction=0.900 > 0.6 (vector mostly residual fill, not a measurement); using equipartition (internal_default)",,,,,,
plate,cymbal_46cm_medium,28,,internal_default,,0.0755478745385523,,6.960343006246951e-05,0.05371916263585459,0.04439933167528002,,5112.571393434344,5408.167616447384,4833.131682803398,0.9,36.61899457201373,"flat-plate approximation: dome/curvature not modelled | linear modal regime: chaotic broadband regime at ff not modelled | AmplitudeLayer refused: fill_fraction=0.900 > 0.6 (vector mostly residual fill, not a measurement); using equipartition (internal_default)",,,,,,
plate,cymbal_46cm_medium,29,,internal_default,,0.07307492363503598,,2.644602897128497e-05,0.03981924908212606,0.04931032977697454,,5719.392386557584,6048.527263084527,5408.167616447384,0.9,40.77888885263997,"flat-plate approximation: dome/curvature not modelled | linear modal regime: chaotic broadband regime at ff not modelled | AmplitudeLayer refused: fill_fraction=0.900 > 0.6 (vector mostly residual fill, not a measurement); using equipartition (internal_default)",,,,,,
plate,cymbal_46cm_medium,30,,internal_default,,0.0685798321262144,,9.083824018191083e-06,0.02793141790952405,0.05475071904245753,,6395.147503469621,6761.631354584867,6048.527263084527,0.9,45.41134445364735,"flat-plate approximation: dome/curvature not modelled | linear modal regime: chaotic broadband regime at ff not modelled | AmplitudeLayer refused: fill_fraction=0.900 > 0.6 (vector mostly residual fill, not a measurement); using equipartition (internal_default)",,,,,,
plate,cymbal_46cm_medium,31,,internal_default,,0.06336400850784975,,2.7938461960651907e-06,0.018768838579583096,0.0607745582992557,,7147.667656109318,7555.743613196125,6761.631354584867,0.9,50.570044037732885,"flat-plate approximation: dome/curvature not modelled | linear modal regime: chaotic broadband regime at ff not modelled | AmplitudeLayer refused: fill_fraction=0.900 > 0.6 (vector mostly residual fill, not a measurement); using equipartition (internal_default)",,,,,,
plate,cymbal_46cm_medium,32,,internal_default,,0.05861996754436626,,7.614062734667495e-07,0.012255749141411794,0.0674407661785691,,7985.673338139188,8440.066514709539,7555.743613196125,0.9,56.31476858362034,"flat-plate approximation: dome/curvature not modelled | linear modal regime: chaotic broadband regime at ff not modelled | AmplitudeLayer refused: fill_fraction=0.900 > 0.6 (vector mostly residual fill, not a measurement); using equipartition (internal_default)",,,,,,
plate,cymbal_46cm_medium,33,,internal_default,,0.05516313379568183,,1.8177559242001143e-07,0.007877942030336243,0.07481340871220492,,8918.87568152042,9424.847930259928,8440.066514709539,0.9,62.71209015084975,"flat-plate approximation: dome/curvature not modelled | linear modal regime: chaotic broadband regime at ff not modelled | AmplitudeLayer refused: fill_fraction=0.900 > 0.6 (vector mostly residual fill, not a measurement); using equipartition (internal_default)",,,,,,
plate,cymbal_46cm_medium,34,,internal_default,,0.05334233505744359,,3.7541750236526975e-08,0.005020277714141545,0.08296196686868487,,9958.08899294587,10521.49988256573,9424.847930259928,0.9,69.83614334219511,"flat-plate approximation: dome/curvature not modelled | linear modal regime: chaotic broadband regime at ff not modelled | AmplitudeLayer refused: fill_fraction=0.900 > 0.6 (vector mostly residual fill, not a measurement); using equipartition (internal_default)",,,,,,
plate,cymbal_46cm_medium,35,,internal_default,,0.053108353628957765,,6.615963930141616e-09,0.0031670694996495962,0.09196157185645198,,11115.35607425443,11742.730792801776,10521.49988256573,0.9,77.76948440372809,"flat-plate approximation: dome/curvature not modelled | linear modal regime: chaotic broadband regime at ff not modelled | AmplitudeLayer refused: fill_fraction=0.900 > 0.6 (vector mostly residual fill, not a measurement); using equipartition (internal_default)",,,,,,
plate,cymbal_46cm_medium,36,,internal_default,,0.054165395744110036,,9.80048774883552e-10,0.001960596664020757,0.10189319299192282,,12404.08777909383,13102.692750631822,11742.730792801776,0.9,86.60404791808347,"flat-plate approximation: dome/curvature not modelled | linear modal regime: chaotic broadband regime at ff not modelled | AmplitudeLayer refused: fill_fraction=0.900 > 0.6 (vector mostly residual fill, not a measurement); using equipartition (internal_default)",,,,,,
plate,cymbal_46cm_medium,37,,internal_default,,0.056125951680185145,,1.2004321086238388e-10,0.0011764321640982949,0.11284375935375177,,13839.218423072582,14617.145514022386,13102.692750631822,0.9,96.44221217748284,"flat-plate approximation: dome/curvature not modelled | linear modal regime: chaotic broadband regime at ff not modelled | AmplitudeLayer refused: fill_fraction=0.900 > 0.6 (vector mostly residual fill, not a measurement); using equipartition (internal_default)",,,,,,
plate,gong_50cm_bronze,0,,internal_default,,0.0,,0.0,0.0,0.0,,31.070005997851133,48.26726363532532,19.999999999999982,,0.0,flat-plate approximation: dome/curvature not modelled | linear modal regime: chaotic broadband regime at ff not modelled,,,,,,
plate,gong_50cm_bronze,1,,internal_default,,0.0015215055236040148,,0.11561188186782287,0.015682697767884408,0.0018466920490304416,,62.04115804080137,79.74567027716589,48.26726363532532,,1.0,flat-plate approximation: dome/curvature not modelled | linear modal regime: chaotic broadband regime at ff not modelled,,,,,,
plate,gong_50cm_bronze,2,,internal_default,,0.0,,0.0,0.0,0.0,,95.6807360113951,114.80000371009025,79.74567027716589,,0.0,flat-plate approximation: dome/curvature not modelled | linear modal regime: chaotic broadband regime at ff not modelled,,,,,,
plate,gong_50cm_bronze,3,,internal_default,,0.0015137728127998982,,0.09096392428305676,0.014703981691807692,0.0018455854008486846,,132.8925478326256,153.83648692246896,114.80000371009025,,1.0,flat-plate approximation: dome/curvature not modelled | linear modal regime: chaotic broadband regime at ff not modelled,,,,,,
plate,gong_50cm_bronze,4,,internal_default,,0.0015096105068408694,,0.07990917718713791,0.014200764034396908,0.0018449876558653577,,174.22138513818598,197.30748957342993,153.83648692246896,,1.0,flat-plate approximation: dome/curvature not modelled | linear modal regime: chaotic broadband regime at ff not modelled,,,,,,
plate,gong_50cm_bronze,5,,internal_default,,0.0,,0.0,0.0,0.0,,220.18573768342424,245.71677022503872,197.30748957342993,,0.0,flat-plate approximation: dome/curvature not modelled | linear modal regime: chaotic broadband regime at ff not modelled,,,,,,
plate,gong_50cm_bronze,6,,internal_default,,0.0030008548756517935,,0.11992917798499396,0.026292270961387247,0.0036873274457274187,,271.33552007714667,299.62531408868983,245.71677022503872,,2.0,flat-plate approximation: dome/curvature not modelled | linear modal regime: chaotic broadband regime at ff not modelled,,,,,,
plate,gong_50cm_bronze,7,,internal_default,,0.0029906478937207132,,0.10216236697007097,0.025183378769788062,0.003685849695111181,,328.2721301869142,359.65783393574134,299.62531408868983,,2.0,flat-plate approximation: dome/curvature not modelled | linear modal regime: chaotic broadband regime at ff not modelled,,,,,,
plate,gong_50cm_bronze,8,,internal_default,,0.0,,0.0,0.0,0.0,,391.6601411572962,426.51000950742576,359.65783393574134,,0.0,flat-plate approximation: dome/curvature not modelled | linear modal regime: chaotic broadband regime at ff not modelled,,,,,,
plate,gong_50cm_bronze,9,,internal_default,,0.002967792064000326,,0.07119377609410477,0.02285399223270661,0.0036825232619661107,,462.2369334140603,500.9565493170786,426.51000950742576,,2.0,flat-plate approximation: dome/curvature not modelled | linear modal regime: chaotic broadband regime at ff not modelled,,,,,,
plate,gong_50cm_bronze,10,,internal_default,,0.0044325218681302795,,0.08710163359153958,0.0324544320821468,0.005520971312201514,,540.822128965883,583.8601682679283,500.9565493170786,,3.0,flat-plate approximation: dome/curvature not modelled | linear modal regime: chaotic broadband regime at ff not modelled,,,,,,
plate,gong_50cm_bronze,11,,internal_default,,0.004412072104441814,,0.0698009279045272,0.030581928241829332,0.005517915909249166,,628.3275372521083,676.1815851225036,583.8601682679283,,3.0,flat-plate approximation: dome/curvature not modelled | linear modal regime: chaotic broadband regime at ff not modelled,,,,,,
plate,gong_50cm_bronze,12,,internal_default,,0.004391042854448034,,0.05486129821409454,0.028674948602867536,0.0055145945837313266,,725.7679631618286,778.9906556781491,676.1815851225036,,3.0,flat-plate approximation: dome/curvature not modelled | linear modal regime: chaotic broadband regime at ff not modelled,,,,,,
plate,gong_50cm_bronze,13,,internal_default,,0.005829212112974423,,0.056278496087398315,0.0356749935810229,0.007347975011403193,,834.2731048009164,893.4787706641346,778.9906556781491,,4.0,flat-plate approximation: dome/curvature not modelled | linear modal regime: chaotic broadband regime at ff not modelled,,,,,,
plate,gong_50cm_bronze,14,,internal_default,,0.005815180858799638,,0.042296308053055114,0.03316021713055405,0.007342730196509665,,955.1007271246142,1020.9726620319176,893.4787706641346,,4.0,flat-plate approximation: dome/curvature not modelled | linear modal regime: chaotic broadband regime at ff not modelled,,,,,,
plate,gong_50cm_bronze,15,,internal_default,,0.005832829760679471,,0.030980812791509767,0.030794208877784036,0.0073370173577676015,,1089.651288384257,1162.94977763112,1020.9726620319176,,4.0,flat-plate approximation: dome/curvature not modelled | linear modal regime: chaotic broadband regime at ff not modelled,,,,,,
plate,gong_50cm_bronze,16,,internal_default,,0.007400920867762721,,0.02757664845223435,0.0359235154430442,0.009163489914273093,,1239.484201797112,1321.055402438827,1162.94977763112,,5.0,flat-plate approximation: dome/curvature not modelled | linear modal regime: chaotic broadband regime at ff not modelled,,,,,,
plate,gong_50cm_bronze,17,,internal_default,,0.006141149339656713,,0.015231302696738521,0.027197022377050996,0.0073240054217467284,,1406.3359280729921,1497.1217247495472,1321.055402438827,,4.0,flat-plate approximation: dome/curvature not modelled | linear modal regime: chaotic broadband regime at ff not modelled,,,,,,
plate,gong_50cm_bronze,18,,internal_default,,0.0065771988940496314,,0.01016526875024639,0.02635403840630435,0.007316605036437387,,1592.1401126215692,1693.1890682721116,1497.1217247495472,,4.0,flat-plate approximation: dome/curvature not modelled | linear modal regime: chaotic broadband regime at ff not modelled,,,,,,
plate,gong_50cm_bronze,19,,internal_default,,0.016459439496480904,,0.01470783382939942,0.059123815864651416,0.016444199921472186,,1799.050003290016,1911.5295361791561,1693.1890682721116,,9.0,flat-plate approximation: dome/curvature not modelled | linear modal regime: chaotic broadband regime at ff not modelled,,,,,,
plate,gong_50cm_bronze,20,,internal_default,,0.008410782150482134,,0.004035864653672564,0.02681328173925483,0.007299727631871471,,2029.4634099536993,2154.6733411054515,1911.5295361791561,,4.0,flat-plate approximation: dome/curvature not modelled | linear modal regime: chaotic broadband regime at ff not modelled,,,,,,
plate,gong_50cm_bronze,21,,internal_default,,0.017228382484903437,,0.004170433488445106,0.048209398733201646,0.01275770986015953,,2286.0504961747515,2425.4381262171387,2154.6733411054515,,7.0,flat-plate approximation: dome/curvature not modelled | linear modal regime: chaotic broadband regime at ff not modelled,,,,,,
plate,gong_50cm_bronze,22,,internal_default,,0.008618832247756326,,0.0010050829164234736,0.020915103287058832,0.005459727025472091,,2571.784725619831,2726.9616171356174,2425.4381262171387,,3.0,flat-plate approximation: dome/curvature not modelled | linear modal regime: chaotic broadband regime at ff not modelled,,,,,,
plate,gong_50cm_bronze,23,,internal_default,,0.016399833459632477,,0.000892935953169448,0.03405857839612514,0.0090852441614885,,2889.9773222733784,3062.7379830990285,2726.9616171356174,,5.0,flat-plate approximation: dome/curvature not modelled | linear modal regime: chaotic broadband regime at ff not modelled,,,,,,
plate,gong_50cm_bronze,24,,internal_default,,0.0144364576875799,,0.0003591231364487829,0.02528876731788058,0.007255710111524139,,3244.3156440657726,3436.658328728339,3062.7379830990285,,4.0,flat-plate approximation: dome/curvature not modelled | linear modal regime: chaotic broadband regime at ff not modelled,,,,,,
plate,gong_50cm_bronze,25,,internal_default,,0.007584780371926068,,8.466286990552558e-05,0.011030526136280795,0.003621042534625463,,3638.905914797386,3853.0557856320793,3436.658328728339,,2.0,flat-plate approximation: dome/curvature not modelled | linear modal regime: chaotic broadband regime at ff not modelled,,,,,,
plate,gong_50cm_bronze,26,,internal_default,,0.07930404540216159,,0.00038946489799375884,0.09409930650127755,0.03782118670784022,,4078.320809686421,4316.755726388418,3853.0557856320793,,20.93264304637198,flat-plate approximation: dome/curvature not modelled | linear modal regime: chaotic broadband regime at ff not modelled,,,,,,
plate,gong_50cm_bronze,27,,internal_default,,0.08383568686872309,,0.00017651670358006301,0.07963301617102153,0.042023100778432326,,4567.652446074554,4833.131682803398,4316.755726388418,,23.310577861478706,flat-plate approximation: dome/curvature not modelled | linear modal regime: chaotic broadband regime at ff not modelled,,,,,,
plate,gong_50cm_bronze,28,,internal_default,,0.08448537528154727,,7.354326047528042e-05,0.0629173222191065,0.046682019635863777,,5112.571393434344,5408.167616447384,4833.131682803398,,25.958644545378352,flat-plate approximation: dome/curvature not modelled | linear modal regime: chaotic broadband regime at ff not modelled,,,,,,
plate,gong_50cm_bronze,29,,internal_default,,0.08171986815891075,,2.7942979181147224e-05,0.04663737113710744,0.0518455052372165,,5719.392386557584,6048.527263084527,5408.167616447384,,28.907529904990525,flat-plate approximation: dome/curvature not modelled | linear modal regime: chaotic broadband regime at ff not modelled,,,,,,
plate,gong_50cm_bronze,30,,internal_default,,0.07669299618710049,,9.59800451330994e-06,0.03271402483621549,0.05756559941285519,,6395.147503469621,6761.631354584867,6048.527263084527,,32.19140674880483,flat-plate approximation: dome/curvature not modelled | linear modal regime: chaotic broadband regime at ff not modelled,,,,,,
plate,gong_50cm_bronze,31,,internal_default,,0.07086012771142912,,2.9519889801506098e-06,0.021982566492982726,0.06389914029869029,,7147.667656109318,7555.743613196125,6761.631354584867,,35.84832989442312,flat-plate approximation: dome/curvature not modelled | linear modal regime: chaotic broadband regime at ff not modelled,,,,,,
plate,gong_50cm_bronze,32,,internal_default,,0.065554854947648,,8.045048907334124e-07,0.014354261681139412,0.07090807568976326,,7985.673338139188,8440.066514709539,7555.743613196125,,39.92067716230175,flat-plate approximation: dome/curvature not modelled | linear modal regime: chaotic broadband regime at ff not modelled,,,,,,
plate,gong_50cm_bronze,33,,internal_default,,0.061689069201491926,,1.920648124581664e-07,0.009226856727198538,0.0786597654233052,,8918.87568152042,9424.847930259928,8440.066514709539,,44.45564046610331,flat-plate approximation: dome/curvature not modelled | linear modal regime: chaotic broadband regime at ff not modelled,,,,,,
plate,gong_50cm_bronze,34,,internal_default,,0.059652865461124284,,3.9666762311352474e-08,0.00587988373369063,0.08722726266958836,,9958.08899294587,10521.49988256573,9424.847930259928,,49.50577269059199,flat-plate approximation: dome/curvature not modelled | linear modal regime: chaotic broadband regime at ff not modelled,,,,,,
plate,gong_50cm_bronze,35,,internal_default,,0.059391203449912444,,6.9904537487990826e-09,0.003709356632204102,0.09668956133269797,,11115.35607425443,11742.730792801776,10521.49988256573,,55.12959669451423,flat-plate approximation: dome/curvature not modelled | linear modal regime: chaotic broadband regime at ff not modelled,,,,,,
plate,gong_50cm_bronze,36,,internal_default,,0.06057329626632209,,1.0355234255704337e-09,0.002296303330118668,0.10713179357738153,,12404.08777909383,13102.692750631822,11742.730792801776,,61.39228349580585,flat-plate approximation: dome/curvature not modelled | linear modal regime: chaotic broadband regime at ff not modelled,,,,,,
plate,gong_50cm_bronze,37,,internal_default,,0.06276579082730734,,1.2683813307501934e-10,0.0013778688629090855,0.11864535773788316,,13839.218423072582,14617.145514022386,13102.692750631822,,68.36640749821562,flat-plate approximation: dome/curvature not modelled | linear modal regime: chaotic broadband regime at ff not modelled,,,,,,
plate,tamtam_80cm_bronze,0,,internal_default,0.0034745785934818044,,,0.13363128360684653,0.02933638410703728,0.0005096732743088775,,31.070005997851133,48.26726363532532,19.999999999999982,,1.0,flat-plate approximation: dome/curvature not modelled | linear modal regime: chaotic broadband regime at ff not modelled | tam-tam temporal template (literature_derived): slow HF bloom over ~1-2 s; HF emphasis in shimmer not bloom ([R] tam-tam / [FR] Ch. 20),,,,,,
plate,tamtam_80cm_bronze,1,,internal_default,0.010188362380004692,,,0.27330399955547063,0.07880116248291744,0.0015278937267053658,,62.04115804080137,79.74567027716589,48.26726363532532,,3.0,flat-plate approximation: dome/curvature not modelled | linear modal regime: chaotic broadband regime at ff not modelled | tam-tam temporal template (literature_derived): slow HF bloom over ~1-2 s; HF emphasis in shimmer not bloom ([R] tam-tam / [FR] Ch. 20),,,,,,
plate,tamtam_80cm_bronze,2,,internal_default,0.006639444924796489,,,0.12439502755752445,0.04705744818185176,0.0010178484870093782,,95.6807360113951,114.80000371009025,79.74567027716589,,2.0,flat-plate approximation: dome/curvature not modelled | linear modal regime: chaotic broadband regime at ff not modelled | tam-tam temporal template (literature_derived): slow HF bloom over ~1-2 s; HF emphasis in shimmer not bloom ([R] tam-tam / [FR] Ch. 20),,,,,,
plate,tamtam_80cm_bronze,3,,internal_default,0.006483914823082332,,,0.0835836938667494,0.04195815789630507,0.0010170704949506052,,132.8925478326256,153.83648692246896,114.80000371009025,,2.0,flat-plate approximation: dome/curvature not modelled | linear modal regime: chaotic broadband regime at ff not modelled | tam-tam temporal template (literature_derived): slow HF bloom over ~1-2 s; HF emphasis in shimmer not bloom ([R] tam-tam / [FR] Ch. 20),,,,,,
plate,tamtam_80cm_bronze,4,,internal_default,0.018969494294026206,,,0.16457243505128016,0.11147620397557861,0.003048741532292208,,174.22138513818598,197.30748957342993,153.83648692246896,,6.0,flat-plate approximation: dome/curvature not modelled | linear modal regime: chaotic broadband regime at ff not modelled | tam-tam temporal template (literature_derived): slow HF bloom over ~1-2 s; HF emphasis in shimmer not bloom ([R] tam-tam / [FR] Ch. 20),,,,,,
plate,tamtam_80cm_bronze,5,,internal_default,0.00923373673648944,,,0.05247310634327115,0.048954157664230974,0.0015230524543153612,,220.18573768342424,245.71677022503872,197.30748957342993,,3.0,flat-plate approximation: dome/curvature not modelled | linear modal regime: chaotic broadband regime at ff not modelled | tam-tam temporal template (literature_derived): slow HF bloom over ~1-2 s; HF emphasis in shimmer not bloom ([R] tam-tam / [FR] Ch. 20),,,,,,
plate,tamtam_80cm_bronze,6,,internal_default,0.02392398473123536,,,0.08630083341509645,0.11355675501711764,0.004057700210218175,,271.33552007714667,299.62531408868983,245.71677022503872,,8.0,flat-plate approximation: dome/curvature not modelled | linear modal regime: chaotic broadband regime at ff not modelled | tam-tam temporal template (literature_derived): slow HF bloom over ~1-2 s; HF emphasis in shimmer not bloom ([R] tam-tam / [FR] Ch. 20),,,,,,
plate,tamtam_80cm_bronze,7,,internal_default,0.011596099969448135,,,0.025625643782982228,0.048854120414066934,0.0020268179873777666,,328.2721301869142,359.65783393574134,299.62531408868983,,4.0,flat-plate approximation: dome/curvature not modelled | linear modal regime: chaotic broadband regime at ff not modelled | tam-tam temporal template (literature_derived): slow HF bloom over ~1-2 s; HF emphasis in shimmer not bloom ([R] tam-tam / [FR] Ch. 20),,,,,,
plate,tamtam_80cm_bronze,8,,internal_default,0.025229457044153067,,,0.03282308866658908,0.0934337323701366,0.004555402267506007,,391.6601411572962,426.51000950742576,359.65783393574134,,9.0,flat-plate approximation: dome/curvature not modelled | linear modal regime: chaotic broadband regime at ff not modelled | tam-tam temporal template (literature_derived): slow HF bloom over ~1-2 s; HF emphasis in shimmer not bloom ([R] tam-tam / [FR] Ch. 20),,,,,,
plate,tamtam_80cm_bronze,9,,internal_default,0.01081240918693562,,,0.00792347699268579,0.03482222862090226,0.0020222481376160188,,462.2369334140603,500.9565493170786,426.51000950742576,,4.0,flat-plate approximation: dome/curvature not modelled | linear modal regime: chaotic broadband regime at ff not modelled | tam-tam temporal template (literature_derived): slow HF bloom over ~1-2 s; HF emphasis in shimmer not bloom ([R] tam-tam / [FR] Ch. 20),,,,,,
plate,tamtam_80cm_bronze,10,,internal_default,0.02338604398691218,,,0.009192859255908606,0.06472479927787961,0.004544266508115261,,540.822128965883,583.8601682679283,500.9565493170786,,9.0,flat-plate approximation: dome/curvature not modelled | linear modal regime: chaotic broadband regime at ff not modelled | tam-tam temporal template (literature_derived): slow HF bloom over ~1-2 s; HF emphasis in shimmer not bloom ([R] tam-tam / [FR] Ch. 20),,,,,,
plate,tamtam_80cm_bronze,11,,internal_default,0.019914630407161765,,,0.003978886031336525,0.0467518313322209,0.004033761710455531,,628.3275372521083,676.1815851225036,583.8601682679283,,8.0,flat-plate approximation: dome/curvature not modelled | linear modal regime: chaotic broadband regime at ff not modelled | tam-tam temporal template (literature_derived): slow HF bloom over ~1-2 s; HF emphasis in shimmer not bloom ([R] tam-tam / [FR] Ch. 20),,,,,,
plate,tamtam_80cm_bronze,12,,internal_default,0.014255032459039554,,,0.0013642332719276022,0.02798657098788925,0.0030207708595849222,,725.7679631618286,778.9906556781491,676.1815851225036,,6.0,flat-plate approximation: dome/curvature not modelled | linear modal regime: chaotic broadband regime at ff not modelled | tam-tam temporal template (literature_derived): slow HF bloom over ~1-2 s; HF emphasis in shimmer not bloom ([R] tam-tam / [FR] Ch. 20),,,,,,
plate,tamtam_80cm_bronze,13,,internal_default,0.011290836989834846,,,0.0004849029286585705,0.01826188181063496,0.002513187537810721,,834.2731048009164,893.4787706641346,778.9906556781491,,5.0,flat-plate approximation: dome/curvature not modelled | linear modal regime: chaotic broadband regime at ff not modelled | tam-tam temporal template (literature_derived): slow HF bloom over ~1-2 s; HF emphasis in shimmer not bloom ([R] tam-tam / [FR] Ch. 20),,,,,,
plate,tamtam_80cm_bronze,14,,internal_default,0.00854640304105045,,,0.0001533256164930822,0.011218562488811168,0.0020069642401720923,,955.1007271246142,1020.9726620319176,893.4787706641346,,4.0,flat-plate approximation: dome/curvature not modelled | linear modal regime: chaotic broadband regime at ff not modelled | tam-tam temporal template (literature_derived): slow HF bloom over ~1-2 s; HF emphasis in shimmer not bloom ([R] tam-tam / [FR] Ch. 20),,,,,,
plate,tamtam_80cm_bronze,15,,internal_default,0.004023059947040201,,,2.787105135512575e-05,0.004229971545000382,0.0010015314196482495,,1089.651288384257,1162.94977763112,1020.9726620319176,,2.0,flat-plate approximation: dome/curvature not modelled | linear modal regime: chaotic broadband regime at ff not modelled | tam-tam temporal template (literature_derived): slow HF bloom over ~1-2 s; HF emphasis in shimmer not bloom ([R] tam-tam / [FR] Ch. 20),,,,,,
plate,tamtam_80cm_bronze,16,,internal_default,0.04588480856579627,,,0.00011261261888449984,0.03831823496043739,0.012173795424289216,,1239.484201797112,1321.055402438827,1162.94977763112,,24.362006234613172,flat-plate approximation: dome/curvature not modelled | linear modal regime: chaotic broadband regime at ff not modelled | tam-tam temporal template (literature_derived): slow HF bloom over ~1-2 s; HF emphasis in shimmer not bloom ([R] tam-tam / [FR] Ch. 20),,,,,,
plate,tamtam_80cm_bronze,17,,internal_default,0.04755811164764297,,,3.7619166001990284e-05,0.03152019286057115,0.013525377059205613,,1406.3359280729921,1497.1217247495472,1321.055402438827,,27.129514506874695,flat-plate approximation: dome/curvature not modelled | linear modal regime: chaotic broadband regime at ff not modelled | tam-tam temporal template (literature_derived): slow HF bloom over ~1-2 s; HF emphasis in shimmer not bloom ([R] tam-tam / [FR] Ch. 20),,,,,,
plate,tamtam_80cm_bronze,18,,internal_default,0.04896971211789355,,,1.125586918303817e-05,0.02595368285549908,0.015023832723495603,,1592.1401126215692,1693.1890682721116,1497.1217247495472,,30.211409942626638,flat-plate approximation: dome/curvature not modelled | linear modal regime: chaotic broadband regime at ff not modelled | tam-tam temporal template (literature_derived): slow HF bloom over ~1-2 s; HF emphasis in shimmer not bloom ([R] tam-tam / [FR] Ch. 20),,,,,,
plate,tamtam_80cm_bronze,19,,internal_default,0.05006156743628169,,,2.9847766321563815e-06,0.021449942452480292,0.016684425508182103,,1799.050003290016,1911.5295361791561,1693.1890682721116,,33.64340672186183,flat-plate approximation: dome/curvature not modelled | linear modal regime: chaotic broadband regime at ff not modelled | tam-tam temporal template (literature_derived): slow HF bloom over ~1-2 s; HF emphasis in shimmer not bloom ([R] tam-tam / [FR] Ch. 20),,,,,,
plate,tamtam_80cm_bronze,20,,internal_default,0.05077575966614721,,,6.934171808265717e-07,0.017655055623463936,0.0185238516483092,,2029.4634099536993,2154.6733411054515,1911.5295361791561,,37.46527613249868,flat-plate approximation: dome/curvature not modelled | linear modal regime: chaotic broadband regime at ff not modelled | tam-tam temporal template (literature_derived): slow HF bloom over ~1-2 s; HF emphasis in shimmer not bloom ([R] tam-tam / [FR] Ch. 20),,,,,,
plate,tamtam_80cm_bronze,21,,internal_default,0.05105716213372321,,,1.3936216389008502e-07,0.014201562913597447,0.020560340709046564,,2286.0504961747515,2425.4381262171387,2154.6733411054515,,41.721307455236534,flat-plate approximation: dome/curvature not modelled | linear modal regime: chaotic broadband regime at ff not modelled | tam-tam temporal template (literature_derived): slow HF bloom over ~1-2 s; HF emphasis in shimmer not bloom ([R] tam-tam / [FR] Ch. 20),,,,,,
plate,tamtam_80cm_bronze,22,,internal_default,0.05085663900637361,,,2.3898225464650967e-08,0.010893840463658768,0.02281375447784569,,2571.784725619831,2726.9616171356174,2425.4381262171387,,46.460821204637064,flat-plate approximation: dome/curvature not modelled | linear modal regime: chaotic broadband regime at ff not modelled | tam-tam temporal template (literature_derived): slow HF bloom over ~1-2 s; HF emphasis in shimmer not bloom ([R] tam-tam / [FR] Ch. 20),,,,,,
plate,tamtam_80cm_bronze,23,,internal_default,0.05013468038568843,,,3.4442609665128537e-09,0.007782245951852879,0.025305681970842445,,2889.9773222733784,3062.7379830990285,2726.9616171356174,,51.73874067406122,flat-plate approximation: dome/curvature not modelled | linear modal regime: chaotic broadband regime at ff not modelled | tam-tam temporal template (literature_derived): slow HF bloom over ~1-2 s; HF emphasis in shimmer not bloom ([R] tam-tam / [FR] Ch. 20),,,,,,
plate,tamtam_80cm_bronze,24,,internal_default,0.04886529314838586,,,4.103529500227844e-10,0.005078220848761862,0.028059527236815176,,3244.3156440657726,3436.658328728339,3062.7379830990285,,57.61622840774429,flat-plate approximation: dome/curvature not modelled | linear modal regime: chaotic broadband regime at ff not modelled | tam-tam temporal template (literature_derived): slow HF bloom over ~1-2 s; HF emphasis in shimmer not bloom ([R] tam-tam / [FR] Ch. 20),,,,,,
plate,tamtam_80cm_bronze,25,,internal_default,0.04703987426906832,,,3.9691290559600476e-11,0.0029838610773236353,0.031100585772977182,,3638.905914797386,3853.0557856320793,3436.658328728339,,64.16139497569286,flat-plate approximation: dome/curvature not modelled | linear modal regime: chaotic broadband regime at ff not modelled | tam-tam temporal template (literature_derived): slow HF bloom over ~1-2 s; HF emphasis in shimmer not bloom ([R] tam-tam / [FR] Ch. 20),,,,,,
plate,tamtam_80cm_bronze,26,,internal_default,0.04467069855430004,,,3.055718175849666e-12,0.0015629583815756703,0.03445610433356523,,4078.320809686421,4316.755726388418,3853.0557856320793,,71.4500882649497,flat-plate approximation: dome/curvature not modelled | linear modal regime: chaotic broadband regime at ff not modelled | tam-tam temporal template (literature_derived): slow HF bloom over ~1-2 s; HF emphasis in shimmer not bloom ([R] tam-tam / [FR] Ch. 20),,,,,,
plate,tamtam_80cm_bronze,27,,internal_default,0.04179357198715915,,,1.832335280459849e-13,0.0007250475275090808,0.038155317694126716,,4567.652446074554,4833.131682803398,4316.755726388418,,79.56677243384732,flat-plate approximation: dome/curvature not modelled | linear modal regime: chaotic broadband regime at ff not modelled | tam-tam temporal template (literature_derived): slow HF bloom over ~1-2 s; HF emphasis in shimmer not bloom ([R] tam-tam / [FR] Ch. 20),,,,,,
plate,tamtam_80cm_bronze,28,,internal_default,0.03846915589890646,,,8.357477948386576e-15,0.00029682883175034905,0.04222945451187736,,5112.571393434344,5408.167616447384,4833.131682803398,,88.60550671489145,flat-plate approximation: dome/curvature not modelled | linear modal regime: chaotic broadband regime at ff not modelled | tam-tam temporal template (literature_derived): slow HF bloom over ~1-2 s; HF emphasis in shimmer not bloom ([R] tam-tam / [FR] Ch. 20),,,,,,
plate,tamtam_80cm_bronze,29,,internal_default,0.03478248004600925,,,2.8252506968530995e-16,0.00010719245958360271,0.04671170277829519,,5719.392386557584,6048.527263084527,5408.167616447384,,98.67103540903435,flat-plate approximation: dome/curvature not modelled | linear modal regime: chaotic broadband regime at ff not modelled | tam-tam temporal template (literature_derived): slow HF bloom over ~1-2 s; HF emphasis in shimmer not bloom ([R] tam-tam / [FR] Ch. 20),,,,,,
plate,tamtam_80cm_bronze,30,,internal_default,0.030840257839878753,,,6.880477711815887e-18,3.42415007141066e-05,0.05163712348170374,,6395.147503469621,6761.631354584867,6048.527263084527,,109.88000170258717,flat-plate approximation: dome/curvature not modelled | linear modal regime: chaotic broadband regime at ff not modelled | tam-tam temporal template (literature_derived): slow HF bloom over ~1-2 s; HF emphasis in shimmer not bloom ([R] tam-tam / [FR] Ch. 20),,,,,,
plate,tamtam_80cm_bronze,31,,internal_default,0.02676581083137688,,,1.1702083624052123e-19,9.732018450318417e-06,0.05704249898064508,,7147.667656109318,7555.743613196125,6761.631354584867,,122.36229937296424,flat-plate approximation: dome/curvature not modelled | linear modal regime: chaotic broadband regime at ff not modelled | tam-tam temporal template (literature_derived): slow HF bloom over ~1-2 s; HF emphasis in shimmer not bloom ([R] tam-tam / [FR] Ch. 20),,,,,,
plate,tamtam_80cm_bronze,32,,internal_default,0.022691703068827382,,,1.3434402926394993e-21,2.47906817932102e-06,0.062966100241353,,7985.673338139188,8440.066514709539,7555.743613196125,,136.26257804732333,flat-plate approximation: dome/curvature not modelled | linear modal regime: chaotic broadband regime at ff not modelled | tam-tam temporal template (literature_derived): slow HF bloom over ~1-2 s; HF emphasis in shimmer not bloom ([R] tam-tam / [FR] Ch. 20),,,,,,
plate,tamtam_80cm_bronze,33,,internal_default,0.018750556197879364,,,1.003033217807432e-23,5.689771149167743e-07,0.06944735454108295,,8918.87568152042,9424.847930259928,8440.066514709539,,151.74191945763266,flat-plate approximation: dome/curvature not modelled | linear modal regime: chaotic broadband regime at ff not modelled | tam-tam temporal template (literature_derived): slow HF bloom over ~1-2 s; HF emphasis in shimmer not bloom ([R] tam-tam / [FR] Ch. 20),,,,,,
plate,tamtam_80cm_bronze,34,,internal_default,0.015064910622460344,,,4.6758084104883864e-26,1.175038053418936e-07,0.07652639253567595,,9958.08899294587,10521.49988256573,9424.847930259928,,168.97970411722068,flat-plate approximation: dome/curvature not modelled | linear modal regime: chaotic broadband regime at ff not modelled | tam-tam temporal template (literature_derived): slow HF bloom over ~1-2 s; HF emphasis in shimmer not bloom ([R] tam-tam / [FR] Ch. 20),,,,,,
plate,tamtam_80cm_bronze,35,,internal_default,0.011737335652909974,,,1.301583433830401e-28,2.1604631104290057e-08,0.0842434508224508,,11115.35607425443,11742.730792801776,10521.49988256573,,188.17569005060858,flat-plate approximation: dome/curvature not modelled | linear modal regime: chaotic broadband regime at ff not modelled | tam-tam temporal template (literature_derived): slow HF bloom over ~1-2 s; HF emphasis in shimmer not bloom ([R] tam-tam / [FR] Ch. 20),,,,,,
plate,tamtam_80cm_bronze,36,,internal_default,0.008842174454198909,,,2.0604360971025565e-31,3.4705855847584788e-09,0.092638103433467,,12404.08777909383,13102.692750631822,11742.730792801776,,209.552327665684,flat-plate approximation: dome/curvature not modelled | linear modal regime: chaotic broadband regime at ff not modelled | tam-tam temporal template (literature_derived): slow HF bloom over ~1-2 s; HF emphasis in shimmer not bloom ([R] tam-tam / [FR] Ch. 20),,,,,,
plate,tamtam_80cm_bronze,37,,internal_default,0.006420246954400055,,,1.7583737042349355e-34,4.758734972809835e-10,0.10174829326666167,,13839.218423072582,14617.145514022386,13102.692750631822,,233.35733759390934,flat-plate approximation: dome/curvature not modelled | linear modal regime: chaotic broadband regime at ff not modelled | tam-tam temporal template (literature_derived): slow HF bloom over ~1-2 s; HF emphasis in shimmer not bloom ([R] tam-tam / [FR] Ch. 20),,,,,,
membrane,bassdrum_82cm,0,,mixed_primary_and_fill,,,0.756121496458708,,,0.00912364101831458,,31.070005997851133,48.26726363532532,19.999999999999982,0.5934959349593496,1.0,"measured-mode anchor active (Fletcher & Rossing 1998 Table 18.5): 6 modes, primary_source; fitted effective c = 67.036 m/s (derived); air-loading / two-head effects absorbed at low order only | initial energy from AmplitudeLayer (mixed_primary_and_fill); fill_fraction=0.593; ref distance 0.9144 m",0.9144,125.62964449485777,106.44541053351018,,,
membrane,bassdrum_82cm,1,,mixed_primary_and_fill,,,0.1991023256623408,,,0.009485844640430771,,62.04115804080137,79.74567027716589,48.26726363532532,0.5934959349593496,0.0,"measured-mode anchor active (Fletcher & Rossing 1998 Table 18.5): 6 modes, primary_source; fitted effective c = 67.036 m/s (derived); air-loading / two-head effects absorbed at low order only | initial energy from AmplitudeLayer (mixed_primary_and_fill); fill_fraction=0.593; ref distance 0.9144 m",0.9144,119.83449197236871,106.61448871779753,,,
membrane,bassdrum_82cm,2,,mixed_primary_and_fill,,,0.038781032616172446,,,0.009721840828812145,,95.6807360113951,114.80000371009025,79.74567027716589,0.5934959349593496,1.0,"measured-mode anchor active (Fletcher & Rossing 1998 Table 18.5): 6 modes, primary_source; fitted effective c = 67.036 m/s (derived); air-loading / two-head effects absorbed at low order only | initial energy from AmplitudeLayer (mixed_primary_and_fill); fill_fraction=0.593; ref distance 0.9144 m",0.9144,112.72992233083585,106.72121370593993,,,
membrane,bassdrum_82cm,3,,mixed_primary_and_fill,,,0.0054047114035763195,,,0.009806130685058824,,132.8925478326256,153.83648692246896,114.80000371009025,0.5934959349593496,1.0,"measured-mode anchor active (Fletcher & Rossing 1998 Table 18.5): 6 modes, primary_source; fitted effective c = 67.036 m/s (derived); air-loading / two-head effects absorbed at low order only | initial energy from AmplitudeLayer (mixed_primary_and_fill); fill_fraction=0.593; ref distance 0.9144 m",0.9144,104.17145373100972,106.75870541035408,,,
membrane,bassdrum_82cm,4,,mixed_primary_and_fill,,,0.0005197873517316504,,,0.009717967031994002,,174.22138513818598,197.30748957342993,153.83648692246896,0.5934959349593496,1.0,"measured-mode anchor active (Fletcher & Rossing 1998 Table 18.5): 6 modes, primary_source; fitted effective c = 67.036 m/s (derived); air-loading / two-head effects absorbed at low order only | initial energy from AmplitudeLayer (mixed_primary_and_fill); fill_fraction=0.593; ref distance 0.9144 m",0.9144,94.00198571668975,106.71948285693519,,,
membrane,bassdrum_82cm,5,,mixed_primary_and_fill,,,3.3016424229791416e-05,,,0.009442231595661663,,220.18573768342424,245.71677022503872,197.30748957342993,0.5934959349593496,1.0,"measured-mode anchor active (Fletcher & Rossing 1998 Table 18.5): 6 modes, primary_source; fitted effective c = 67.036 m/s (derived); air-loading / two-head effects absorbed at low order only | initial energy from AmplitudeLayer (mixed_primary_and_fill); fill_fraction=0.593; ref distance 0.9144 m",0.9144,82.03102900477364,106.5944751274403,,,
membrane,bassdrum_82cm,6,,mixed_primary_and_fill,,,3.66839558288784e-05,,,0.2503152251898712,,271.33552007714667,299.62531408868983,245.71677022503872,0.5934959349593496,6.0,"measured-mode anchor active (Fletcher & Rossing 1998 Table 18.5): 6 modes, primary_source; fitted effective c = 67.036 m/s (derived); air-loading / two-head effects absorbed at low order only | initial energy from AmplitudeLayer (mixed_primary_and_fill); fill_fraction=0.593; ref distance 0.9144 m",0.9144,82.48849026139645,120.82860130267251,,,
membrane,bassdrum_82cm,7,,mixed_primary_and_fill,,,9.3396937965227e-07,,,0.25127078857839524,,328.2721301869142,359.65783393574134,299.62531408868983,0.5934959349593496,8.0,"measured-mode anchor active (Fletcher & Rossing 1998 Table 18.5): 6 modes, primary_source; fitted effective c = 67.036 m/s (derived); air-loading / two-head effects absorbed at low order only | initial energy from AmplitudeLayer (mixed_primary_and_fill); fill_fraction=0.593; ref distance 0.9144 m",0.9144,66.54705502343003,120.8451486703187,,,
membrane,bassdrum_82cm,8,,mixed_primary_and_fill,,,1.20796735538828e-08,,,0.2263225419200884,,391.6601411572962,426.51000950742576,359.65783393574134,0.5934959349593496,8.0,"measured-mode anchor active (Fletcher & Rossing 1998 Table 18.5): 6 modes, primary_source; fitted effective c = 67.036 m/s (derived); air-loading / two-head effects absorbed at low order only | initial energy from AmplitudeLayer (mixed_primary_and_fill); fill_fraction=0.593; ref distance 0.9144 m",0.9144,47.66428062188422,120.39100676512717,,,
membrane,bassdrum_82cm,9,,mixed_primary_and_fill,,,7.835085536653156e-11,,,0.19492601555669317,,462.2369334140603,500.9565493170786,426.51000950742576,0.5934959349593496,9.0,"measured-mode anchor active (Fletcher & Rossing 1998 Table 18.5): 6 modes, primary_source; fitted effective c = 67.036 m/s (derived); air-loading / two-head effects absorbed at low order only | initial energy from AmplitudeLayer (mixed_primary_and_fill); fill_fraction=0.593; ref distance 0.9144 m",0.9144,25.784166063793798,119.74242669854625,,,
membrane,bassdrum_82cm,10,,mixed_primary_and_fill,,,7.986740339501174e-15,,,0.005491255298953164,,540.822128965883,583.8601682679283,500.9565493170786,0.5934959349593496,11.0,"measured-mode anchor active (Fletcher & Rossing 1998 Table 18.5): 6 modes, primary_source; fitted effective c = 67.036 m/s (derived); air-loading / two-head effects absorbed at low order only | initial energy from AmplitudeLayer (mixed_primary_and_fill); fill_fraction=0.593; ref distance 0.9144 m",0.9144,-14.132575705815269,104.24044499658449,,,
membrane,bassdrum_82cm,11,,mixed_primary_and_fill,,,1.013182823302023e-17,,,0.004428311799405326,,628.3275372521083,676.1815851225036,583.8601682679283,0.5934959349593496,13.0,"measured-mode anchor active (Fletcher & Rossing 1998 Table 18.5): 6 modes, primary_source; fitted effective c = 67.036 m/s (derived); air-loading / two-head effects absorbed at low order only | initial energy from AmplitudeLayer (mixed_primary_and_fill); fill_fraction=0.593; ref distance 0.9144 m",0.9144,-43.099393172040116,103.30611056450348,,,
membrane,bassdrum_82cm,12,,mixed_primary_and_fill,,,4.754330971519092e-21,,,0.0034059423205621392,,725.7679631618286,778.9906556781491,676.1815851225036,0.5934959349593496,10.0,"measured-mode anchor active (Fletcher & Rossing 1998 Table 18.5): 6 modes, primary_source; fitted effective c = 67.036 m/s (derived); air-loading / two-head effects absorbed at low order only | initial energy from AmplitudeLayer (mixed_primary_and_fill); fill_fraction=0.593; ref distance 0.9144 m",0.9144,-76.3853772395833,102.16610153235968,,,
membrane,bassdrum_82cm,13,,mixed_primary_and_fill,,,7.198240808956318e-25,,,0.002482234638672331,,834.2731048009164,893.4787706641346,778.9906556781491,0.5934959349593496,9.0,"measured-mode anchor active (Fletcher & Rossing 1998 Table 18.5): 6 modes, primary_source; fitted effective c = 67.036 m/s (derived); air-loading / two-head effects absorbed at low order only | initial energy from AmplitudeLayer (mixed_primary_and_fill); fill_fraction=0.593; ref distance 0.9144 m",0.9144,-114.58400764313062,100.79215696040615,,,
membrane,bassdrum_82cm,14,,mixed_primary_and_fill,,,3.0093601631672754e-29,,,0.0017015103879279713,,955.1007271246142,1020.9726620319176,893.4787706641346,0.5934959349593496,5.0,"measured-mode anchor active (Fletcher & Rossing 1998 Table 18.5): 6 modes, primary_source; fitted effective c = 67.036 m/s (derived); air-loading / two-head effects absorbed at low order only | initial energy from AmplitudeLayer (mixed_primary_and_fill); fill_fraction=0.593; ref distance 0.9144 m",0.9144,-158.37152968061798,99.15207469159836,,,
membrane,bassdrum_82cm,15,,mixed_primary_and_fill,,,2.9094214874720327e-34,,,0.0010877890831057057,,1089.651288384257,1162.94977763112,1020.9726620319176,0.5934959349593496,114.2331966500838,"measured-mode anchor active (Fletcher & Rossing 1998 Table 18.5): 6 modes, primary_source; fitted effective c = 67.036 m/s (derived); air-loading / two-head effects absorbed at low order only | initial energy from AmplitudeLayer (mixed_primary_and_fill); fill_fraction=0.593; ref distance 0.9144 m",0.9144,-208.5182049371685,97.20917560283513,,,
membrane,bassdrum_82cm,16,,mixed_primary_and_fill,,,5.315109905118349e-40,,,0.0006423864398944891,,1239.484201797112,1321.055402438827,1162.94977763112,0.5934959349593496,144.70207572818015,"measured-mode anchor active (Fletcher & Rossing 1998 Table 18.5): 6 modes, primary_source; fitted effective c = 67.036 m/s (derived); air-loading / two-head effects absorbed at low order only | initial energy from AmplitudeLayer (mixed_primary_and_fill); fill_fraction=0.593; ref distance 0.9144 m",0.9144,-265.90114886466466,94.92169229164595,,,
membrane,bassdrum_82cm,17,,mixed_primary_and_fill,,,1.4579100362662167e-46,,,0.00034660463084449625,,1406.3359280729921,1497.1217247495472,1321.055402438827,0.5934959349593496,182.83183127418022,"measured-mode anchor active (Fletcher & Rossing 1998 Table 18.5): 6 modes, primary_source; fitted effective c = 67.036 m/s (derived); air-loading / two-head effects absorbed at low order only | initial energy from AmplitudeLayer (mixed_primary_and_fill); fill_fraction=0.593; ref distance 0.9144 m",0.9144,-300.0,92.24207225149095,,,
membrane,bassdrum_82cm,18,,mixed_primary_and_fill,,,4.6215335818630815e-54,,,0.00016875068448003928,,1592.1401126215692,1693.1890682721116,1497.1217247495472,0.5934959349593496,230.50109530448802,"measured-mode anchor active (Fletcher & Rossing 1998 Table 18.5): 6 modes, primary_source; fitted effective c = 67.036 m/s (derived); air-loading / two-head effects absorbed at low order only | initial energy from AmplitudeLayer (mixed_primary_and_fill); fill_fraction=0.593; ref distance 0.9144 m",0.9144,-300.0,89.11618407374469,,,
membrane,bassdrum_82cm,19,,mixed_primary_and_fill,,,1.2568647675120257e-62,,,7.309177180410307e-05,,1799.050003290016,1911.5295361791561,1693.1890682721116,0.5934959349593496,290.04401988844677,"measured-mode anchor active (Fletcher & Rossing 1998 Table 18.5): 6 modes, primary_source; fitted effective c = 67.036 m/s (derived); air-loading / two-head effects absorbed at low order only | initial energy from AmplitudeLayer (mixed_primary_and_fill); fill_fraction=0.593; ref distance 0.9144 m",0.9144,-300.0,85.48241353962928,,,
membrane,bassdrum_82cm,20,,mixed_primary_and_fill,,,2.089167784327316e-72,,,2.771345006675682e-05,,2029.4634099536993,2154.6733411054515,1911.5295361791561,0.5934959349593496,364.36015556947495,"measured-mode anchor active (Fletcher & Rossing 1998 Table 18.5): 6 modes, primary_source; fitted effective c = 67.036 m/s (derived); air-loading / two-head effects absorbed at low order only | initial energy from AmplitudeLayer (mixed_primary_and_fill); fill_fraction=0.593; ref distance 0.9144 m",0.9144,-300.0,81.27063459070506,,,
membrane,bassdrum_82cm,21,,mixed_primary_and_fill,,,1.4429163444650758e-83,,,9.03089808129088e-06,,2286.0504961747515,2425.4381262171387,2154.6733411054515,0.5934959349593496,457.0507693980724,"measured-mode anchor active (Fletcher & Rossing 1998 Table 18.5): 6 modes, primary_source; fitted effective c = 67.036 m/s (derived); air-loading / two-head effects absorbed at low order only | initial energy from AmplitudeLayer (mixed_primary_and_fill); fill_fraction=0.593; ref distance 0.9144 m",0.9144,-300.0,76.4010380534973,,,
membrane,bassdrum_82cm,22,,mixed_primary_and_fill,,,2.6690632593118564e-96,,,2.476891575312143e-06,,2571.784725619831,2726.9616171356174,2425.4381262171387,0.5934959349593496,572.5879573754755,"measured-mode anchor active (Fletcher & Rossing 1998 Table 18.5): 6 modes, primary_source; fitted effective c = 67.036 m/s (derived); air-loading / two-head effects absorbed at low order only | initial energy from AmplitudeLayer (mixed_primary_and_fill); fill_fraction=0.593; ref distance 0.9144 m",0.9144,-300.0,70.782798602778,,,
membrane,bassdrum_82cm,23,,mixed_primary_and_fill,,,8.021832847152262e-111,,,5.583196451968357e-07,,2889.9773222733784,3062.7379830990285,2726.9616171356174,0.5934959349593496,716.5244326509313,"measured-mode anchor active (Fletcher & Rossing 1998 Table 18.5): 6 modes, primary_source; fitted effective c = 67.036 m/s (derived); air-loading / two-head effects absorbed at low order only | initial energy from AmplitudeLayer (mixed_primary_and_fill); fill_fraction=0.593; ref distance 0.9144 m",0.9144,-300.0,64.3125577363003,,,
membrane,bassdrum_82cm,24,,mixed_primary_and_fill,,,2.218132969262427e-127,,,1.0066926114327738e-07,,3244.3156440657726,3436.658328728339,3062.7379830990285,0.5934959349593496,895.7537639753408,"measured-mode anchor active (Fletcher & Rossing 1998 Table 18.5): 6 modes, primary_source; fitted effective c = 67.036 m/s (derived); air-loading / two-head effects absorbed at low order only | initial energy from AmplitudeLayer (mixed_primary_and_fill); fill_fraction=0.593; ref distance 0.9144 m",0.9144,-300.0,56.872697454409355,,,
membrane,bassdrum_82cm,25,,mixed_primary_and_fill,,,2.954151366494273e-146,,,1.4078770177351025e-08,,3638.905914797386,3853.0557856320793,3436.658328728339,0.5934959349593496,1118.8331867235968,"measured-mode anchor active (Fletcher & Rossing 1998 Table 18.5): 6 modes, primary_source; fitted effective c = 67.036 m/s (derived); air-loading / two-head effects absorbed at low order only | initial energy from AmplitudeLayer (mixed_primary_and_fill); fill_fraction=0.593; ref distance 0.9144 m",0.9144,-300.0,48.3293758384133,,,
membrane,bassdrum_82cm,26,,mixed_primary_and_fill,,,9.073538869510515e-168,,,1.4745391572156542e-09,,4078.320809686421,4316.755726388418,3853.0557856320793,0.5934959349593496,1396.3840204302107,"measured-mode anchor active (Fletcher & Rossing 1998 Table 18.5): 6 modes, primary_source; fitted effective c = 67.036 m/s (derived); air-loading / two-head effects absorbed at low order only | initial energy from AmplitudeLayer (mixed_primary_and_fill); fill_fraction=0.593; ref distance 0.9144 m",0.9144,-300.0,38.53029174274139,,,
membrane,bassdrum_82cm,27,,mixed_primary_and_fill,,,2.7802337801472307e-192,,,1.1113254620940966e-10,,4567.652446074554,4833.131682803398,4316.755726388418,0.5934959349593496,1741.588337625885,"measured-mode anchor active (Fletcher & Rossing 1998 Table 18.5): 6 modes, primary_source; fitted effective c = 67.036 m/s (derived); air-loading / two-head effects absorbed at low order only | initial energy from AmplitudeLayer (mixed_primary_and_fill); fill_fraction=0.593; ref distance 0.9144 m",0.9144,-300.0,27.302141290836886,,,
membrane,bassdrum_82cm,28,,mixed_primary_and_fill,,,3.275103073757812e-220,,,5.759695280338475e-12,,5112.571393434344,5408.167616447384,4833.131682803398,0.5934959349593496,2170.805006711109,"measured-mode anchor active (Fletcher & Rossing 1998 Table 18.5): 6 modes, primary_source; fitted effective c = 67.036 m/s (derived); air-loading / two-head effects absorbed at low order only | initial energy from AmplitudeLayer (mixed_primary_and_fill); fill_fraction=0.593; ref distance 0.9144 m",0.9144,-300.0,14.447723717557675,,,
membrane,bassdrum_82cm,29,,mixed_primary_and_fill,,,5.011722798850663e-252,,,1.9493595958232387e-13,,5719.392386557584,6048.527263084527,5408.167616447384,0.5934959349593496,2704.3337848683846,"measured-mode anchor active (Fletcher & Rossing 1998 Table 18.5): 6 modes, primary_source; fitted effective c = 67.036 m/s (derived); air-loading / two-head effects absorbed at low order only | initial energy from AmplitudeLayer (mixed_primary_and_fill); fill_fraction=0.593; ref distance 0.9144 m",0.9144,-300.0,-0.25735175456097303,,,
membrane,bassdrum_82cm,30,,mixed_primary_and_fill,,,2.8985382144174875e-288,,,4.0624295048494105e-15,,6395.147503469621,6761.631354584867,6048.527263084527,0.5934959349593496,3367.363023798275,"measured-mode anchor active (Fletcher & Rossing 1998 Table 18.5): 6 modes, primary_source; fitted effective c = 67.036 m/s (derived); air-loading / two-head effects absorbed at low order only | initial energy from AmplitudeLayer (mixed_primary_and_fill); fill_fraction=0.593; ref distance 0.9144 m",0.9144,-300.0,-17.068412979404105,,,
membrane,bassdrum_82cm,31,,mixed_primary_and_fill,,,0.0,,,4.875602501559476e-17,,7147.667656109318,7555.743613196125,6761.631354584867,0.5934959349593496,4191.145091570036,"measured-mode anchor active (Fletcher & Rossing 1998 Table 18.5): 6 modes, primary_source; fitted effective c = 67.036 m/s (derived); air-loading / two-head effects absorbed at low order only | initial energy from AmplitudeLayer (mixed_primary_and_fill); fill_fraction=0.593; ref distance 0.9144 m",0.9144,-300.0,-36.275988445001474,,,
membrane,bassdrum_82cm,32,,mixed_primary_and_fill,,,0.0,,,3.122923067191149e-19,,7985.673338139188,8440.066514709539,7555.743613196125,0.5934959349593496,5214.45420518628,"measured-mode anchor active (Fletcher & Rossing 1998 Table 18.5): 6 modes, primary_source; fitted effective c = 67.036 m/s (derived); air-loading / two-head effects absorbed at low order only | initial energy from AmplitudeLayer (mixed_primary_and_fill); fill_fraction=0.593; ref distance 0.9144 m",0.9144,-300.0,-58.21065850127578,,,
membrane,bassdrum_82cm,33,,mixed_primary_and_fill,,,0.0,,,9.789705136516217e-22,,8918.87568152042,9424.847930259928,8440.066514709539,0.5934959349593496,6485.394503004547,"measured-mode anchor active (Fletcher & Rossing 1998 Table 18.5): 6 modes, primary_source; fitted effective c = 67.036 m/s (derived); air-loading / two-head effects absorbed at low order only | initial energy from AmplitudeLayer (mixed_primary_and_fill); fill_fraction=0.593; ref distance 0.9144 m",0.9144,-300.0,-83.24857524542394,,,
membrane,bassdrum_82cm,34,,mixed_primary_and_fill,,,0.0,,,1.3609833561705924e-24,,9958.08899294587,10521.49988256573,9424.847930259928,0.5934959349593496,8063.642474596728,"measured-mode anchor active (Fletcher & Rossing 1998 Table 18.5): 6 modes, primary_source; fitted effective c = 67.036 m/s (derived); air-loading / two-head effects absorbed at low order only | initial energy from AmplitudeLayer (mixed_primary_and_fill); fill_fraction=0.593; ref distance 0.9144 m",0.9144,-300.0,-111.81774321568292,,,
membrane,bassdrum_82cm,35,,mixed_primary_and_fill,,,0.0,,,4.781580321246638e-28,,11115.35607425443,11742.730792801776,10521.49988256573,0.5934959349593496,10023.22806525676,"measured-mode anchor active (Fletcher & Rossing 1998 Table 18.5): 6 modes, primary_source; fitted effective c = 67.036 m/s (derived); air-loading / two-head effects absorbed at low order only | initial energy from AmplitudeLayer (mixed_primary_and_fill); fill_fraction=0.593; ref distance 0.9144 m",0.9144,-300.0,-146.36055680224877,,,
membrane,bassdrum_82cm,36,,mixed_primary_and_fill,,,0.0,,,0.0,,12404.08777909383,13102.692750631822,11742.730792801776,0.5934959349593496,12455.98382229811,"measured-mode anchor active (Fletcher & Rossing 1998 Table 18.5): 6 modes, primary_source; fitted effective c = 67.036 m/s (derived); air-loading / two-head effects absorbed at low order only | initial energy from AmplitudeLayer (mixed_primary_and_fill); fill_fraction=0.593; ref distance 0.9144 m",0.9144,-300.0,-300.0,,,
membrane,bassdrum_82cm,37,,mixed_primary_and_fill,,,0.0,,,0.0,,13839.218423072582,14617.145514022386,13102.692750631822,0.5934959349593496,15475.822515142825,"measured-mode anchor active (Fletcher & Rossing 1998 Table 18.5): 6 modes, primary_source; fitted effective c = 67.036 m/s (derived); air-loading / two-head effects absorbed at low order only | initial energy from AmplitudeLayer (mixed_primary_and_fill); fill_fraction=0.593; ref distance 0.9144 m",0.9144,-300.0,-300.0,,,
membrane,bassdrum_32in,0,,mixed_primary_and_fill,,,0.756121496458708,,,0.00912364101831458,,31.070005997851133,48.26726363532532,19.999999999999982,0.5934959349593496,0.0,effective wave speed c = 67.036 m/s scaled from 82 cm Fletcher & Rossing anchor (f ∝ 1/a at fixed c; internal_default); in-vacuo bias applies above any local measured range | initial energy from AmplitudeLayer (mixed_primary_and_fill); fill_fraction=0.593; ref distance 0.9144 m,0.9144,125.62964449485777,106.44541053351018,,,
membrane,bassdrum_32in,1,,mixed_primary_and_fill,,,0.1991023256623408,,,0.009485844640430771,,62.04115804080137,79.74567027716589,48.26726363532532,0.5934959349593496,1.0,effective wave speed c = 67.036 m/s scaled from 82 cm Fletcher & Rossing anchor (f ∝ 1/a at fixed c; internal_default); in-vacuo bias applies above any local measured range | initial energy from AmplitudeLayer (mixed_primary_and_fill); fill_fraction=0.593; ref distance 0.9144 m,0.9144,119.83449197236871,106.61448871779753,,,
membrane,bassdrum_32in,2,,mixed_primary_and_fill,,,0.038781032616172446,,,0.009721840828812145,,95.6807360113951,114.80000371009025,79.74567027716589,0.5934959349593496,1.0,effective wave speed c = 67.036 m/s scaled from 82 cm Fletcher & Rossing anchor (f ∝ 1/a at fixed c; internal_default); in-vacuo bias applies above any local measured range | initial energy from AmplitudeLayer (mixed_primary_and_fill); fill_fraction=0.593; ref distance 0.9144 m,0.9144,112.72992233083585,106.72121370593993,,,
membrane,bassdrum_32in,3,,mixed_primary_and_fill,,,0.0054047114035763195,,,0.009806130685058824,,132.8925478326256,153.83648692246896,114.80000371009025,0.5934959349593496,2.0,effective wave speed c = 67.036 m/s scaled from 82 cm Fletcher & Rossing anchor (f ∝ 1/a at fixed c; internal_default); in-vacuo bias applies above any local measured range | initial energy from AmplitudeLayer (mixed_primary_and_fill); fill_fraction=0.593; ref distance 0.9144 m,0.9144,104.17145373100972,106.75870541035408,,,
membrane,bassdrum_32in,4,,mixed_primary_and_fill,,,0.0005197873517316504,,,0.009717967031994002,,174.22138513818598,197.30748957342993,153.83648692246896,0.5934959349593496,2.0,effective wave speed c = 67.036 m/s scaled from 82 cm Fletcher & Rossing anchor (f ∝ 1/a at fixed c; internal_default); in-vacuo bias applies above any local measured range | initial energy from AmplitudeLayer (mixed_primary_and_fill); fill_fraction=0.593; ref distance 0.9144 m,0.9144,94.00198571668975,106.71948285693519,,,
membrane,bassdrum_32in,5,,mixed_primary_and_fill,,,3.3016424229791416e-05,,,0.009442231595661663,,220.18573768342424,245.71677022503872,197.30748957342993,0.5934959349593496,4.0,effective wave speed c = 67.036 m/s scaled from 82 cm Fletcher & Rossing anchor (f ∝ 1/a at fixed c; internal_default); in-vacuo bias applies above any local measured range | initial energy from AmplitudeLayer (mixed_primary_and_fill); fill_fraction=0.593; ref distance 0.9144 m,0.9144,82.03102900477364,106.5944751274403,,,
membrane,bassdrum_32in,6,,mixed_primary_and_fill,,,3.66839558288784e-05,,,0.2503152251898712,,271.33552007714667,299.62531408868983,245.71677022503872,0.5934959349593496,5.0,effective wave speed c = 67.036 m/s scaled from 82 cm Fletcher & Rossing anchor (f ∝ 1/a at fixed c; internal_default); in-vacuo bias applies above any local measured range | initial energy from AmplitudeLayer (mixed_primary_and_fill); fill_fraction=0.593; ref distance 0.9144 m,0.9144,82.48849026139645,120.82860130267251,,,
membrane,bassdrum_32in,7,,mixed_primary_and_fill,,,9.3396937965227e-07,,,0.25127078857839524,,328.2721301869142,359.65783393574134,299.62531408868983,0.5934959349593496,8.0,effective wave speed c = 67.036 m/s scaled from 82 cm Fletcher & Rossing anchor (f ∝ 1/a at fixed c; internal_default); in-vacuo bias applies above any local measured range | initial energy from AmplitudeLayer (mixed_primary_and_fill); fill_fraction=0.593; ref distance 0.9144 m,0.9144,66.54705502343003,120.8451486703187,,,
membrane,bassdrum_32in,8,,mixed_primary_and_fill,,,1.20796735538828e-08,,,0.2263225419200884,,391.6601411572962,426.51000950742576,359.65783393574134,0.5934959349593496,8.0,effective wave speed c = 67.036 m/s scaled from 82 cm Fletcher & Rossing anchor (f ∝ 1/a at fixed c; internal_default); in-vacuo bias applies above any local measured range | initial energy from AmplitudeLayer (mixed_primary_and_fill); fill_fraction=0.593; ref distance 0.9144 m,0.9144,47.66428062188422,120.39100676512717,,,
membrane,bassdrum_32in,9,,mixed_primary_and_fill,,,7.835085536653156e-11,,,0.19492601555669317,,462.2369334140603,500.9565493170786,426.51000950742576,0.5934959349593496,9.0,effective wave speed c = 67.036 m/s scaled from 82 cm Fletcher & Rossing anchor (f ∝ 1/a at fixed c; internal_default); in-vacuo bias applies above any local measured range | initial energy from AmplitudeLayer (mixed_primary_and_fill); fill_fraction=0.593; ref distance 0.9144 m,0.9144,25.784166063793798,119.74242669854625,,,
membrane,bassdrum_32in,10,,mixed_primary_and_fill,,,7.986740339501174e-15,,,0.005491255298953164,,540.822128965883,583.8601682679283,500.9565493170786,0.5934959349593496,11.0,effective wave speed c = 67.036 m/s scaled from 82 cm Fletcher & Rossing anchor (f ∝ 1/a at fixed c; internal_default); in-vacuo bias applies above any local measured range | initial energy from AmplitudeLayer (mixed_primary_and_fill); fill_fraction=0.593; ref distance 0.9144 m,0.9144,-14.132575705815269,104.24044499658449,,,
membrane,bassdrum_32in,11,,mixed_primary_and_fill,,,1.013182823302023e-17,,,0.004428311799405326,,628.3275372521083,676.1815851225036,583.8601682679283,0.5934959349593496,12.0,effective wave speed c = 67.036 m/s scaled from 82 cm Fletcher & Rossing anchor (f ∝ 1/a at fixed c; internal_default); in-vacuo bias applies above any local measured range | initial energy from AmplitudeLayer (mixed_primary_and_fill); fill_fraction=0.593; ref distance 0.9144 m,0.9144,-43.099393172040116,103.30611056450348,,,
membrane,bassdrum_32in,12,,mixed_primary_and_fill,,,4.754330971519092e-21,,,0.0034059423205621392,,725.7679631618286,778.9906556781491,676.1815851225036,0.5934959349593496,11.0,effective wave speed c = 67.036 m/s scaled from 82 cm Fletcher & Rossing anchor (f ∝ 1/a at fixed c; internal_default); in-vacuo bias applies above any local measured range | initial energy from AmplitudeLayer (mixed_primary_and_fill); fill_fraction=0.593; ref distance 0.9144 m,0.9144,-76.3853772395833,102.16610153235968,,,
membrane,bassdrum_32in,13,,mixed_primary_and_fill,,,7.198240808956318e-25,,,0.002482234638672331,,834.2731048009164,893.4787706641346,778.9906556781491,0.5934959349593496,8.0,effective wave speed c = 67.036 m/s scaled from 82 cm Fletcher & Rossing anchor (f ∝ 1/a at fixed c; internal_default); in-vacuo bias applies above any local measured range | initial energy from AmplitudeLayer (mixed_primary_and_fill); fill_fraction=0.593; ref distance 0.9144 m,0.9144,-114.58400764313062,100.79215696040615,,,
membrane,bassdrum_32in,14,,mixed_primary_and_fill,,,3.0093601631672754e-29,,,0.0017015103879279713,,955.1007271246142,1020.9726620319176,893.4787706641346,0.5934959349593496,6.0,effective wave speed c = 67.036 m/s scaled from 82 cm Fletcher & Rossing anchor (f ∝ 1/a at fixed c; internal_default); in-vacuo bias applies above any local measured range | initial energy from AmplitudeLayer (mixed_primary_and_fill); fill_fraction=0.593; ref distance 0.9144 m,0.9144,-158.37152968061798,99.15207469159836,,,
membrane,bassdrum_32in,15,,mixed_primary_and_fill,,,2.9094214874720327e-34,,,0.0010877890831057057,,1089.651288384257,1162.94977763112,1020.9726620319176,0.5934959349593496,112.29119832928201,effective wave speed c = 67.036 m/s scaled from 82 cm Fletcher & Rossing anchor (f ∝ 1/a at fixed c; internal_default); in-vacuo bias applies above any local measured range | initial energy from AmplitudeLayer (mixed_primary_and_fill); fill_fraction=0.593; ref distance 0.9144 m,0.9144,-208.5182049371685,97.20917560283513,,,
membrane,bassdrum_32in,16,,mixed_primary_and_fill,,,5.315109905118349e-40,,,0.0006423864398944891,,1239.484201797112,1321.055402438827,1162.94977763112,0.5934959349593496,142.24209740032643,effective wave speed c = 67.036 m/s scaled from 82 cm Fletcher & Rossing anchor (f ∝ 1/a at fixed c; internal_default); in-vacuo bias applies above any local measured range | initial energy from AmplitudeLayer (mixed_primary_and_fill); fill_fraction=0.593; ref distance 0.9144 m,0.9144,-265.90114886466466,94.92169229164595,,,
membrane,bassdrum_32in,17,,mixed_primary_and_fill,,,1.4579100362662167e-46,,,0.00034660463084449625,,1406.3359280729921,1497.1217247495472,1321.055402438827,0.5934959349593496,179.72363576065382,effective wave speed c = 67.036 m/s scaled from 82 cm Fletcher & Rossing anchor (f ∝ 1/a at fixed c; internal_default); in-vacuo bias applies above any local measured range | initial energy from AmplitudeLayer (mixed_primary_and_fill); fill_fraction=0.593; ref distance 0.9144 m,0.9144,-300.0,92.24207225149095,,,
membrane,bassdrum_32in,18,,mixed_primary_and_fill,,,4.6215335818630815e-54,,,0.00016875068448003928,,1592.1401126215692,1693.1890682721116,1497.1217247495472,0.5934959349593496,226.5825081236052,effective wave speed c = 67.036 m/s scaled from 82 cm Fletcher & Rossing anchor (f ∝ 1/a at fixed c; internal_default); in-vacuo bias applies above any local measured range | initial energy from AmplitudeLayer (mixed_primary_and_fill); fill_fraction=0.593; ref distance 0.9144 m,0.9144,-300.0,89.11618407374469,,,
membrane,bassdrum_32in,19,,mixed_primary_and_fill,,,1.2568647675120257e-62,,,7.309177180410307e-05,,1799.050003290016,1911.5295361791561,1693.1890682721116,0.5934959349593496,285.11318527907014,effective wave speed c = 67.036 m/s scaled from 82 cm Fletcher & Rossing anchor (f ∝ 1/a at fixed c; internal_default); in-vacuo bias applies above any local measured range | initial energy from AmplitudeLayer (mixed_primary_and_fill); fill_fraction=0.593; ref distance 0.9144 m,0.9144,-300.0,85.48241353962928,,,
membrane,bassdrum_32in,20,,mixed_primary_and_fill,,,2.089167784327316e-72,,,2.771345006675682e-05,,2029.4634099536993,2154.6733411054515,1911.5295361791561,0.5934959349593496,358.1659245487809,effective wave speed c = 67.036 m/s scaled from 82 cm Fletcher & Rossing anchor (f ∝ 1/a at fixed c; internal_default); in-vacuo bias applies above any local measured range | initial energy from AmplitudeLayer (mixed_primary_and_fill); fill_fraction=0.593; ref distance 0.9144 m,0.9144,-300.0,81.27063459070506,,,
membrane,bassdrum_32in,21,,mixed_primary_and_fill,,,1.4429163444650758e-83,,,9.03089808129088e-06,,2286.0504961747515,2425.4381262171387,2154.6733411054515,0.5934959349593496,449.2807703722107,effective wave speed c = 67.036 m/s scaled from 82 cm Fletcher & Rossing anchor (f ∝ 1/a at fixed c; internal_default); in-vacuo bias applies above any local measured range | initial energy from AmplitudeLayer (mixed_primary_and_fill); fill_fraction=0.593; ref distance 0.9144 m,0.9144,-300.0,76.4010380534973,,,
membrane,bassdrum_32in,22,,mixed_primary_and_fill,,,2.6690632593118564e-96,,,2.476891575312143e-06,,2571.784725619831,2726.9616171356174,2425.4381262171387,0.5934959349593496,562.853791788386,effective wave speed c = 67.036 m/s scaled from 82 cm Fletcher & Rossing anchor (f ∝ 1/a at fixed c; internal_default); in-vacuo bias applies above any local measured range | initial energy from AmplitudeLayer (mixed_primary_and_fill); fill_fraction=0.593; ref distance 0.9144 m,0.9144,-300.0,70.782798602778,,,
membrane,bassdrum_32in,23,,mixed_primary_and_fill,,,8.021832847152262e-111,,,5.583196451968357e-07,,2889.9773222733784,3062.7379830990285,2726.9616171356174,0.5934959349593496,704.343304171406,effective wave speed c = 67.036 m/s scaled from 82 cm Fletcher & Rossing anchor (f ∝ 1/a at fixed c; internal_default); in-vacuo bias applies above any local measured range | initial energy from AmplitudeLayer (mixed_primary_and_fill); fill_fraction=0.593; ref distance 0.9144 m,0.9144,-300.0,64.3125577363003,,,
membrane,bassdrum_32in,24,,mixed_primary_and_fill,,,2.218132969262427e-127,,,1.0066926114327738e-07,,3244.3156440657726,3436.658328728339,3062.7379830990285,0.5934959349593496,880.5256835529698,effective wave speed c = 67.036 m/s scaled from 82 cm Fletcher & Rossing anchor (f ∝ 1/a at fixed c; internal_default); in-vacuo bias applies above any local measured range | initial energy from AmplitudeLayer (mixed_primary_and_fill); fill_fraction=0.593; ref distance 0.9144 m,0.9144,-300.0,56.872697454409355,,,
membrane,bassdrum_32in,25,,mixed_primary_and_fill,,,2.954151366494273e-146,,,1.4078770177351025e-08,,3638.905914797386,3853.0557856320793,3436.658328728339,0.5934959349593496,1099.812689761316,effective wave speed c = 67.036 m/s scaled from 82 cm Fletcher & Rossing anchor (f ∝ 1/a at fixed c; internal_default); in-vacuo bias applies above any local measured range | initial energy from AmplitudeLayer (mixed_primary_and_fill); fill_fraction=0.593; ref distance 0.9144 m,0.9144,-300.0,48.3293758384133,,,
membrane,bassdrum_32in,26,,mixed_primary_and_fill,,,9.073538869510515e-168,,,1.4745391572156542e-09,,4078.320809686421,4316.755726388418,3853.0557856320793,0.5934959349593496,1372.645076739643,effective wave speed c = 67.036 m/s scaled from 82 cm Fletcher & Rossing anchor (f ∝ 1/a at fixed c; internal_default); in-vacuo bias applies above any local measured range | initial energy from AmplitudeLayer (mixed_primary_and_fill); fill_fraction=0.593; ref distance 0.9144 m,0.9144,-300.0,38.53029174274139,,,
membrane,bassdrum_32in,27,,mixed_primary_and_fill,,,2.7802337801472307e-192,,,1.1113254620940966e-10,,4567.652446074554,4833.131682803398,4316.755726388418,0.5934959349593496,1711.9808178647286,effective wave speed c = 67.036 m/s scaled from 82 cm Fletcher & Rossing anchor (f ∝ 1/a at fixed c; internal_default); in-vacuo bias applies above any local measured range | initial energy from AmplitudeLayer (mixed_primary_and_fill); fill_fraction=0.593; ref distance 0.9144 m,0.9144,-300.0,27.302141290836886,,,
membrane,bassdrum_32in,28,,mixed_primary_and_fill,,,3.275103073757812e-220,,,5.759695280338475e-12,,5112.571393434344,5408.167616447384,4833.131682803398,0.5934959349593496,2133.900675908439,effective wave speed c = 67.036 m/s scaled from 82 cm Fletcher & Rossing anchor (f ∝ 1/a at fixed c; internal_default); in-vacuo bias applies above any local measured range | initial energy from AmplitudeLayer (mixed_primary_and_fill); fill_fraction=0.593; ref distance 0.9144 m,0.9144,-300.0,14.447723717557675,,,
membrane,bassdrum_32in,29,,mixed_primary_and_fill,,,5.011722798850663e-252,,,1.9493595958232387e-13,,5719.392386557584,6048.527263084527,5408.167616447384,0.5934959349593496,2658.3593061431757,effective wave speed c = 67.036 m/s scaled from 82 cm Fletcher & Rossing anchor (f ∝ 1/a at fixed c; internal_default); in-vacuo bias applies above any local measured range | initial energy from AmplitudeLayer (mixed_primary_and_fill); fill_fraction=0.593; ref distance 0.9144 m,0.9144,-300.0,-0.25735175456097303,,,
membrane,bassdrum_32in,30,,mixed_primary_and_fill,,,2.8985382144174875e-288,,,4.0624295048494105e-15,,6395.147503469621,6761.631354584867,6048.527263084527,0.5934959349593496,3310.1168507985158,effective wave speed c = 67.036 m/s scaled from 82 cm Fletcher & Rossing anchor (f ∝ 1/a at fixed c; internal_default); in-vacuo bias applies above any local measured range | initial energy from AmplitudeLayer (mixed_primary_and_fill); fill_fraction=0.593; ref distance 0.9144 m,0.9144,-300.0,-17.068412979404105,,,
membrane,bassdrum_32in,31,,mixed_primary_and_fill,,,0.0,,,4.875602501559476e-17,,7147.667656109318,7555.743613196125,6761.631354584867,0.5934959349593496,4119.894378390771,effective wave speed c = 67.036 m/s scaled from 82 cm Fletcher & Rossing anchor (f ∝ 1/a at fixed c; internal_default); in-vacuo bias applies above any local measured range | initial energy from AmplitudeLayer (mixed_primary_and_fill); fill_fraction=0.593; ref distance 0.9144 m,0.9144,-300.0,-36.275988445001474,,,
membrane,bassdrum_32in,32,,mixed_primary_and_fill,,,0.0,,,3.122923067191149e-19,,7985.673338139188,8440.066514709539,7555.743613196125,0.5934959349593496,5125.806932700431,effective wave speed c = 67.036 m/s scaled from 82 cm Fletcher & Rossing anchor (f ∝ 1/a at fixed c; internal_default); in-vacuo bias applies above any local measured range | initial energy from AmplitudeLayer (mixed_primary_and_fill); fill_fraction=0.593; ref distance 0.9144 m,0.9144,-300.0,-58.21065850127578,,,
membrane,bassdrum_32in,33,,mixed_primary_and_fill,,,0.0,,,9.789705136516217e-22,,8918.87568152042,9424.847930259928,8440.066514709539,0.5934959349593496,6375.140867424765,effective wave speed c = 67.036 m/s scaled from 82 cm Fletcher & Rossing anchor (f ∝ 1/a at fixed c; internal_default); in-vacuo bias applies above any local measured range | initial energy from AmplitudeLayer (mixed_primary_and_fill); fill_fraction=0.593; ref distance 0.9144 m,0.9144,-300.0,-83.24857524542394,,,
membrane,bassdrum_32in,34,,mixed_primary_and_fill,,,0.0,,,1.3609833561705924e-24,,9958.08899294587,10521.49988256573,9424.847930259928,0.5934959349593496,7926.558154062646,effective wave speed c = 67.036 m/s scaled from 82 cm Fletcher & Rossing anchor (f ∝ 1/a at fixed c; internal_default); in-vacuo bias applies above any local measured range | initial energy from AmplitudeLayer (mixed_primary_and_fill); fill_fraction=0.593; ref distance 0.9144 m,0.9144,-300.0,-111.81774321568292,,,
membrane,bassdrum_32in,35,,mixed_primary_and_fill,,,0.0,,,4.781580321246638e-28,,11115.35607425443,11742.730792801776,10521.49988256573,0.5934959349593496,9852.830206818406,effective wave speed c = 67.036 m/s scaled from 82 cm Fletcher & Rossing anchor (f ∝ 1/a at fixed c; internal_default); in-vacuo bias applies above any local measured range | initial energy from AmplitudeLayer (mixed_primary_and_fill); fill_fraction=0.593; ref distance 0.9144 m,0.9144,-300.0,-146.36055680224877,,,
membrane,bassdrum_32in,36,,mixed_primary_and_fill,,,0.0,,,0.0,,12404.08777909383,13102.692750631822,11742.730792801776,0.5934959349593496,12244.228392386312,effective wave speed c = 67.036 m/s scaled from 82 cm Fletcher & Rossing anchor (f ∝ 1/a at fixed c; internal_default); in-vacuo bias applies above any local measured range | initial energy from AmplitudeLayer (mixed_primary_and_fill); fill_fraction=0.593; ref distance 0.9144 m,0.9144,-300.0,-300.0,,,
membrane,bassdrum_32in,37,,mixed_primary_and_fill,,,0.0,,,0.0,,13839.218423072582,14617.145514022386,13102.692750631822,0.5934959349593496,15212.728929225814,effective wave speed c = 67.036 m/s scaled from 82 cm Fletcher & Rossing anchor (f ∝ 1/a at fixed c; internal_default); in-vacuo bias applies above any local measured range | initial energy from AmplitudeLayer (mixed_primary_and_fill); fill_fraction=0.593; ref distance 0.9144 m,0.9144,-300.0,-300.0,,,
membrane,bassdrum_28in,0,,internal_default,,,0.0,,,0.0,,31.070005997851133,48.26726363532532,19.999999999999982,0.873134328358209,0.0,"effective wave speed c = 67.036 m/s scaled from 82 cm Fletcher & Rossing anchor (f ∝ 1/a at fixed c; internal_default); in-vacuo bias applies above any local measured range | AmplitudeLayer refused: fill_fraction=0.873 > 0.6 (vector mostly residual fill, not a measurement); using equipartition (internal_default)",,,,,,
membrane,bassdrum_28in,1,,internal_default,,,0.9729554493236289,,,0.04044744714102556,,62.04115804080137,79.74567027716589,48.26726363532532,0.873134328358209,1.0,"effective wave speed c = 67.036 m/s scaled from 82 cm Fletcher & Rossing anchor (f ∝ 1/a at fixed c; internal_default); in-vacuo bias applies above any local measured range | AmplitudeLayer refused: fill_fraction=0.873 > 0.6 (vector mostly residual fill, not a measurement); using equipartition (internal_default)",,,,,,
membrane,bassdrum_28in,2,,internal_default,,,0.0,,,0.0,,95.6807360113951,114.80000371009025,79.74567027716589,0.873134328358209,0.0,"effective wave speed c = 67.036 m/s scaled from 82 cm Fletcher & Rossing anchor (f ∝ 1/a at fixed c; internal_default); in-vacuo bias applies above any local measured range | AmplitudeLayer refused: fill_fraction=0.873 > 0.6 (vector mostly residual fill, not a measurement); using equipartition (internal_default)",,,,,,
membrane,bassdrum_28in,3,,internal_default,,,0.021297625532532952,,,0.03371745926165569,,132.8925478326256,153.83648692246896,114.80000371009025,0.873134328358209,1.0,"effective wave speed c = 67.036 m/s scaled from 82 cm Fletcher & Rossing anchor (f ∝ 1/a at fixed c; internal_default); in-vacuo bias applies above any local measured range | AmplitudeLayer refused: fill_fraction=0.873 > 0.6 (vector mostly residual fill, not a measurement); using equipartition (internal_default)",,,,,,
membrane,bassdrum_28in,4,,internal_default,,,0.005517936115344693,,,0.09001706918129784,,174.22138513818598,197.30748957342993,153.83648692246896,0.873134328358209,3.0,"effective wave speed c = 67.036 m/s scaled from 82 cm Fletcher & Rossing anchor (f ∝ 1/a at fixed c; internal_default); in-vacuo bias applies above any local measured range | AmplitudeLayer refused: fill_fraction=0.873 > 0.6 (vector mostly residual fill, not a measurement); using equipartition (internal_default)",,,,,,
membrane,bassdrum_28in,5,,internal_default,,,0.0002098267074590869,,,0.0523605096260881,,220.18573768342424,245.71677022503872,197.30748957342993,0.873134328358209,2.0,"effective wave speed c = 67.036 m/s scaled from 82 cm Fletcher & Rossing anchor (f ∝ 1/a at fixed c; internal_default); in-vacuo bias applies above any local measured range | AmplitudeLayer refused: fill_fraction=0.873 > 0.6 (vector mostly residual fill, not a measurement); using equipartition (internal_default)",,,,,,
membrane,bassdrum_28in,6,,internal_default,,,1.8760782911103833e-05,,,0.11170189707842987,,271.33552007714667,299.62531408868983,245.71677022503872,0.873134328358209,5.0,"effective wave speed c = 67.036 m/s scaled from 82 cm Fletcher & Rossing anchor (f ∝ 1/a at fixed c; internal_default); in-vacuo bias applies above any local measured range | AmplitudeLayer refused: fill_fraction=0.873 > 0.6 (vector mostly residual fill, not a measurement); using equipartition (internal_default)",,,,,,
membrane,bassdrum_28in,7,,internal_default,,,3.959704567032794e-07,,,0.09295454640221128,,328.2721301869142,359.65783393574134,299.62531408868983,0.873134328358209,5.0,"effective wave speed c = 67.036 m/s scaled from 82 cm Fletcher & Rossing anchor (f ∝ 1/a at fixed c; internal_default); in-vacuo bias applies above any local measured range | AmplitudeLayer refused: fill_fraction=0.873 > 0.6 (vector mostly residual fill, not a measurement); using equipartition (internal_default)",,,,,,
membrane,bassdrum_28in,8,,internal_default,,,5.51871057541409e-09,,,0.09022122499521056,,391.6601411572962,426.51000950742576,359.65783393574134,0.873134328358209,6.0,"effective wave speed c = 67.036 m/s scaled from 82 cm Fletcher & Rossing anchor (f ∝ 1/a at fixed c; internal_default); in-vacuo bias applies above any local measured range | AmplitudeLayer refused: fill_fraction=0.873 > 0.6 (vector mostly residual fill, not a measurement); using equipartition (internal_default)",,,,,,
membrane,bassdrum_28in,9,,internal_default,,,4.882224613565712e-11,,,0.10598448799738812,,462.2369334140603,500.9565493170786,426.51000950742576,0.873134328358209,9.0,"effective wave speed c = 67.036 m/s scaled from 82 cm Fletcher & Rossing anchor (f ∝ 1/a at fixed c; internal_default); in-vacuo bias applies above any local measured range | AmplitudeLayer refused: fill_fraction=0.873 > 0.6 (vector mostly residual fill, not a measurement); using equipartition (internal_default)",,,,,,
membrane,bassdrum_28in,10,,internal_default,,,1.3337300883250572e-13,,,0.08001446500182972,,540.822128965883,583.8601682679283,500.9565493170786,0.873134328358209,9.0,"effective wave speed c = 67.036 m/s scaled from 82 cm Fletcher & Rossing anchor (f ∝ 1/a at fixed c; internal_default); in-vacuo bias applies above any local measured range | AmplitudeLayer refused: fill_fraction=0.873 > 0.6 (vector mostly residual fill, not a measurement); using equipartition (internal_default)",,,,,,
membrane,bassdrum_28in,11,,internal_default,,,1.6881643343342341e-16,,,0.06438186916325019,,628.3275372521083,676.1815851225036,583.8601682679283,0.873134328358209,10.0,"effective wave speed c = 67.036 m/s scaled from 82 cm Fletcher & Rossing anchor (f ∝ 1/a at fixed c; internal_default); in-vacuo bias applies above any local measured range | AmplitudeLayer refused: fill_fraction=0.873 > 0.6 (vector mostly residual fill, not a measurement); using equipartition (internal_default)",,,,,,
membrane,bassdrum_28in,12,,internal_default,,,9.247635304948765e-20,,,0.0578065510155894,,725.7679631618286,778.9906556781491,676.1815851225036,0.873134328358209,13.0,"effective wave speed c = 67.036 m/s scaled from 82 cm Fletcher & Rossing anchor (f ∝ 1/a at fixed c; internal_default); in-vacuo bias applies above any local measured range | AmplitudeLayer refused: fill_fraction=0.873 > 0.6 (vector mostly residual fill, not a measurement); using equipartition (internal_default)",,,,,,
membrane,bassdrum_28in,13,,internal_default,,,9.671533260643805e-24,,,0.029101158398926442,,834.2731048009164,893.4787706641346,778.9906556781491,0.873134328358209,10.0,"effective wave speed c = 67.036 m/s scaled from 82 cm Fletcher & Rossing anchor (f ∝ 1/a at fixed c; internal_default); in-vacuo bias applies above any local measured range | AmplitudeLayer refused: fill_fraction=0.873 > 0.6 (vector mostly residual fill, not a measurement); using equipartition (internal_default)",,,,,,
membrane,bassdrum_28in,14,,internal_default,,,2.904719103655157e-28,,,0.014330556805231076,,955.1007271246142,1020.9726620319176,893.4787706641346,0.873134328358209,8.0,"effective wave speed c = 67.036 m/s scaled from 82 cm Fletcher & Rossing anchor (f ∝ 1/a at fixed c; internal_default); in-vacuo bias applies above any local measured range | AmplitudeLayer refused: fill_fraction=0.873 > 0.6 (vector mostly residual fill, not a measurement); using equipartition (internal_default)",,,,,,
membrane,bassdrum_28in,15,,internal_default,,,1.5761141233574843e-33,,,0.005141906811138075,,1089.651288384257,1162.94977763112,1020.9726620319176,0.873134328358209,5.0,"effective wave speed c = 67.036 m/s scaled from 82 cm Fletcher & Rossing anchor (f ∝ 1/a at fixed c; internal_default); in-vacuo bias applies above any local measured range | AmplitudeLayer refused: fill_fraction=0.873 > 0.6 (vector mostly residual fill, not a measurement); using equipartition (internal_default)",,,,,,
membrane,bassdrum_28in,16,,internal_default,,,5.62575156156345e-38,,,0.0593284704350443,,1239.484201797112,1321.055402438827,1162.94977763112,0.873134328358209,108.78931889379146,"effective wave speed c = 67.036 m/s scaled from 82 cm Fletcher & Rossing anchor (f ∝ 1/a at fixed c; internal_default); in-vacuo bias applies above any local measured range | AmplitudeLayer refused: fill_fraction=0.873 > 0.6 (vector mostly residual fill, not a measurement); using equipartition (internal_default)",,,,,,
membrane,bassdrum_28in,17,,internal_default,,,1.7508425883611177e-44,,,0.03632028301969693,,1406.3359280729921,1497.1217247495472,1321.055402438827,0.873134328358209,137.4558747435379,"effective wave speed c = 67.036 m/s scaled from 82 cm Fletcher & Rossing anchor (f ∝ 1/a at fixed c; internal_default); in-vacuo bias applies above any local measured range | AmplitudeLayer refused: fill_fraction=0.873 > 0.6 (vector mostly residual fill, not a measurement); using equipartition (internal_default)",,,,,,
membrane,bassdrum_28in,18,,internal_default,,,6.283399914117079e-52,,,0.02001947197230907,,1592.1401126215692,1693.1890682721116,1497.1217247495472,0.873134328358209,173.29438459164206,"effective wave speed c = 67.036 m/s scaled from 82 cm Fletcher & Rossing anchor (f ∝ 1/a at fixed c; internal_default); in-vacuo bias applies above any local measured range | AmplitudeLayer refused: fill_fraction=0.873 > 0.6 (vector mostly residual fill, not a measurement); using equipartition (internal_default)",,,,,,
membrane,bassdrum_28in,19,,internal_default,,,1.9308969258419592e-60,,,0.009798001809014745,,1799.050003290016,1911.5295361791561,1693.1890682721116,0.873134328358209,218.0597010381135,"effective wave speed c = 67.036 m/s scaled from 82 cm Fletcher & Rossing anchor (f ∝ 1/a at fixed c; internal_default); in-vacuo bias applies above any local measured range | AmplitudeLayer refused: fill_fraction=0.873 > 0.6 (vector mostly residual fill, not a measurement); using equipartition (internal_default)",,,,,,
membrane,bassdrum_28in,20,,internal_default,,,3.620610865053103e-70,,,0.004190806527107814,,2029.4634099536993,2154.6733411054515,1911.5295361791561,0.873134328358209,273.9317522362233,"effective wave speed c = 67.036 m/s scaled from 82 cm Fletcher & Rossing anchor (f ∝ 1/a at fixed c; internal_default); in-vacuo bias applies above any local measured range | AmplitudeLayer refused: fill_fraction=0.873 > 0.6 (vector mostly residual fill, not a measurement); using equipartition (internal_default)",,,,,,
membrane,bassdrum_28in,21,,internal_default,,,2.8167887435403417e-81,,,0.001538305353689396,,2286.0504961747515,2425.4381262171387,2154.6733411054515,0.873134328358209,343.61802795491224,"effective wave speed c = 67.036 m/s scaled from 82 cm Fletcher & Rossing anchor (f ∝ 1/a at fixed c; internal_default); in-vacuo bias applies above any local measured range | AmplitudeLayer refused: fill_fraction=0.873 > 0.6 (vector mostly residual fill, not a measurement); using equipartition (internal_default)",,,,,,
membrane,bassdrum_28in,22,,internal_default,,,5.861662161958321e-94,,,0.0004746433492011553,,2571.784725619831,2726.9616171356174,2425.4381262171387,0.873134328358209,430.4807210000116,"effective wave speed c = 67.036 m/s scaled from 82 cm Fletcher & Rossing anchor (f ∝ 1/a at fixed c; internal_default); in-vacuo bias applies above any local measured range | AmplitudeLayer refused: fill_fraction=0.873 > 0.6 (vector mostly residual fill, not a measurement); using equipartition (internal_default)",,,,,,
membrane,bassdrum_28in,23,,internal_default,,,1.979681604392645e-108,,,0.00012022731144497039,,2889.9773222733784,3062.7379830990285,2726.9616171356174,0.873134328358209,538.6944493131047,"effective wave speed c = 67.036 m/s scaled from 82 cm Fletcher & Rossing anchor (f ∝ 1/a at fixed c; internal_default); in-vacuo bias applies above any local measured range | AmplitudeLayer refused: fill_fraction=0.873 > 0.6 (vector mostly residual fill, not a measurement); using equipartition (internal_default)",,,,,,
membrane,bassdrum_28in,24,,internal_default,,,6.145227738176964e-125,,,2.4335808155795346e-05,,3244.3156440657726,3436.658328728339,3062.7379830990285,0.873134328358209,673.4419073744472,"effective wave speed c = 67.036 m/s scaled from 82 cm Fletcher & Rossing anchor (f ∝ 1/a at fixed c; internal_default); in-vacuo bias applies above any local measured range | AmplitudeLayer refused: fill_fraction=0.873 > 0.6 (vector mostly residual fill, not a measurement); using equipartition (internal_default)",,,,,,
membrane,bassdrum_28in,25,,internal_default,,,9.179750458148916e-144,,,3.817344347178655e-06,,3638.905914797386,3853.0557856320793,3436.658328728339,0.873134328358209,841.1565606569,"effective wave speed c = 67.036 m/s scaled from 82 cm Fletcher & Rossing anchor (f ∝ 1/a at fixed c; internal_default); in-vacuo bias applies above any local measured range | AmplitudeLayer refused: fill_fraction=0.873 > 0.6 (vector mostly residual fill, not a measurement); using equipartition (internal_default)",,,,,,
membrane,bassdrum_28in,26,,internal_default,,,3.159987711981319e-165,,,4.480881785792601e-07,,4078.320809686421,4316.755726388418,3853.0557856320793,0.873134328358209,1049.823685889204,"effective wave speed c = 67.036 m/s scaled from 82 cm Fletcher & Rossing anchor (f ∝ 1/a at fixed c; internal_default); in-vacuo bias applies above any local measured range | AmplitudeLayer refused: fill_fraction=0.873 > 0.6 (vector mostly residual fill, not a measurement); using equipartition (internal_default)",,,,,,
membrane,bassdrum_28in,27,,internal_default,,,1.0844303685433941e-189,,,3.78233600510505e-08,,4567.652446074554,4833.131682803398,4316.755726388418,0.873134328358209,1309.3537745761082,"effective wave speed c = 67.036 m/s scaled from 82 cm Fletcher & Rossing anchor (f ∝ 1/a at fixed c; internal_default); in-vacuo bias applies above any local measured range | AmplitudeLayer refused: fill_fraction=0.873 > 0.6 (vector mostly residual fill, not a measurement); using equipartition (internal_default)",,,,,,
membrane,bassdrum_28in,28,,internal_default,,,1.429853894981853e-217,,,2.1941417657450196e-09,,5112.571393434344,5408.167616447384,4833.131682803398,0.873134328358209,1632.0456838155956,"effective wave speed c = 67.036 m/s scaled from 82 cm Fletcher & Rossing anchor (f ∝ 1/a at fixed c; internal_default); in-vacuo bias applies above any local measured range | AmplitudeLayer refused: fill_fraction=0.873 > 0.6 (vector mostly residual fill, not a measurement); using equipartition (internal_default)",,,,,,
membrane,bassdrum_28in,29,,internal_default,,,2.4477341064229876e-249,,,8.307448246311272e-11,,5719.392386557584,6048.527263084527,5408.167616447384,0.873134328358209,2033.161093486691,"effective wave speed c = 67.036 m/s scaled from 82 cm Fletcher & Rossing anchor (f ∝ 1/a at fixed c; internal_default); in-vacuo bias applies above any local measured range | AmplitudeLayer refused: fill_fraction=0.873 > 0.6 (vector mostly residual fill, not a measurement); using equipartition (internal_default)",,,,,,
membrane,bassdrum_28in,30,,internal_default,,,1.5829124715059588e-285,,,1.935807619205518e-12,,6395.147503469621,6761.631354584867,6048.527263084527,0.873134328358209,2531.6370064746106,"effective wave speed c = 67.036 m/s scaled from 82 cm Fletcher & Rossing anchor (f ∝ 1/a at fixed c; internal_default); in-vacuo bias applies above any local measured range | AmplitudeLayer refused: fill_fraction=0.873 > 0.6 (vector mostly residual fill, not a measurement); using equipartition (internal_default)",,,,,,
membrane,bassdrum_28in,31,,internal_default,,,0.0,,,2.5966800027315938e-14,,7147.667656109318,7555.743613196125,6761.631354584867,0.873134328358209,3150.969449487769,"effective wave speed c = 67.036 m/s scaled from 82 cm Fletcher & Rossing anchor (f ∝ 1/a at fixed c; internal_default); in-vacuo bias applies above any local measured range | AmplitudeLayer refused: fill_fraction=0.873 > 0.6 (vector mostly residual fill, not a measurement); using equipartition (internal_default)",,,,,,
membrane,bassdrum_28in,32,,internal_default,,,0.0,,,1.858226365469676e-16,,7985.673338139188,8440.066514709539,7555.743613196125,0.873134328358209,3920.3094947352374,"effective wave speed c = 67.036 m/s scaled from 82 cm Fletcher & Rossing anchor (f ∝ 1/a at fixed c; internal_default); in-vacuo bias applies above any local measured range | AmplitudeLayer refused: fill_fraction=0.873 > 0.6 (vector mostly residual fill, not a measurement); using equipartition (internal_default)",,,,,,
membrane,bassdrum_28in,33,,internal_default,,,0.0,,,6.505871974797416e-19,,8918.87568152042,9424.847930259928,8440.066514709539,0.873134328358209,4875.822597491615,"effective wave speed c = 67.036 m/s scaled from 82 cm Fletcher & Rossing anchor (f ∝ 1/a at fixed c; internal_default); in-vacuo bias applies above any local measured range | AmplitudeLayer refused: fill_fraction=0.873 > 0.6 (vector mostly residual fill, not a measurement); using equipartition (internal_default)",,,,,,
membrane,bassdrum_28in,34,,internal_default,,,0.0,,,1.0098447418568922e-21,,9958.08899294587,10521.49988256573,9424.847930259928,0.873134328358209,6062.374490482767,"effective wave speed c = 67.036 m/s scaled from 82 cm Fletcher & Rossing anchor (f ∝ 1/a at fixed c; internal_default); in-vacuo bias applies above any local measured range | AmplitudeLayer refused: fill_fraction=0.873 > 0.6 (vector mostly residual fill, not a measurement); using equipartition (internal_default)",,,,,,
membrane,bassdrum_28in,35,,internal_default,,,0.0,,,6.212404591350789e-25,,11115.35607425443,11742.730792801776,10521.49988256573,0.873134328358209,7535.622062428113,"effective wave speed c = 67.036 m/s scaled from 82 cm Fletcher & Rossing anchor (f ∝ 1/a at fixed c; internal_default); in-vacuo bias applies above any local measured range | AmplitudeLayer refused: fill_fraction=0.873 > 0.6 (vector mostly residual fill, not a measurement); using equipartition (internal_default)",,,,,,
membrane,bassdrum_28in,36,,internal_default,,,0.0,,,1.3332762086292744e-28,,12404.08777909383,13102.692750631822,11742.730792801776,0.873134328358209,9364.606481011248,"effective wave speed c = 67.036 m/s scaled from 82 cm Fletcher & Rossing anchor (f ∝ 1/a at fixed c; internal_default); in-vacuo bias applies above any local measured range | AmplitudeLayer refused: fill_fraction=0.873 > 0.6 (vector mostly residual fill, not a measurement); using equipartition (internal_default)",,,,,,
membrane,bassdrum_28in,37,,internal_default,,,0.0,,,8.633670072804229e-33,,13839.218423072582,14617.145514022386,13102.692750631822,0.873134328358209,11634.969175606066,"effective wave speed c = 67.036 m/s scaled from 82 cm Fletcher & Rossing anchor (f ∝ 1/a at fixed c; internal_default); in-vacuo bias applies above any local measured range | AmplitudeLayer refused: fill_fraction=0.873 > 0.6 (vector mostly residual fill, not a measurement); using equipartition (internal_default)",,,,,,
