family,instrument,band_index,energy_w_bloom,energy_w_bloom_p05,energy_w_bloom_p25,energy_w_bloom_p50,energy_w_bloom_p75,energy_w_bloom_p95,energy_w_buildup,energy_w_buildup_p05,energy_w_buildup_p25,energy_w_buildup_p50,energy_w_buildup_p75,energy_w_buildup_p95,energy_w_decay,energy_w_decay_p05,energy_w_decay_p25,energy_w_decay_p50,energy_w_decay_p75,energy_w_decay_p95,energy_w_residue,energy_w_residue_p05,energy_w_residue_p25,energy_w_residue_p50,energy_w_residue_p75,energy_w_residue_p95,energy_w_shimmer,energy_w_shimmer_p05,energy_w_shimmer_p25,energy_w_shimmer_p50,energy_w_shimmer_p75,energy_w_shimmer_p95,energy_w_strike,energy_w_strike_p05,energy_w_strike_p25,energy_w_strike_p50,energy_w_strike_p75,energy_w_strike_p95,f_centre_hz,f_hi_hz,f_lo_hz,mc_n_draws,mc_seed,modes_per_band,modes_per_band_p05,modes_per_band_p25,modes_per_band_p50,modes_per_band_p75,modes_per_band_p95
plate,cymbal_16in_thin,0,,,,,,,0.0008164545572814089,0.0006274427273206052,0.0007228478458499434,0.0008164545572814089,0.0009319443781046901,0.0011396639406651024,,,,,,,0.05929923865659088,0.031896514675973334,0.04543475246199552,0.05929923865659088,0.07689030922727506,0.10921387648602059,0.007377668444776605,0.002989425251789166,0.0051259702190391,0.007377668444776605,0.010829297140471893,0.019353026705816154,0.0010515816345367892,0.0008545257117094573,0.0009450439462174736,0.0010515816345367892,0.001137631853159102,0.0012960302125629016,31.070005997851133,48.26726363532532,19.999999999999982,400,20260803,1.0,1.0,1.0,1.0,1.0,1.0
plate,cymbal_16in_thin,1,,,,,,,0.0007913187109969519,0.0,0.0006932312899368265,0.0007913187109969519,0.0008920122330022213,0.0011337631274765604,,,,,,,0.048838139674684505,0.0,0.037483888135325,0.048838139674684505,0.06278242236137,0.0840874485157255,0.006525615847728995,0.0,0.004247142526837872,0.006525615847728995,0.009748168110789228,0.01696542048739079,0.0010249211889237647,0.0,0.0009263857228987908,0.0010249211889237647,0.0011238170387665976,0.0012866216867633365,62.04115804080137,79.74567027716589,48.26726363532532,400,20260803,1.0,0.0,1.0,1.0,1.0,1.0
plate,cymbal_16in_thin,2,,,,,,,0.001376210632485999,0.0,0.0,0.001376210632485999,0.0016340783284415979,0.0020573542792628355,,,,,,,0.06675362085541647,0.0,0.0,0.06675362085541647,0.08496049451162585,0.11176717627364277,0.008986055875287512,0.0,0.0,0.008986055875287512,0.015153747526889999,0.02504973005503596,0.0018193807689609915,0.0,0.0,0.0018193807689609915,0.0020885784981911322,0.0024150005269193173,95.6807360113951,114.80000371009025,79.74567027716589,400,20260803,2.0,0.0,0.0,2.0,2.0,2.0
plate,cymbal_16in_thin,3,,,,,,,0.0015745807321792863,0.0,0.001324245671258328,0.0015745807321792863,0.0018653837229690108,0.0025101089222655444,,,,,,,0.07477277334805862,0.0,0.053654623715895126,0.07477277334805862,0.105966244943752,0.13240613846305002,0.01197977080764988,0.0,0.006623023674834548,0.01197977080764988,0.018700319337010978,0.03347028097169229,0.0020427890837106193,0.0,0.001787635006645345,0.0020427890837106193,0.0022678549853400757,0.00269014969587515,132.8925478326256,153.83648692246896,114.80000371009025,400,20260803,2.0,0.0,2.0,2.0,2.0,2.0
plate,cymbal_16in_thin,4,,,,,,,0.0018029181363599322,0.0,0.0014582463390672984,0.0018029181363599322,0.0022855992841920325,0.0031404018454145284,,,,,,,0.0794806186515994,0.0,0.0637723886284287,0.0794806186515994,0.0941936819838851,0.1171888352527092,0.014017522703291856,0.0,0.007245286443215998,0.014017522703291856,0.02066462117541855,0.03555114929265513,0.002333350285397882,0.0,0.001907509948568462,0.002333350285397882,0.0029020222627887983,0.003584754022654185,174.22138513818598,197.30748957342993,153.83648692246896,400,20260803,2.0,0.0,2.0,2.0,3.0,3.0
plate,cymbal_16in_thin,5,,,,,,,0.002213064026500364,0.0,0.0017827296296326419,0.002213064026500364,0.002611176845224527,0.0036342804478159824,,,,,,,0.08130494569918725,0.0,0.062053078826448047,0.08130494569918725,0.09811740365550985,0.1315439557917498,0.015603781181816129,0.0,0.008688104168263409,0.015603781181816129,0.0237897703870268,0.04001864724270365,0.0029055613805458818,0.0,0.0022797017039904283,0.0029055613805458818,0.0033603849519530946,0.004406280290729064,220.18573768342424,245.71677022503872,197.30748957342993,400,20260803,3.0,0.0,2.0,3.0,3.0,4.0
plate,cymbal_16in_thin,6,,,,,,,0.0026135920098884413,0.0,0.0022077064994692327,0.0026135920098884413,0.003059079763508061,0.004163774363409593,,,,,,,0.08334321883288684,0.0,0.06972629756608913,0.08334321883288684,0.10052927130059261,0.13362365514272903,0.01860874229899891,0.0,0.011413979487817935,0.01860874229899891,0.02810655212142107,0.05054244830176961,0.003410207574378096,0.0,0.0029832269172897375,0.003410207574378096,0.0038599024918474743,0.004560238466599478,271.33552007714667,299.62531408868983,245.71677022503872,400,20260803,3.0,0.0,3.0,3.0,4.0,4.0
plate,cymbal_16in_thin,7,,,,,,,0.002878656789177326,0.0,0.0022473840921752894,0.002878656789177326,0.003404769101370004,0.004485410424670131,,,,,,,0.0779457089200293,0.0,0.06642884047126757,0.0779457089200293,0.08833913421141795,0.10326530744169915,0.01914407704628654,0.0,0.01050439795417895,0.01914407704628654,0.02877700083388738,0.043065218771207,0.0037365336589947167,0.0,0.0030643179369065814,0.0037365336589947167,0.004387143103836943,0.005240376986029646,328.2721301869142,359.65783393574134,299.62531408868983,400,20260803,4.0,0.0,3.0,4.0,4.0,5.0
plate,cymbal_16in_thin,8,,,,,,,0.003258451741268718,0.0,0.002781575886898423,0.003258451741268718,0.0038144571422551437,0.00648634941202059,,,,,,,0.0759438395368846,0.0,0.06652577862796849,0.0759438395368846,0.08675605668839789,0.1244680723779208,0.021893341078715614,0.0,0.013239233354873436,0.021893341078715614,0.033039825458282726,0.05337290016932523,0.004328087140077757,0.0,0.003658741092377002,0.004328087140077757,0.004881029156228451,0.008905329347336137,391.6601411572962,426.51000950742576,359.65783393574134,400,20260803,4.0,0.0,4.0,4.0,5.0,10.0
plate,cymbal_16in_thin,9,,,,,,,0.0037973423915189015,0.0,0.0031776204838953625,0.0037973423915189015,0.004453568546030531,0.008109715894384502,,,,,,,0.07318582048340849,0.0,0.0629916944045365,0.07318582048340849,0.08467055195673051,0.12375632544113216,0.025337599291986874,0.0,0.015757773713940257,0.025337599291986874,0.035945060202816216,0.06104776261558619,0.004842763228687233,0.0,0.004294621593601923,0.004842763228687233,0.005619080981481285,0.010664972407932771,462.2369334140603,500.9565493170786,426.51000950742576,400,20260803,5.0,0.0,4.0,5.0,5.0,11.049999999999955
plate,cymbal_16in_thin,10,,,,,,,0.003990906504454264,0.0,0.0032752119274677737,0.003990906504454264,0.004863989795007541,0.008770992357298328,,,,,,,0.06326294681928997,0.0,0.0545260122774827,0.06326294681928997,0.07285671546613617,0.11155152936295815,0.02423792628090937,0.0,0.01453791103080451,0.02423792628090937,0.03627308787737866,0.060436921593533956,0.005270320884054288,0.0,0.004431496099950865,0.005270320884054288,0.006097735548523487,0.011634729514468069,540.822128965883,583.8601682679283,500.9565493170786,400,20260803,5.0,0.0,4.0,5.0,6.0,12.0
plate,cymbal_16in_thin,11,,,,,,,0.00412827915583216,0.0,0.0036210903331339297,0.00412827915583216,0.005191192521715019,0.008655897121022138,,,,,,,0.057006230094620886,0.0,0.045430763629668414,0.057006230094620886,0.06700973038882647,0.08846246313563208,0.025613187919741445,0.0,0.01637799576685343,0.025613187919741445,0.03668497558548369,0.06248424173287505,0.005561728233462055,0.0,0.004833197328402636,0.005561728233462055,0.006546436799311592,0.011256337095906756,628.3275372521083,676.1815851225036,583.8601682679283,400,20260803,5.0,0.0,5.0,5.0,6.0,11.049999999999955
plate,cymbal_16in_thin,12,,,,,,,0.004620590099818869,0.0027511951480440303,0.003872187942168411,0.004620590099818869,0.0055489286769789216,0.008845461724230532,,,,,,,0.049418374217590905,0.02172033938984724,0.036602284500423354,0.049418374217590905,0.058567762566908904,0.07383647289569666,0.026469362389678567,0.008990738165351862,0.017275023791042753,0.026469362389678567,0.03800058494226989,0.06577825242733087,0.005949931926060545,0.003805976343657197,0.005225510522471134,0.005949931926060545,0.007005154548961238,0.011332357616662615,725.7679631618286,778.9906556781491,676.1815851225036,400,20260803,6.0,4.0,5.0,6.0,6.0,11.0
plate,cymbal_16in_thin,13,,,,,,,0.0046442130371044076,0.002411046443234283,0.0038617585906617607,0.0046442130371044076,0.005446172035772665,0.008316852053895244,,,,,,,0.03698885430523531,0.012977172915570809,0.024916050073558967,0.03698885430523531,0.04773915454296937,0.06025712217240368,0.023686349988768472,0.007718024947311766,0.015877689341941316,0.023686349988768472,0.03434526072042304,0.05873165780956255,0.006112618399783638,0.0033608974426947978,0.005304733458178917,0.006112618399783638,0.007072305658171982,0.010309563636037439,834.2731048009164,893.4787706641346,778.9906556781491,400,20260803,6.0,4.0,5.0,6.0,6.0,11.0
plate,cymbal_16in_thin,14,,,,,,,0.004414993588940598,0.0019464434259297383,0.0035227865534956243,0.004414993588940598,0.005431098660909734,0.007876087295872526,,,,,,,0.0265984337674973,0.007142196436308009,0.015498833950623268,0.0265984337674973,0.03765810183528473,0.051491364356180645,0.020582439896137575,0.004900905662538398,0.012973779978080663,0.020582439896137575,0.030353035448314504,0.05303999957122448,0.005934437063510222,0.002638330130998574,0.004810877975350503,0.005934437063510222,0.006907607390417502,0.00960437346032094,955.1007271246142,1020.9726620319176,893.4787706641346,400,20260803,6.0,3.0,5.0,6.0,6.0,9.0
plate,cymbal_16in_thin,15,,,,,,,0.003990139110280264,0.0018429981090891231,0.0030236958765335023,0.003990139110280264,0.005123995428566921,0.0072544147837674084,,,,,,,0.016792242966688763,0.004147368207931705,0.009880317547276052,0.016792242966688763,0.026760962337384293,0.04093720092907033,0.016895881163990226,0.005778537722173231,0.01115662419670344,0.016895881163990226,0.026415461576967773,0.04666985455670475,0.005426797656739342,0.002415718031879654,0.004055423998443181,0.005426797656739342,0.006684469081201067,0.009118418064458388,1089.651288384257,1162.94977763112,1020.9726620319176,400,20260803,5.0,3.0,4.0,5.0,6.0,8.0
plate,cymbal_16in_thin,16,,,,,,,0.003949598213569576,0.0013896670712523704,0.002803566910577029,0.003949598213569576,0.005620603714011277,0.008143858424525387,,,,,,,0.011815868476182479,0.002317759541592399,0.005617313177485782,0.011815868476182479,0.02057436159436909,0.032556391610459895,0.015970706837343054,0.004431288056572381,0.00981492470472941,0.015970706837343054,0.024898137580027492,0.03993070086628474,0.005213591602899522,0.00184679187629542,0.003602161409363767,0.005213591602899522,0.00676404342775368,0.011135641516803926,1239.484201797112,1321.055402438827,1162.94977763112,400,20260803,5.0,2.0,4.0,5.0,6.0,10.354590413578977
plate,cymbal_16in_thin,17,,,,,,,0.0042354187304054205,0.0015748332507551663,0.003017148523097348,0.0042354187304054205,0.006622468344571272,0.010565814304843086,,,,,,,0.009185623809020955,0.0016822051162940937,0.0044266084923985875,0.009185623809020955,0.016807042481640045,0.025569735148025248,0.01706484595991358,0.005065696029641224,0.010239899863741873,0.01706484595991358,0.026854751574930513,0.040688760734907854,0.005405206358966484,0.0019485525972273657,0.0037621526941793056,0.005405206358966484,0.007959528700657406,0.01269517952457243,1406.3359280729921,1497.1217247495472,1321.055402438827,400,20260803,5.0,2.0,4.0,5.0,7.0,14.271202864078974
plate,cymbal_16in_thin,18,,,,,,,0.004739449108630905,0.001614615579297263,0.00300333347778686,0.004739449108630905,0.010933476231599022,0.01314432787021918,,,,,,,0.006914437786718365,0.0006935111937745711,0.0029940186107895606,0.006914437786718365,0.012734177244317734,0.025003295837529048,0.017865098456060588,0.004735340671405918,0.010000329110388641,0.017865098456060588,0.029469425211567608,0.04392183985231018,0.005415869768538039,0.0019621747188636957,0.0036276867018180075,0.005415869768538039,0.01379146053623465,0.014371567894837458,1592.1401126215692,1693.1890682721116,1497.1217247495472,400,20260803,5.0,2.0,4.0,5.0,12.770561257198084,16.32154594020717
plate,cymbal_16in_thin,19,,,,,,,0.005527896704148173,0.0017885282881629845,0.0034450951558810724,0.005527896704148173,0.01416076709890978,0.016691857422119306,,,,,,,0.004879446492686797,0.00048824195995070686,0.0019079140453965174,0.004879446492686797,0.009382133915231287,0.021903398961608762,0.019492375616133574,0.0047618791281731155,0.0103962694243796,0.019492375616133574,0.03694837126975366,0.048508953142883844,0.005526010802322623,0.0019133323559689464,0.003617410300615193,0.005526010802322623,0.015626818090823835,0.016212920967024615,1799.050003290016,1911.5295361791561,1693.1890682721116,400,20260803,5.0,2.0,3.0,5.0,15.47397634918585,18.365004993090878
plate,cymbal_16in_thin,20,,,,,,,0.010530015103428138,0.001956135942940448,0.003700009236885132,0.010530015103428138,0.018932633745018912,0.02166894844794994,,,,,,,0.0033380764988892543,0.00022404405175475842,0.0013337610068656013,0.0033380764988892543,0.007830325169311904,0.01900281126856101,0.027272515477641028,0.0043421632921390695,0.010679095736236386,0.027272515477641028,0.045668420274830535,0.054140797865461936,0.008875165679974211,0.0017976548891332235,0.0033780281742859007,0.008875165679974211,0.017641452215844004,0.018246810590986703,2029.4634099536993,2154.6733411054515,1911.5295361791561,400,20260803,8.0,2.0,3.0,8.0,17.782656161010394,20.804055708897828
plate,cymbal_16in_thin,21,,,,,,,0.023164201534455465,0.002412886079304458,0.0046391797100528145,0.023164201534455465,0.025336969018450426,0.028917006586572317,,,,,,,0.0024457860800749884,0.0001110731544815675,0.0008403783555301808,0.0024457860800749884,0.005946878890202655,0.016956055921594375,0.04425688327581763,0.005071637035601833,0.01242238782527386,0.04425688327581763,0.053679199748191984,0.0646710598552049,0.01919052974719222,0.0019212381349188019,0.0034766851900443437,0.01919052974719222,0.01991950915421003,0.02063081863843149,2286.0504961747515,2425.4381262171387,2154.6733411054515,400,20260803,17.369009285939953,2.0,3.0,17.369009285939953,20.59061098132864,23.505956925658783
plate,cymbal_16in_thin,22,,,,,,,0.031112288955051876,0.002617755297859562,0.005781166023282454,0.031112288955051876,0.0335146430828487,0.03753390796440811,,,,,,,0.0016967421251265244,4.2037398693917234e-05,0.00043530105660428454,0.0016967421251265244,0.004652977813846606,0.01426935550812093,0.05366512710050682,0.004599177870411711,0.013477636986183261,0.05366512710050682,0.060635747164815124,0.07533116352307657,0.02164927373531523,0.0018339386293190487,0.003678941441795167,0.02164927373531523,0.022400970147426195,0.0234256815582649,2571.784725619831,2726.9616171356174,2425.4381262171387,400,20260803,20.13957141896804,2.0,3.0,20.13957141896804,23.460485739563907,26.789573466213515
plate,cymbal_16in_thin,23,,,,,,,0.04067612496289872,0.0021288726927357845,0.037262154521889156,0.04067612496289872,0.04373312857486644,0.04818196318854717,,,,,,,0.0011116071892754045,1.216347543415771e-05,0.0002530047458145025,0.0011116071892754045,0.0039665606100250175,0.012679702372148636,0.06179872191009419,0.004150492751136449,0.039852186677563524,0.06179872191009419,0.07065938502506068,0.08813383877453544,0.02438256931088076,0.0011929199565410696,0.023447186976076437,0.02438256931088076,0.025356442537040114,0.026648942169342684,2889.9773222733784,3062.7379830990285,2726.9616171356174,400,20260803,23.461139892376988,1.0,19.79466675985626,23.461139892376988,26.398643945887457,30.06177091958003
plate,cymbal_16in_thin,24,,,,,,,0.05113845561518621,0.0043642979938925625,0.04822504918018749,0.05113845561518621,0.05454585719649192,0.061701637019644984,,,,,,,0.0008196242336870408,4.371795342579842e-06,0.00014269496792860515,0.0008196242336870408,0.0034111851886445784,0.015044679081105522,0.06756423463019325,0.0074388137195137635,0.055192552768142486,0.06756423463019325,0.07731228130112522,0.09902935378930797,0.027533226338083253,0.0021842277818296084,0.026583771079058276,0.027533226338083253,0.028925586829645866,0.03042811194906668,3244.3156440657726,3436.658328728339,3062.7379830990285,400,20260803,26.953334241586504,2.0,24.11604223259765,26.953334241586504,29.94288912136521,33.694754674723384
plate,cymbal_16in_thin,25,,,,,,,0.06128140443803197,0.05450445749012194,0.058170614252542024,0.06128140443803197,0.06560563657095655,0.0752718123880866,,,,,,,0.0004892444529891223,1.3360933572994566e-06,7.757865260548954e-05,0.0004892444529891223,0.0027402445717600098,0.012799111798651501,0.07051351631218081,0.023641224798439373,0.058120079658059216,0.07051351631218081,0.08452349225086866,0.10829882495420698,0.031040601406112187,0.02902324889618093,0.02991873249080729,0.031040601406112187,0.032881482110935174,0.03482796335468659,3638.905914797386,3853.0557856320793,3436.658328728339,400,20260803,30.743932183865194,24.250766897900473,27.791505074785,30.743932183865194,33.70411020922093,37.839648315332575
plate,cymbal_16in_thin,26,,,,,,,0.06856702779096877,0.06194475438457046,0.06508987246518644,0.06856702779096877,0.07335448296235246,0.08394883314468417,,,,,,,0.0002771348017433191,2.6878777719593185e-07,2.8797732396754547e-05,0.0002771348017433191,0.0019354043349424058,0.010193580893281526,0.06771713948208093,0.02308360302317146,0.05127241934678467,0.06771713948208093,0.08279298927653536,0.10544007355174712,0.034633669524649136,0.032445573513777505,0.03337070033906204,0.034633669524649136,0.036804459006090084,0.039171633940067126,4078.320809686421,4316.755726388418,3853.0557856320793,400,20260803,34.49224685011947,28.340088269796897,31.518480244775063,34.49224685011947,37.585740731480705,42.13820807776119
plate,cymbal_16in_thin,27,,,,,,,0.07212231915627322,0.06600585051649203,0.06901905931859369,0.07212231915627322,0.07721642055249173,0.0876171573965949,,,,,,,0.00012452176336700285,3.660886557411546e-08,9.257608820905523e-06,0.00012452176336700285,0.0011709879885180253,0.007459347659722475,0.0596321470878402,0.014161205196351194,0.0399496524096502,0.0596321470878402,0.07369353928182946,0.09666680679324975,0.038464108164731475,0.03609197373025458,0.03706273087581673,0.038464108164731475,0.04085711382567001,0.043470196460966296,4567.652446074554,4833.131682803398,4316.755726388418,400,20260803,38.410543954525025,31.559504108048046,35.09895937143242,38.410543954525025,41.855456755346765,46.92508147030617
plate,cymbal_16in_thin,28,,,,,,,0.07218740764252132,0.06713615974188755,0.06952334580863889,0.07218740764252132,0.07744659579810889,0.08781092415569113,,,,,,,4.867833733193322e-05,3.8515702522973e-09,2.4738527096577334e-06,4.867833733193322e-05,0.0006376699431497879,0.005529478347670979,0.047954918418501406,0.007922767413023056,0.029150929495026616,0.047954918418501406,0.06322828338570767,0.08535284097640436,0.042725633963129096,0.04010043107537501,0.04118059626264933,0.042725633963129096,0.045418620841722594,0.04822695716823057,5112.571393434344,5408.167616447384,4833.131682803398,400,20260803,42.773957095154415,35.14464351924301,39.086178628859344,42.773957095154415,46.61020977914012,52.25574060793906
plate,cymbal_16in_thin,29,,,,,,,0.06937369722552852,0.0654385565312252,0.067083065572343,0.06937369722552852,0.07493299097470645,0.08379308504787703,,,,,,,1.8347140677643267e-05,3.005519020624959e-10,6.072276631154527e-07,1.8347140677643267e-05,0.00034847110828428783,0.0040761091161899176,0.035347294258758585,0.003639478346301168,0.01972183412833347,0.035347294258758585,0.05213159153693224,0.07331745198941798,0.047485478249811405,0.044582058090433425,0.045706340418714915,0.047485478249811405,0.05045305076405272,0.05345449989128604,5719.392386557584,6048.527263084527,5408.167616447384,400,20260803,47.63305116803956,39.13705246654054,43.52634343485844,47.63305116803956,51.90509969474743,58.191959202290825
plate,cymbal_16in_thin,30,,,,,,,0.06498584484562608,0.06155052748688943,0.06258569200692171,0.06498584484562608,0.07000927310168369,0.07726410402697151,,,,,,,6.70499641872869e-06,1.0122915939112398e-11,1.3869144579002756e-07,6.70499641872869e-06,0.0001849726018234627,0.0027563045184076005,0.024871681154130965,0.0014866112481722847,0.012371786118273794,0.024871681154130965,0.041570218258939626,0.06054400817678632,0.052739640266177945,0.04955523239019886,0.050713956516816726,0.052739640266177945,0.05595676086834709,0.05919335644809616,6395.147503469621,6761.631354584867,6048.527263084527,400,20260803,53.044135208946926,43.58299650784827,48.47090811303817,53.044135208946926,57.80148570640828,64.80252841898475
plate,cymbal_16in_thin,31,,,,,,,0.06012091305591499,0.05540372678555295,0.05786931548357155,0.06012091305591499,0.06442988250140096,0.07105872540973476,,,,,,,2.0889913464554136e-06,3.352189072545735e-13,2.537416845359474e-08,2.0889913464554136e-06,8.870913093368964e-05,0.0020522493824370954,0.01704847274900349,0.0005453740552264537,0.00714732992028856,0.01704847274900349,0.03161153880340509,0.04933878230335829,0.058467404701158354,0.054978339392979345,0.05628417612468662,0.058467404701158354,0.062050126969262355,0.06572163155128466,7147.667656109318,7555.743613196125,6761.631354584867,400,20260803,59.06991492396686,48.53399693875888,53.97717216514542,59.06991492396686,64.36769738458344,72.16405405590866
plate,cymbal_16in_thin,32,,,,,,,0.05557728857356347,0.04954886091570848,0.05347977175072939,0.05557728857356347,0.05955610603373689,0.06611473825422996,,,,,,,6.443941289990831e-07,7.535759920493183e-15,3.453643972540178e-09,6.443941289990831e-07,3.9611857378371395e-05,0.0013402595090317969,0.010995015172800701,0.00018214000755594642,0.0038434402048683532,0.010995015172800701,0.024122321827553403,0.04063158042201763,0.06490315772467031,0.06096654484860719,0.06244588060620795,0.06490315772467031,0.06871147447475692,0.072929515730388,7985.673338139188,8440.066514709539,7555.743613196125,400,20260803,65.78021934715457,54.047427840975956,60.10894427954845,65.78021934715457,71.67982649508144,80.36184428042185
plate,cymbal_16in_thin,33,,,,,,,0.05251178810109557,0.04418482986175969,0.04991754870202679,0.05251178810109557,0.05628684333558347,0.06319179481191152,,,,,,,1.5960709228589506e-07,1.2900611127347205e-16,3.9687371699479873e-10,1.5960709228589506e-07,1.694404939855917e-05,0.000840639571179655,0.00715480271518504,5.0407307582467865e-05,0.0020587739295159797,0.00715480271518504,0.018169659724131842,0.03426219834104703,0.07197856076703274,0.06756856485846643,0.06910403784777622,0.07197856076703274,0.07626061920271145,0.08076198724357186,8918.87568152042,9424.847930259928,8440.066514709539,400,20260803,73.25281004601845,60.18718095506259,66.9372817706625,73.25281004601845,79.8226087794718,89.49089821294577
plate,cymbal_16in_thin,34,,,,,,,0.05085286799253824,0.04034088919605665,0.04768088571067776,0.05085286799253824,0.05464578621875258,0.06203831694265005,,,,,,,3.252558087708094e-08,1.3470151398841482e-18,3.3257405680186797e-11,3.252558087708094e-08,6.843004009888455e-06,0.0005061790437022041,0.004619260786568019,1.3762139744137174e-05,0.001069945554823167,0.004619260786568019,0.013904099300257091,0.029064927301966716,0.07972912000924579,0.0747740229965656,0.07654853107483484,0.07972912000924579,0.08452728309769422,0.08930876565623572,9958.08899294587,10521.49988256573,9424.847930259928,400,20260803,81.57428225222401,67.02440608230043,74.54131401821166,81.57428225222401,88.89040590517808,99.65700681300589
plate,cymbal_16in_thin,35,,,,,,,0.051045633699011536,0.03795154403774972,0.046423323749104274,0.051045633699011536,0.055128200530720615,0.06251900709399506,,,,,,,5.945001504424273e-09,5.740370708184166e-21,2.332948767409186e-12,5.945001504424273e-09,2.767472146129035e-06,0.0002924191109288868,0.0029270457876416564,2.988403502074665e-06,0.000538316260869095,0.0029270457876416564,0.010608470701623192,0.025239482987868968,0.08843652198401131,0.08268036397279738,0.08462097803342959,0.08843652198401131,0.09353597773742905,0.09924443503458669,11115.35607425443,11742.730792801776,10521.49988256573,400,20260803,90.8410683601796,74.63833559573482,83.00915944867376,90.8410683601796,98.98829896448453,110.97797882523614
plate,cymbal_16in_thin,36,,,,,,,0.05237599414899212,0.035652824576444614,0.04646064552945085,0.05237599414899212,0.057222564965338604,0.06530001945121762,,,,,,,9.62029884565361e-10,1.1316704165350948e-23,1.235996943927833e-13,9.62029884565361e-10,9.935144369282915e-07,0.00016161229609237373,0.0017924671260157164,6.191584080514737e-07,0.00024566672793240155,0.0017924671260157164,0.008116235130941164,0.02273447818248476,0.09783787205869768,0.09102137913744981,0.09385918761957629,0.09783787205869768,0.10360030767932711,0.11025282307400439,12404.08777909383,13102.692750631822,11742.730792801776,400,20260803,101.16055542240107,83.11720261513196,92.43894668521362,101.16055542240107,110.23330619431022,123.58500599204267
plate,cymbal_16in_thin,37,,,,,,,0.054421777816806335,0.03373000832220099,0.04728216706811628,0.054421777816806335,0.06007858623626394,0.06927652188058446,,,,,,,1.1072145872850728e-10,7.572785924940668e-27,3.3463352863123316e-15,1.1072145872850728e-10,3.1966824501217847e-07,8.518957923261149e-05,0.0010776635569880169,1.081997159192914e-07,9.891734108209279e-05,0.0010776635569880169,0.006300132034343366,0.020356068291683894,0.10833904138436268,0.0999548768272951,0.10389178301583639,0.10833904138436268,0.11459377755210269,0.12216414837218582,13839.218423072582,14617.145514022386,13102.692750631822,400,20260803,112.65232959165263,92.55926348603847,102.93995169961201,112.65232959165263,122.75573902818982,137.62418335357447
plate,cymbal_18in_medium,0,,,,,,,0.0009333563904820989,0.000724106748516125,0.0008356457492760786,0.0009333563904820989,0.0010494005272514504,0.0012459412638134075,,,,,,,0.05979658713475969,0.03485710097388127,0.04698355376496297,0.05979658713475969,0.0734511503018219,0.10352265504505224,0.007885180240826736,0.0033565979094435272,0.005507097699391932,0.007885180240826736,0.010996635794514258,0.01745727472771672,0.0011988386591942068,0.0009868646467237475,0.0011022141275737459,0.0011988386591942068,0.0013092257964912196,0.0014780413163927766,31.070005997851133,48.26726363532532,19.999999999999982,400,20260803,1.0,1.0,1.0,1.0,1.0,1.0
plate,cymbal_18in_medium,1,,,,,,,0.0008369684162055914,0.0,0.0,0.0008369684162055914,0.0009740901512977774,0.001207348752770494,,,,,,,0.04098213670530765,0.0,0.0,0.04098213670530765,0.05233051672368532,0.07316658736793916,0.005521806950668421,0.0,0.0,0.005521806950668421,0.008728073167184401,0.013882942132744741,0.0011022742973069949,0.0,0.0,0.0011022742973069949,0.0012460394184857164,0.0014130493322087711,62.04115804080137,79.74567027716589,48.26726363532532,400,20260803,1.0,0.0,0.0,1.0,1.0,1.0
plate,cymbal_18in_medium,2,,,,,,,0.0011447076332431823,0.0,0.0,0.0011447076332431823,0.001735946137001812,0.0022464409495984534,,,,,,,0.06015436023547838,0.0,0.0,0.06015436023547838,0.0763501617419637,0.10345595973488798,0.008627410346734067,0.0,0.0,0.008627410346734067,0.014243364952491847,0.02424950389377694,0.0013997667391831687,0.0,0.0,0.0013997667391831687,0.0022625366342559844,0.002664003281843496,95.6807360113951,114.80000371009025,79.74567027716589,400,20260803,1.0,0.0,0.0,1.0,2.0,2.0
plate,cymbal_18in_medium,3,,,,,,,0.0018027213439360135,0.0,0.0015635666311646962,0.0018027213439360135,0.0020143846068808573,0.002448507860965088,,,,,,,0.07807608845405342,0.0,0.05924295342374668,0.07807608845405342,0.09876946508276718,0.12410715320008026,0.01275638196797551,0.0,0.007979970956122729,0.01275638196797551,0.018946050867449583,0.03241256586484607,0.002349712569819291,0.0,0.0020847230626588856,0.002349712569819291,0.002570471963413316,0.002928614585993907,132.8925478326256,153.83648692246896,114.80000371009025,400,20260803,2.0,0.0,2.0,2.0,2.0,2.0
plate,cymbal_18in_medium,4,,,,,,,0.00192252270427416,0.0,0.0016038294304705257,0.00192252270427416,0.0023958668286000583,0.003109114425695984,,,,,,,0.0749216434999358,0.0,0.06092883812914603,0.0749216434999358,0.08701085992270527,0.10181442857689184,0.013327611621053354,0.0,0.007743870742253868,0.013327611621053354,0.01992478213128756,0.030178239707421034,0.0025162387329816776,0.0,0.002124795932186841,0.0025162387329816776,0.0030337244963228615,0.003737778819754361,174.22138513818598,197.30748957342993,153.83648692246896,400,20260803,2.0,0.0,2.0,2.0,3.0,3.0
plate,cymbal_18in_medium,5,,,,,,,0.002476420802848369,0.0,0.0019542207928705175,0.002476420802848369,0.0028838378835839363,0.003518915527334951,,,,,,,0.07874726229670752,0.0,0.06266063826479949,0.07874726229670752,0.09508351643864492,0.11304563558714364,0.015858584310386604,0.0,0.009108902815756208,0.015858584310386604,0.0243256585349357,0.03593593719425761,0.00328517530230957,0.0,0.00252405311338253,0.00328517530230957,0.003719614427746495,0.00423195875183139,220.18573768342424,245.71677022503872,197.30748957342993,400,20260803,3.0,0.0,2.0,3.0,3.0,3.0
plate,cymbal_18in_medium,6,,,,,,,0.0028937249650168168,0.0,0.0024948759929543213,0.0028937249650168168,0.0033588218889047923,0.004214111791715085,,,,,,,0.08289905660853038,0.0,0.07135563966790716,0.08289905660853038,0.094778320474079,0.11866020800285196,0.019267651198580767,0.0,0.012829627497301157,0.019267651198580767,0.02790612769562466,0.04507537865435483,0.003799494694181423,0.0,0.0033453368806057636,0.003799494694181423,0.00424450238466538,0.0049681883300120334,271.33552007714667,299.62531408868983,245.71677022503872,400,20260803,3.0,0.0,3.0,3.0,4.0,4.0
plate,cymbal_18in_medium,7,,,,,,,0.0032292561737541385,0.0,0.002722374054344982,0.0032292561737541385,0.0037861580460386767,0.004811803953774662,,,,,,,0.07935823213920609,0.0,0.06805621105727859,0.07935823213920609,0.08927368937564331,0.10127393423456997,0.020877991217559545,0.0,0.012900939854145723,0.020877991217559545,0.030067011486496466,0.044105743475478305,0.004227331565379058,0.0,0.0036199337854379908,0.004227331565379058,0.004813886148112069,0.005651076974618271,328.2721301869142,359.65783393574134,299.62531408868983,400,20260803,4.0,0.0,3.0,4.0,4.0,4.0
plate,cymbal_18in_medium,8,,,,,,,0.0037442965921302253,0.0,0.003201640696152884,0.0037442965921302253,0.004421540759276931,0.006803623344152816,,,,,,,0.07622665947152613,0.0,0.06886046289855462,0.07622665947152613,0.08729042274919971,0.12130298854272716,0.02396445549396775,0.0,0.014777464221964577,0.02396445549396775,0.03363386190634446,0.05059893544712362,0.005014223729488262,0.0,0.004355321977907965,0.005014223729488262,0.00556599128350099,0.007959429370759543,391.6601411572962,426.51000950742576,359.65783393574134,400,20260803,4.0,0.0,4.0,4.0,5.0,9.0
plate,cymbal_18in_medium,9,,,,,,,0.004140173660293678,0.0,0.003558537667917578,0.004140173660293678,0.005009537485945107,0.009490327124269428,,,,,,,0.07196384625610944,0.0,0.06436021590329946,0.07196384625610944,0.08136620227336111,0.1324412962692249,0.02565329461230162,0.0,0.016509810926487185,0.02565329461230162,0.03826616587341003,0.062347879031203306,0.005469359483057764,0.0,0.004771063033790352,0.005469359483057764,0.006346358455996473,0.012467201927136858,462.2369334140603,500.9565493170786,426.51000950742576,400,20260803,5.0,0.0,4.0,5.0,5.0,11.0
plate,cymbal_18in_medium,10,,,,,,,0.00458186602483217,0.0031695224225745024,0.004051764661341674,0.00458186602483217,0.005475275460170953,0.009355072411733596,,,,,,,0.06502310276035844,0.049475995957468245,0.05911111626943341,0.06502310276035844,0.07215664011158346,0.11469753410434085,0.027720760040267647,0.009793966791356915,0.018602021073125037,0.027720760040267647,0.03754768347963311,0.0607955995388228,0.006171168728648719,0.004281080062096606,0.005357182803376081,0.006171168728648719,0.0069257341069993384,0.012654986604729596,540.822128965883,583.8601682679283,500.9565493170786,400,20260803,5.0,4.0,5.0,5.0,6.0,11.0
plate,cymbal_18in_medium,11,,,,,,,0.005212966586608454,0.0036175564324318473,0.004505481422088975,0.005212966586608454,0.006462960155317066,0.01065628410260368,,,,,,,0.06057692094664309,0.04244588448424067,0.051528310024242296,0.06057692094664309,0.07123725368004633,0.10646325759003326,0.0305102861336534,0.010909196652747703,0.020611467572561236,0.0305102861336534,0.042021419525720444,0.06964293227673689,0.006788287899660642,0.005172111826736895,0.006143600288450141,0.006788287899660642,0.007883875019547022,0.01423572890981336,628.3275372521083,676.1815851225036,583.8601682679283,400,20260803,6.0,5.0,5.0,6.0,6.0,12.0
plate,cymbal_18in_medium,12,,,,,,,0.005344616232006204,0.003677074372534761,0.004558268133816544,0.005344616232006204,0.00673833547011317,0.010342424379484794,,,,,,,0.051869942804046415,0.027196133751418747,0.03978350834707605,0.051869942804046415,0.05909147082378784,0.07660537989445637,0.029007528785940567,0.011354838674316664,0.01985101629058426,0.029007528785940567,0.039236668736337944,0.06404015989041531,0.007023051436314102,0.005156877026465041,0.0060965681707986115,0.007023051436314102,0.008444448805310124,0.013644765697217988,725.7679631618286,778.9906556781491,676.1815851225036,400,20260803,6.0,5.0,5.0,6.0,6.0,12.0
plate,cymbal_18in_medium,13,,,,,,,0.005512605066869461,0.0030963735071309812,0.004595698973037883,0.005512605066869461,0.006843926921989081,0.010315197140153203,,,,,,,0.04104251180168179,0.01649286438130246,0.028438516276322136,0.04104251180168179,0.05021497943036622,0.07111063775408596,0.02723500481427061,0.00960179042465331,0.018300844273997814,0.02723500481427061,0.037772675814131476,0.06055457800210864,0.007385714541078449,0.004411235354332102,0.006219621956518502,0.007385714541078449,0.008843844283254486,0.013227042602414826,834.2731048009164,893.4787706641346,778.9906556781491,400,20260803,6.0,4.0,5.0,6.0,8.0,11.0
plate,cymbal_18in_medium,14,,,,,,,0.0053668665146882994,0.00296415611314201,0.004403002075705339,0.0053668665146882994,0.006557107199589082,0.009723513620800232,,,,,,,0.028534480002178224,0.010816877520613765,0.01966441941484343,0.028534480002178224,0.03815479577307086,0.05435274988216373,0.024007348343498575,0.010761908424026637,0.016778174751882147,0.024007348343498575,0.033605554039595406,0.055104890628881686,0.0072207201922068025,0.004150304626405268,0.006021865090983457,0.0072207201922068025,0.008456395007449527,0.01279302934290316,955.1007271246142,1020.9726620319176,893.4787706641346,400,20260803,6.0,4.0,5.0,6.0,7.0,11.0
plate,cymbal_18in_medium,15,,,,,,,0.0048451021847296626,0.0025796845294086164,0.0038621754854879548,0.0048451021847296626,0.0062777011531677685,0.00887253884087566,,,,,,,0.01837419451463759,0.006270811872074286,0.01197924355518939,0.01837419451463759,0.02726659461708256,0.04193374962381281,0.020187720167883,0.00795627097219507,0.013736285832162,0.020187720167883,0.028948533465759888,0.04399504841022478,0.0063688404471861585,0.003503157120070251,0.005187250598357011,0.0063688404471861585,0.007943006375063564,0.011623659219309175,1089.651288384257,1162.94977763112,1020.9726620319176,400,20260803,5.0,3.0,5.0,5.0,6.0,10.0
plate,cymbal_18in_medium,16,,,,,,,0.004183713854956578,0.0017964034364049406,0.003218436007618825,0.004183713854956578,0.005656877176540122,0.009539363848282629,,,,,,,0.011344998014733262,0.0031650309546850134,0.006136596658119699,0.011344998014733262,0.017743020245067437,0.029572105018652733,0.015847288663780004,0.005454528058162523,0.010319372890919323,0.015847288663780004,0.024051042492953093,0.0423312377419702,0.005640360256069,0.0023743890802919265,0.004177862863342502,0.005640360256069,0.007257414008268125,0.011802395495624679,1239.484201797112,1321.055402438827,1162.94977763112,400,20260803,5.0,2.0,4.0,5.0,6.0,10.0
plate,cymbal_18in_medium,17,,,,,,,0.004641194136109503,0.001883755069098793,0.0031001503335418776,0.004641194136109503,0.007093305013716153,0.010216727315853928,,,,,,,0.00857120507064121,0.00135181640302746,0.004224137419881153,0.00857120507064121,0.014987686029891537,0.02650180075845118,0.01615660303614362,0.005842744730898686,0.009805592119011362,0.01615660303614362,0.02449636169682374,0.037558615161546016,0.005817293800092525,0.002292211897338307,0.0038856272630512227,0.005817293800092525,0.00909779600601422,0.012506404415907257,1406.3359280729921,1497.1217247495472,1321.055402438827,400,20260803,5.0,2.0,3.0,5.0,7.25,11.635187681839742
plate,cymbal_18in_medium,18,,,,,,,0.004591933130969447,0.0018681107203997757,0.0031428097983686107,0.004591933130969447,0.010848408225208392,0.012849084269598741,,,,,,,0.005810761622435543,0.0006928571031526534,0.0027807198933373425,0.005810761622435543,0.010949208571154532,0.021415340899600732,0.015619653911568759,0.0051082463182725284,0.009756212387130064,0.015619653911568759,0.027008436642555332,0.04086833692372126,0.005297762264259709,0.00228527125906634,0.0037756841334998167,0.005297762264259709,0.013659905636169414,0.014208558791149507,1592.1401126215692,1693.1890682721116,1497.1217247495472,400,20260803,4.0,2.0,3.0,4.0,10.657732146144516,13.78638383227907
plate,cymbal_18in_medium,19,,,,,,,0.006728566754150603,0.0019438024954467675,0.0034752933546598223,0.006728566754150603,0.014359549115254519,0.01655781796157228,,,,,,,0.004661429993612678,0.0005952434241227971,0.001941230673433669,0.004661429993612678,0.0088781566633094,0.019101060569355736,0.02016707472545279,0.005326596728522453,0.010142113608944897,0.02016707472545279,0.03670789914943071,0.04518677526764271,0.00690431816003448,0.0021797913477434316,0.0037320605837957454,0.00690431816003448,0.015557467423996633,0.01605666523593001,1799.050003290016,1911.5295361791561,1693.1890682721116,400,20260803,6.0,2.0,3.0,6.0,13.237315423398467,15.636088439703814
plate,cymbal_18in_medium,20,,,,,,,0.017430951998823017,0.0022390601129934893,0.004179761358169604,0.017430951998823017,0.019122373918429886,0.02180578514234362,,,,,,,0.003390625910833045,0.0002694331577129907,0.001305920129005684,0.003390625910833045,0.0076202353376612995,0.01818278110664264,0.03522207055721245,0.005064981820164818,0.010573970488190804,0.03522207055721245,0.04487243600110523,0.05208099355035753,0.017036350669444034,0.0021085480047620276,0.003761095646681788,0.017036350669444034,0.017547675706379846,0.018164152155189024,2029.4634099536993,2154.6733411054515,1911.5295361791561,400,20260803,12.980151110516882,2.0,3.0,12.980151110516882,15.552661993956498,17.8294537609246
plate,cymbal_18in_medium,21,,,,,,,0.023482932660066264,0.0024283430787377424,0.005693535091761027,0.023482932660066264,0.02554797507511458,0.028580825600315208,,,,,,,0.0024897962085869965,0.0001103656734863468,0.0008031943552281472,0.0024897962085869965,0.005962373115809674,0.015615208122403327,0.045384072289794235,0.004783912455768867,0.013072507874538715,0.045384072289794235,0.051919445766833286,0.06049545664945599,0.01926059710262347,0.0020751120986716646,0.004205057431545693,0.01926059710262347,0.01976026941769852,0.020418023280024,2286.0504961747515,2425.4381262171387,2154.6733411054515,400,20260803,15.481667823098768,2.0,3.75,15.481667823098768,17.804629360914568,20.37309759501138
plate,cymbal_18in_medium,22,,,,,,,0.031756177986865614,0.002081504879853165,0.029993824626959865,0.031756177986865614,0.0340341043742905,0.03833831748414159,,,,,,,0.0019665515486288147,4.382130700086671e-05,0.0005027840857603486,0.0019665515486288147,0.005752093447837376,0.015837356763218954,0.054607742747588506,0.004281615653454059,0.046326372138260366,0.054607742747588506,0.06102039534592872,0.07466374091700229,0.021711750981303443,0.001352905200677232,0.021140967990339772,0.021711750981303443,0.022469012706819103,0.02325607577121211,2571.784725619831,2726.9616171356174,2425.4381262171387,400,20260803,18.223634700127455,1.0,15.999663411140695,18.223634700127455,20.23102855210186,22.850851429153412
plate,cymbal_18in_medium,23,,,,,,,0.04142123270222578,0.036393362875471305,0.03925818594025601,0.04142123270222578,0.04384336501431498,0.04902667885843577,,,,,,,0.0014484781747259754,1.3797463457095255e-05,0.00035874496302907525,0.0014484781747259754,0.005209266649010678,0.01634824049333496,0.062369344007375135,0.021961538367368447,0.0567652201762426,0.062369344007375135,0.06993539723544914,0.08375394600124328,0.02448396104015505,0.022977703034148544,0.023891465519585292,0.02448396104015505,0.025430943814716528,0.026267882761375424,2889.9773222733784,3062.7379830990285,2726.9616171356174,400,20260803,20.76795188820652,15.746665730018613,18.82711576383938,20.76795188820652,22.94009092656565,25.773786186347124
plate,cymbal_18in_medium,24,,,,,,,0.05127457554322261,0.046622367436789075,0.04879770793112137,0.05127457554322261,0.0540246478369659,0.06075402463013548,,,,,,,0.0009300282846100132,6.179769410632294e-06,0.0001787747732272061,0.0009300282846100132,0.003921410841757645,0.013474241796637993,0.06752091700228663,0.03678790933286385,0.059128227478840896,0.06752091700228663,0.07602390350981403,0.08832156666334344,0.027383680564644856,0.026004022776812546,0.026649988234641493,0.027383680564644856,0.028520478008271476,0.02970350973843064,3244.3156440657726,3436.658328728339,3062.7379830990285,400,20260803,23.493764740975777,19.303334150491548,21.468237864628207,23.493764740975777,25.600841667340095,28.701671755018708
plate,cymbal_18in_medium,25,,,,,,,0.059962951099047826,0.054935369006582746,0.0573536683083309,0.059962951099047826,0.06292227439333044,0.07024293430852119,,,,,,,0.0004761971810872424,1.3004776775715326e-06,7.158211048420442e-05,0.0004761971810872424,0.002503943265385127,0.010822753201005647,0.06721847238526588,0.028358018867975034,0.05528681499756299,0.06721847238526588,0.07637054923957261,0.08750638130404641,0.030432159821144215,0.02891671824668265,0.029613369156836267,0.030432159821144215,0.03168844842139286,0.03297921342627207,3638.905914797386,3853.0557856320793,3436.658328728339,400,20260803,26.162641336813753,21.496180520747107,23.90701590733407,26.162641336813753,28.509080849651742,31.96216324512
plate,cymbal_18in_medium,26,,,,,,,0.0666314004790218,0.06157952914458238,0.06395827260453427,0.0666314004790218,0.06995132302356999,0.07650201078911106,,,,,,,0.00022824350859551804,2.2292509966453693e-07,2.5429448205541383e-05,0.00022824350859551804,0.0015686117154710443,0.008127301413562358,0.06371248266921228,0.019687750374516116,0.04694516130362624,0.06371248266921228,0.07289522005131319,0.08591624524433802,0.033790522531832415,0.03215166743883242,0.03291012135689146,0.033790522531832415,0.035198037224012546,0.036577648783467975,4078.320809686421,4316.755726388418,3853.0557856320793,400,20260803,29.134700601003846,23.938132831253753,26.62283757043781,29.134700601003846,31.74769413651152,35.59304447585218
plate,cymbal_18in_medium,27,,,,,,,0.07028286965184187,0.0656742488715695,0.06781708747643095,0.07028286965184187,0.07327417731620309,0.07894733568298379,,,,,,,0.00010872342103974235,3.035669435873666e-08,8.153449843299273e-06,0.00010872342103974235,0.0009135659707147898,0.006490832895375319,0.054111356048823715,0.011861943654239093,0.03720630430516852,0.054111356048823715,0.06726318984431277,0.08089535177706986,0.03751460577033743,0.035742976111671605,0.03659305377134013,0.03751460577033743,0.03910982459574044,0.04066784349161068,4567.652446074554,4833.131682803398,4316.755726388418,400,20260803,32.444383890083074,26.65748935694359,29.64717483140533,32.444383890083074,35.354211814156386,39.63639148402851
plate,cymbal_18in_medium,28,,,,,,,0.07070962788520244,0.0667564851933956,0.06859082744835493,0.07070962788520244,0.07351191826006598,0.07824598222371813,,,,,,,4.321123909121577e-05,3.1929725511717224e-09,2.1151639545587347e-06,4.321123909121577e-05,0.0005434741312119939,0.004727358104578766,0.043190745313209204,0.006404035036460592,0.026952984761506642,0.043190745313209204,0.05852680988182498,0.07281594781151572,0.041652192711654545,0.0397241717508385,0.04061180713297507,0.041652192711654545,0.04341336231823101,0.04520017283588071,5112.571393434344,5408.167616447384,4833.131682803398,400,20260803,36.13004507658484,29.68576303861773,33.01507486414233,36.13004507658484,39.370427585250965,44.13906011723764
plate,cymbal_18in_medium,29,,,,,,,0.06783582220690845,0.06507739400095314,0.0663790769123401,0.06783582220690845,0.0709533667639855,0.07498631618766675,,,,,,,1.6630456316705577e-05,2.3808784241263267e-10,5.273306616035725e-07,1.6630456316705577e-05,0.00029586240934276556,0.003324469864710055,0.032192007306387355,0.00305834977757428,0.01774599834052853,0.032192007306387355,0.04862121821658689,0.06297012754231451,0.046293618239183695,0.044110945740368876,0.045121307843041504,0.046293618239183695,0.048220921982595435,0.05015514641179537,5719.392386557584,6048.527263084527,5408.167616447384,400,20260803,40.23439500834728,33.05804666692765,36.765566179017355,40.23439500834728,43.842882890259865,49.15322901728283
plate,cymbal_18in_medium,30,,,,,,,0.06361658644370244,0.06084490930356074,0.06203174858389388,0.06361658644370244,0.06638618088871773,0.06997521280641104,,,,,,,5.719782856154279e-06,9.064106992284663e-12,1.2825721243154728e-07,5.719782856154279e-06,0.0001487200966582273,0.002535998030844274,0.022400113196455816,0.0012933410663438542,0.01098686709553826,0.022400113196455816,0.03805499819373771,0.052589556233422256,0.051359550368365106,0.048984010316181444,0.05005114226693441,0.051359550368365106,0.05345005719275439,0.05569371256412119,6395.147503469621,6761.631354584867,6048.527263084527,400,20260803,44.80499645810933,36.81341955101883,40.94211090012664,44.80499645810933,48.823406247412265,54.7370042861857
plate,cymbal_18in_medium,31,,,,,,,0.05870355745022711,0.0543527181783827,0.057237906474761846,0.05870355745022711,0.061366296276746723,0.06488230854576192,,,,,,,1.8525843488393858e-06,3.012833051483469e-13,2.1255889758960536e-08,1.8525843488393858e-06,7.113934947949947e-05,0.0017190778205680578,0.015251965678544685,0.0004811793321042099,0.006276847089723158,0.015251965678544685,0.029002230630062055,0.04377545891826978,0.056986289771029666,0.0544227696696716,0.05550374503857772,0.056986289771029666,0.05935198034474922,0.061731787565379864,7147.667656109318,7555.743613196125,6761.631354584867,400,20260803,49.894815299067204,40.99540038447451,45.59310842096977,49.894815299067204,54.369713861344515,60.95509284186498
plate,cymbal_18in_medium,32,,,,,,,0.05446697297664961,0.04832372242512878,0.05260908830216182,0.05446697297664961,0.056735402143039,0.06038223378620875,,,,,,,5.565078589823146e-07,7.245600888412947e-15,2.9182556235976717e-09,5.565078589823146e-07,3.315451247193145e-05,0.0011156957227877553,0.00994238849753111,0.00014810833792372542,0.0034737178193718675,0.00994238849753111,0.021821621413639233,0.03599863128959685,0.06323915498693414,0.060433063134153614,0.06151891170374746,0.06323915498693414,0.06589490717886007,0.06845524042691865,7985.673338139188,8440.066514709539,7555.743613196125,400,20260803,55.56283429361666,45.65245155653698,50.7724562750832,55.56283429361666,60.54607846049518,67.87955226658352
plate,cymbal_18in_medium,33,,,,,,,0.051506361331151565,0.0435026354009375,0.04871026654142603,0.051506361331151565,0.05377881208961601,0.05765164598545645,,,,,,,1.3800626264945187e-07,1.242936088091015e-16,3.3340391655456253e-10,1.3800626264945187e-07,1.4142693410739834e-05,0.0006983146393083985,0.006462052300998207,4.464499035599045e-05,0.0018304034950103274,0.006462052300998207,0.01626029868276257,0.03089605158540646,0.07014380087084844,0.06679858809598425,0.0681836993935517,0.07014380087084844,0.07303459938133697,0.07600469221155545,8918.87568152042,9424.847930259928,8440.066514709539,400,20260803,61.87473660810711,50.83854075276385,56.5401747212223,61.87473660810711,67.42407411400389,75.59062583770346
plate,cymbal_18in_medium,34,,,,,,,0.04998700122971883,0.03965898351179777,0.0464535598222695,0.04998700122971883,0.05264672891065701,0.056727518725304085,,,,,,,2.6531169207579048e-08,1.297987907927946e-18,2.8496783958315115e-11,2.6531169207579048e-08,6.135016443919788e-06,0.00042045795746357165,0.004098426481369233,1.248779980914073e-05,0.0009107900910853754,0.004098426481369233,0.012350173507056141,0.02701365319732819,0.07775298014695962,0.07389575679749412,0.0755238958316889,0.07775298014695962,0.08091848681787843,0.08436492249046527,9958.08899294587,10521.49988256573,9424.847930259928,400,20260803,68.90366697442606,56.6137663531525,62.963102281012624,68.90366697442606,75.08340565932421,84.17767241739057
plate,cymbal_18in_medium,35,,,,,,,0.0499119600600164,0.03583880298302568,0.045654613446516876,0.0499119600600164,0.052955916085843144,0.05756538387172615,,,,,,,5.118967347113438e-09,5.436509383579058e-21,1.9203517537426718e-12,5.118967347113438e-09,2.4320748420501926e-06,0.0002428832826861917,0.0025593746731874117,2.8326326770586202e-06,0.00045389327718323635,0.0025593746731874117,0.009388954689559479,0.023560698599959778,0.08601807616888459,0.08170711600638907,0.08355616874004619,0.08601807616888459,0.08964466791638166,0.09356066038930388,11115.35607425443,11742.730792801776,10521.49988256573,400,20260803,76.73107931906121,63.0450538750986,70.11567028924131,76.73107931906121,83.61283235229216,93.74020197720469
plate,cymbal_18in_medium,36,,,,,,,0.050911389447087216,0.03312747824178417,0.04566999402817408,0.050911389447087216,0.0549808747044346,0.06023556586992374,,,,,,,7.912452147918171e-10,9.630157969957624e-24,1.0378900637357606e-13,7.912452147918171e-10,8.571626923179075e-07,0.00013422566969393005,0.0016133914310003687,5.885529391975564e-07,0.00021466719012303763,0.0016133914310003687,0.007184350993104206,0.020879965405624663,0.09522034198105578,0.08978099217009053,0.09262495491049912,0.09522034198105578,0.09926834884372152,0.10359540645176796,12404.08777909383,13102.692750631822,11742.730792801776,400,20260803,85.44768068226622,70.2069315318163,78.0807654325519,85.44768068226622,93.11119644323452,104.38902875760208
plate,cymbal_18in_medium,37,,,,,,,0.05300242995996776,0.03149902347371547,0.046270447210357814,0.05300242995996776,0.05840659224433697,0.06404491965978652,,,,,,,9.210956514000014e-11,7.12880417868187e-27,2.865632593681937e-15,9.210956514000014e-11,2.6513380242920765e-07,7.42629730402127e-05,0.0009852149633383517,9.574974450609361e-08,8.868398353584866e-05,0.0009852149633383517,0.00552953277852062,0.018645813576402437,0.10546746814374666,0.09841057593531406,0.10250173823993394,0.10546746814374666,0.10998766370217761,0.11493126700295646,13839.218423072582,14617.145514022386,13102.692750631822,400,20260803,95.15448236585485,78.18239389371118,86.95069027199672,95.15448236585485,103.68856859868166,116.247555425638
plate,cymbal_46cm_medium,0,,,,,,,0.0010111043025314093,0.0007361859167230218,0.0008919234141705759,0.0010111043025314093,0.0011687647527586656,0.0014715116694487254,,,,,,,0.08571028281277168,0.046158898932761594,0.06721468183462684,0.08571028281277168,0.10768840282499575,0.16001677474230344,0.010117617231267268,0.003319253420619411,0.00673622178564035,0.010117617231267268,0.015542059548407056,0.026881616774339763,0.0012720990592875307,0.00100057978908577,0.0011593948993987504,0.0012720990592875307,0.001383088654470992,0.0015786967292752343,31.070005997851133,48.26726363532532,19.999999999999982,2000,20260803,1.0,1.0,1.0,1.0,1.0,1.0
plate,cymbal_46cm_medium,1,,,,,,,0.0,0.0,0.0,0.0,0.0008765234429161899,0.0011472571699403722,,,,,,,0.0,0.0,0.0,0.0,0.05502855021985817,0.08636219872229732,0.0,0.0,0.0,0.0,0.0065293006834951815,0.014295521062723917,0.0,0.0,0.0,0.0,0.0011523525567027728,0.0013806418553894372,62.04115804080137,79.74567027716589,48.26726363532532,2000,20260803,0.0,0.0,0.0,0.0,1.0,1.0
plate,cymbal_46cm_medium,2,,,,,,,0.000984913065754074,0.0,0.0007999240500101872,0.000984913065754074,0.0011560056696785842,0.0014741530382236245,,,,,,,0.06576715938043473,0.0,0.04334336548424261,0.06576715938043473,0.08435103317656313,0.11574840631669035,0.008539714606704312,0.0,0.004112973228263109,0.008539714606704312,0.014201293244105411,0.025724683558639095,0.0012486074831404383,0.0,0.0010719419498490062,0.0012486074831404383,0.0013800482371224042,0.0015833459169226707,95.6807360113951,114.80000371009025,79.74567027716589,2000,20260803,1.0,0.0,1.0,1.0,1.0,1.0
plate,cymbal_46cm_medium,3,,,,,,,0.0010092510767516238,0.0,0.0008533649521825918,0.0010092510767516238,0.0011979883492586466,0.0017667656011288912,,,,,,,0.061375939843589904,0.0,0.04739009237664342,0.061375939843589904,0.0752231052439484,0.09797253792046871,0.00890071805521844,0.0,0.005148655008748975,0.00890071805521844,0.014381079949482227,0.024604916074820658,0.0012713129478111903,0.0,0.0011274644728697433,0.0012713129478111903,0.001411566771621657,0.0022044822447594664,132.8925478326256,153.83648692246896,114.80000371009025,2000,20260803,1.0,0.0,1.0,1.0,1.0,2.0
plate,cymbal_46cm_medium,4,,,,,,,0.001662638882224174,0.0,0.0,0.001662638882224174,0.001980607640830558,0.0024843329032757464,,,,,,,0.07939846867419231,0.0,0.0,0.07939846867419231,0.09997229082415403,0.12888631598160602,0.010849912827766517,0.0,0.0,0.010849912827766517,0.01944064380922667,0.03442714563040681,0.0022099828276240397,0.0,0.0,0.0022099828276240397,0.0025270362742848915,0.002905571694383173,174.22138513818598,197.30748957342993,153.83648692246896,2000,20260803,2.0,0.0,0.0,2.0,2.0,2.0
plate,cymbal_46cm_medium,5,,,,,,,0.0019161473600373233,0.0,0.0015962312714028425,0.0019161473600373233,0.0022545719866354807,0.0029083780552983086,,,,,,,0.08240301582964792,0.0,0.0632624545447323,0.08240301582964792,0.1094001453835095,0.13980925838749816,0.014976371906670859,0.0,0.008217175947728864,0.014976371906670859,0.024148439398758607,0.04402122625277112,0.0024719230410679403,0.0,0.0021613105391754556,0.0024719230410679403,0.0027358556673198232,0.0031488658035384934,220.18573768342424,245.71677022503872,197.30748957342993,2000,20260803,2.0,0.0,2.0,2.0,2.0,2.0
plate,cymbal_46cm_medium,6,,,,,,,0.0019376363591750343,0.0,0.0016213949374943822,0.0019376363591750343,0.002265563824992177,0.0029738277670429214,,,,,,,0.07358745248113141,0.0,0.05801262409313583,0.07358745248113141,0.09166675401627987,0.11292431475958219,0.014715275296978254,0.0,0.008121622428639196,0.014715275296978254,0.02337394232279421,0.04149503439272461,0.0024858613199034646,0.0,0.0021805423813246716,0.0024858613199034646,0.0027570350587433146,0.0032983402883389724,271.33552007714667,299.62531408868983,245.71677022503872,2000,20260803,2.0,0.0,2.0,2.0,2.0,2.0
plate,cymbal_46cm_medium,7,,,,,,,0.0022509068639264542,0.0,0.00174066312790748,0.0022509068639264542,0.0027013332157160832,0.0035608206639433536,,,,,,,0.07461202589127805,0.0,0.06025684743060146,0.07461202589127805,0.08500820474729066,0.10078056826824301,0.01612735016797482,0.0,0.008368266130685356,0.01612735016797482,0.025763771497302752,0.04242969998113655,0.0028056341006659465,0.0,0.0023090574866311284,0.0028056341006659465,0.0034578409258073602,0.0042204646379945055,328.2721301869142,359.65783393574134,299.62531408868983,2000,20260803,2.0,0.0,2.0,2.0,3.0,3.0
plate,cymbal_46cm_medium,8,,,,,,,0.002661820274828832,0.0,0.002276414460979953,0.002661820274828832,0.0030922516504867797,0.004130157873304128,,,,,,,0.07397583087858481,0.0,0.06332418108738516,0.07397583087858481,0.08398872450919193,0.10110246690671822,0.01959271686877724,0.0,0.012348893302884937,0.01959271686877724,0.030008309873277822,0.04805305889983225,0.0034341224509245255,0.0,0.0028245993581390316,0.0034341224509245255,0.0038832905868656205,0.004582424768956693,391.6601411572962,426.51000950742576,359.65783393574134,2000,20260803,3.0,0.0,2.0,3.0,3.0,3.0
plate,cymbal_46cm_medium,9,,,,,,,0.003036212930613554,0.0,0.002611895079160622,0.003036212930613554,0.0035443364044638248,0.004793768861783776,,,,,,,0.06856657964134508,0.0,0.05896062327433543,0.06856657964134508,0.08228175284291753,0.10282538952487233,0.02159522968375533,0.0,0.01380059706814887,0.02159522968375533,0.032978389769627026,0.05410556880918047,0.003893459167730846,0.0,0.003479971027430435,0.003893459167730846,0.004321621075260835,0.005267016568651127,462.2369334140603,500.9565493170786,426.51000950742576,2000,20260803,3.0,0.0,3.0,3.0,3.0,4.0
plate,cymbal_46cm_medium,10,,,,,,,0.0032679709759949023,0.0,0.002802237033772746,0.0032679709759949023,0.0037918688240322126,0.005932807877004463,,,,,,,0.06084195276450596,0.0,0.05365479286035245,0.06084195276450596,0.0689352359500269,0.10023970715010479,0.022062656631455166,0.0,0.013754353141349297,0.022062656631455166,0.03329244507996956,0.05322176242329784,0.00417721485795998,0.0,0.00368694856321194,0.00417721485795998,0.004748319987974944,0.00766115257565537,540.822128965883,583.8601682679283,500.9565493170786,2000,20260803,3.0,0.0,3.0,3.0,4.0,7.0
plate,cymbal_46cm_medium,11,,,,,,,0.003608397613553807,0.0,0.0031072078074204593,0.003608397613553807,0.004250730775617303,0.007692792459506233,,,,,,,0.05515985485534154,0.0,0.048027328643184125,0.05515985485534154,0.06329988882350908,0.09992651463453046,0.02442388032138063,0.0,0.015957656130910047,0.02442388032138063,0.03576622856695179,0.05955620540030087,0.004605219851453309,0.0,0.004046966521093945,0.004605219851453309,0.005241654945792498,0.010090210339046555,628.3275372521083,676.1815851225036,583.8601682679283,2000,20260803,4.0,0.0,3.0,4.0,4.0,9.0
plate,cymbal_46cm_medium,12,,,,,,,0.003974615403849623,0.002878797480150805,0.0034683357812202798,0.003974615403849623,0.0047581774078594395,0.008403079423740505,,,,,,,0.04986859301363,0.02697814066619674,0.041798620556337714,0.04986859301363,0.057675824672434234,0.09002094192505689,0.02632072429076252,0.009553837951317938,0.017784642100812258,0.02632072429076252,0.03784329153913224,0.06039234990909192,0.005131545013943099,0.0037687349906939324,0.004524631811177972,0.005131545013943099,0.005841713331449098,0.011134754297126823,725.7679631618286,778.9906556781491,676.1815851225036,2000,20260803,4.0,3.0,4.0,4.0,4.0,9.0
plate,cymbal_46cm_medium,13,,,,,,,0.0044317864881600975,0.0030610234077295224,0.0037737407217600565,0.0044317864881600975,0.00568740951474654,0.008768164740062786,,,,,,,0.043984260884421256,0.020369436102197463,0.03355928925850846,0.043984260884421256,0.053638064389726375,0.07287127542456459,0.02780327734261729,0.009855111320990938,0.018657464691621474,0.02780327734261729,0.03981756791446943,0.061384807062835785,0.005527814557586578,0.004264124435429768,0.004964314000233793,0.005527814557586578,0.006702102527279639,0.011455547910146429,834.2731048009164,893.4787706641346,778.9906556781491,2000,20260803,4.0,4.0,4.0,4.0,5.0,9.0
plate,cymbal_46cm_medium,14,,,,,,,0.004702541365732742,0.003214721201865177,0.0039650537332946,0.004702541365732742,0.006333582184970425,0.008772065236147328,,,,,,,0.03454792477075726,0.016035079673083454,0.02558901568779938,0.03454792477075726,0.04409539092749251,0.06283741306200898,0.02756022656436761,0.010854948304158325,0.018847879438893104,0.02756022656436761,0.038764405623320064,0.05679731724222945,0.005808436923845794,0.004421062930828897,0.005157283020731356,0.005808436923845794,0.007796824471709615,0.011573459129230157,955.1007271246142,1020.9726620319176,893.4787706641346,2000,20260803,4.0,4.0,4.0,4.0,5.0,9.0
plate,cymbal_46cm_medium,15,,,,,,,0.0050031915359304395,0.003240667139168877,0.0040574681280187794,0.0050031915359304395,0.006937529967767018,0.009532613766715286,,,,,,,0.026914973903672982,0.009391999397764103,0.019218944042283075,0.026914973903672982,0.0359423327787025,0.05134312946179487,0.02646542019110175,0.010668688330394784,0.018423560279124684,0.02646542019110175,0.03733835956642825,0.05690408044335689,0.006206351628852564,0.004399014016986415,0.0052373675413758675,0.006206351628852564,0.00922577359170842,0.011951603356181738,1089.651288384257,1162.94977763112,1020.9726620319176,2000,20260803,5.0,4.0,4.0,5.0,8.0,9.0
plate,cymbal_46cm_medium,16,,,,,,,0.005486244009523782,0.0032581363221522363,0.004263001035998891,0.005486244009523782,0.007054421864065449,0.009714188082765057,,,,,,,0.019962849665381043,0.005983935916974407,0.013016257458960366,0.019962849665381043,0.027572391817264823,0.04147936386349848,0.02545616924717864,0.010277936417099742,0.01760765987401484,0.02545616924717864,0.035424444779063556,0.05495630752558094,0.006759528934052407,0.0043485461915855695,0.005406481134792941,0.006759528934052407,0.009008418501130239,0.011831014051406831,1239.484201797112,1321.055402438827,1162.94977763112,2000,20260803,5.0,4.0,4.0,5.0,8.0,9.0
plate,cymbal_46cm_medium,17,,,,,,,0.005228536178516936,0.0034081868576182864,0.004356921502642962,0.005228536178516936,0.006944589892681099,0.010066934345450829,,,,,,,0.013209375902502301,0.00307473676827905,0.0077931069934657985,0.013209375902502301,0.01949759624368542,0.03387279274222577,0.022625166487503172,0.009690659989093643,0.01608790695611327,0.022625166487503172,0.03149598972982479,0.04990044669420435,0.006308458497397236,0.004282604395139721,0.005292201531730565,0.006308458497397236,0.008488547272435022,0.011973374613741636,1406.3359280729921,1497.1217247495472,1321.055402438827,2000,20260803,5.0,4.0,4.0,5.0,7.0,9.0
plate,cymbal_46cm_medium,18,,,,,,,0.00544581875934721,0.00333787004709153,0.0043541231291760974,0.00544581875934721,0.007205914651833753,0.010885686325829076,,,,,,,0.008321578530625269,0.0014577285449547262,0.0047501738290783545,0.008321578530625269,0.013549020631995097,0.025003390684618515,0.020862944105989385,0.008730273274877961,0.01438002895267759,0.020862944105989385,0.02945797108662209,0.04911024843309427,0.006110818766217021,0.003982371911125305,0.005070879193470769,0.006110818766217021,0.00801186878496489,0.011752409993755177,1592.1401126215692,1693.1890682721116,1497.1217247495472,2000,20260803,5.0,3.0,4.0,5.0,6.0,9.0
plate,cymbal_46cm_medium,19,,,,,,,0.005565229808814322,0.002339096000085424,0.004127369975059514,0.005565229808814322,0.007606256211840722,0.012025524892778035,,,,,,,0.0047732038052716065,0.0005818838627785883,0.0022534150386242396,0.0047732038052716065,0.008688443512096404,0.01738125942262544,0.018649599408786577,0.006415807846592188,0.012090046131998048,0.018649599408786577,0.027473211934249696,0.048442894384199534,0.005617584392267637,0.0025103848485361064,0.004389880565936178,0.005617584392267637,0.00758571699624039,0.01144338035099275,1799.050003290016,1911.5295361791561,1693.1890682721116,2000,20260803,4.0,2.0,4.0,4.0,6.0,8.0
plate,cymbal_46cm_medium,20,,,,,,,0.006529856568363801,0.0025411991540526834,0.004703975689679029,0.006529856568363801,0.00983916297167597,0.0193772450559347,,,,,,,0.00292955954021076,0.00024079176706727487,0.0012630509308699798,0.00292955954021076,0.006635927506983605,0.016548469809138044,0.019770583727357783,0.006694060934153901,0.012828230270600026,0.019770583727357783,0.031320352425678,0.0532707601285508,0.0056080212556616936,0.002367184403763423,0.004256908693992466,0.0056080212556616936,0.008543381737568682,0.017944548070307622,2029.4634099536993,2154.6733411054515,1911.5295361791561,2000,20260803,4.0,2.0,3.0,4.0,6.0,15.78076564071662
plate,cymbal_46cm_medium,21,,,,,,,0.008230466130280396,0.0030045850945352396,0.0053366407834792885,0.008230466130280396,0.018913714606881973,0.027376499960755217,,,,,,,0.0019751192187935536,0.00010957458240005392,0.0007016852468424673,0.0019751192187935536,0.0051964445807513,0.01524193448781331,0.021639175964149236,0.0069670936567011775,0.013556115070637182,0.021639175964149236,0.04542063852242711,0.06270357180028331,0.00597075518086119,0.002347658152523759,0.004010122390009721,0.00597075518086119,0.011737020541084001,0.0204363329787217,2286.0504961747515,2425.4381262171387,2154.6733411054515,2000,20260803,4.0,2.0,3.0,4.0,8.0,19.018154455332922
plate,cymbal_46cm_medium,22,,,,,,,0.010691528977135,0.00360393352086589,0.006473647155890868,0.010691528977135,0.03214809330391822,0.036709292792764386,,,,,,,0.0013814318926395803,3.2930505832005776e-05,0.0003800234017168771,0.0013814318926395803,0.003909126128431967,0.013441450829805478,0.02452651644057714,0.007749770293677045,0.014716772197203763,0.02452651644057714,0.060526348115483616,0.07392538559001088,0.006632258934835448,0.002402388819069553,0.004044892867446925,0.006632258934835448,0.022373681829446882,0.023181545946162094,2571.784725619831,2726.9616171356174,2425.4381262171387,2000,20260803,5.0,2.0,3.0,5.0,18.1619002132741,21.897476163165397
plate,cymbal_46cm_medium,23,,,,,,,0.01755082181321547,0.004135454228728008,0.00740210976996493,0.01755082181321547,0.0426126258739621,0.04794048675549405,,,,,,,0.000893320816259662,1.434637053185126e-05,0.00020598237278182405,0.000893320816259662,0.003039467391700761,0.012380514670819841,0.03769914913415637,0.007752914353177501,0.01448825279374634,0.03769914913415637,0.07216158356890312,0.08411521317253312,0.008899381145323931,0.0023833676614888246,0.0040501730283264824,0.008899381145323931,0.0253409996830581,0.026329109297424706,2889.9773222733784,3062.7379830990285,2726.9616171356174,2000,20260803,6.0,2.0,3.0,6.0,21.187635750066793,24.66958208559958
plate,cymbal_46cm_medium,24,,,,,,,0.050214483451570036,0.004762031190664659,0.008849542398779785,0.050214483451570036,0.05443395977911469,0.06080119635117585,,,,,,,0.0005654257543054387,4.073222259640153e-06,9.96641169944116e-05,0.0005654257543054387,0.0024021958103649546,0.010940508357197712,0.06665881007790911,0.007691437434482333,0.014803640244066706,0.06665881007790911,0.08038081380031073,0.09614402374720916,0.027659308749178144,0.0024415978333650456,0.004318266041722217,0.027659308749178144,0.02879813638564188,0.03015706184621988,3244.3156440657726,3436.658328728339,3062.7379830990285,2000,20260803,21.25685261352127,2.0,3.0,21.25685261352127,24.547040519492903,28.0820358398406
plate,cymbal_46cm_medium,25,,,,,,,0.06133818066028908,0.00525802857665352,0.019069329365232045,0.06133818066028908,0.06638732807508556,0.07385366402276619,,,,,,,0.00039307803003768376,1.2042094504351117e-06,5.440053491308367e-05,0.00039307803003768376,0.0018803840604043076,0.009931478411091472,0.07273841096377459,0.0072446203093620215,0.02136000508630108,0.07273841096377459,0.08580864238322297,0.10660561634989792,0.03137753093020433,0.0025043065273998794,0.007390654568865421,0.03137753093020433,0.03287101525043397,0.0345248867736977,3638.905914797386,3853.0557856320793,3436.658328728339,2000,20260803,25.010922619553078,2.0,4.0,25.010922619553078,27.939735578143118,31.63386575676573
plate,cymbal_46cm_medium,26,,,,,,,0.07078883509304784,0.005899818576680248,0.06619435232547591,0.07078883509304784,0.077165106199295,0.08742545958473594,,,,,,,0.00024236166656379626,3.35728599335012e-07,2.5823188901702657e-05,0.00024236166656379626,0.001453205709424147,0.009540263307763905,0.07312081730073518,0.007535576103736855,0.0490829002521119,0.07312081730073518,0.08796030491448947,0.11208651432908359,0.03560332562084922,0.0026716966001720855,0.03423054298151974,0.03560332562084922,0.037717663693049054,0.03971506323502905,4078.320809686421,4316.755726388418,3853.0557856320793,2000,20260803,28.836691491440476,2.0,25.86440102731127,28.836691491440476,31.638274561890597,35.51640455560611
plate,cymbal_46cm_medium,27,,,,,,,0.07746457277971079,0.06835346131744237,0.07219739693475745,0.07746457277971079,0.08549412038333568,0.09908588148728882,,,,,,,0.00015456914288297655,8.022216308008085e-08,1.1638778693622017e-05,0.00015456914288297655,0.0010499848888993668,0.008502239218378067,0.06888450016203593,0.019202321772177365,0.04956897438011085,0.06888450016203593,0.08551244311521759,0.11348928423863852,0.040585084403957,0.037404843970709256,0.03870778817645179,0.040585084403957,0.043106743186476455,0.045913275846896424,4567.652446074554,4833.131682803398,4316.755726388418,2000,20260803,32.919965073489635,26.903933936502455,30.187465359743648,32.919965073489635,35.728040710493275,39.986093750502306
plate,cymbal_46cm_medium,28,,,,,,,0.07771783545286604,0.06943129636253369,0.07275417425545985,0.07771783545286604,0.08605929694085807,0.09899550489003679,,,,,,,6.32013623682749e-05,8.12615278996384e-09,3.1189229292576195e-06,6.32013623682749e-05,0.0005743349714729601,0.006319040055165741,0.055838710934913355,0.010848900170336469,0.03530389333125689,0.055838710934913355,0.07187961847321551,0.09791505847820821,0.04508776609449455,0.04155669455531708,0.04300855825364824,0.04508776609449455,0.047900383191084285,0.050986105581747064,5112.571393434344,5408.167616447384,4833.131682803398,2000,20260803,36.665835267147436,29.999799596306456,33.620450424050745,36.665835267147436,39.786723204281344,44.52848833673742
plate,cymbal_46cm_medium,29,,,,,,,0.07500467070380991,0.06762058912390578,0.07018387235513253,0.07500467070380991,0.08312935151457966,0.09455573243437401,,,,,,,2.3107157255763106e-05,6.678591372816364e-10,7.327814213683596e-07,2.3107157255763106e-05,0.000301325488941572,0.004638949800777919,0.04174510215133226,0.005386130829980908,0.023283351592803474,0.04174510215133226,0.05910550531259614,0.08213839390173694,0.05004145159497031,0.04615414704864672,0.04776494371943493,0.05004145159497031,0.05312616931312905,0.05660067621108349,5719.392386557584,6048.527263084527,5408.167616447384,2000,20260803,40.83105062067763,33.40775757601529,37.43971201399002,40.83105062067763,44.306469424425806,49.586896032575474
plate,cymbal_46cm_medium,30,,,,,,,0.07021998080390088,0.06349822755166741,0.06564092046111811,0.07021998080390088,0.0779106076507375,0.08801170110119805,,,,,,,7.942817564201732e-06,3.572792383010063e-11,1.4376899793771196e-07,7.942817564201732e-06,0.00014412225609904258,0.00331862867173672,0.029686835169640092,0.00230515952512695,0.014099237222101053,0.029686835169640092,0.04571766512823419,0.06680507972290835,0.05553352240289077,0.051268880115404085,0.0529962911236953,0.05553352240289077,0.05893774668336287,0.06280746750032196,6395.147503469621,6761.631354584867,6048.527263084527,2000,20260803,45.46943176505569,37.20285739492783,41.692839269272824,45.46943176505569,49.33965591432096,55.21993559608
plate,cymbal_46cm_medium,31,,,,,,,0.06445897407021642,0.058034961866171395,0.06066394605646604,0.06445897407021642,0.07123336177191632,0.08093084931234537,,,,,,,2.4406334015874617e-06,1.605121474684606e-12,2.5159659170596468e-08,2.4406334015874617e-06,6.51657884959834e-05,0.0023028074413929756,0.019900667631179602,0.0008684534369876035,0.008077053214379662,0.019900667631179602,0.03441966472146405,0.05419573459396577,0.06157992991118928,0.056923919863766666,0.05876909764089431,0.06157992991118928,0.06536167572640414,0.06967095702212066,7147.667656109318,7555.743613196125,6761.631354584867,2000,20260803,50.63473003043568,41.42907811750309,46.42911905101947,50.63473003043568,54.944609159075355,61.49288483860893
plate,cymbal_46cm_medium,32,,,,,,,0.059490234738629515,0.05226594991652917,0.056167146473642,0.059490234738629515,0.06579843089148667,0.07472608546040185,,,,,,,6.40834010471322e-07,4.080927248995905e-14,3.4590041034463713e-09,6.40834010471322e-07,2.740547637671369e-05,0.001516259531893113,0.012897185146565005,0.00029756451592376405,0.0043694415580368875,0.012897185146565005,0.02512025057194371,0.043474936201101204,0.06830574948571619,0.06318187040791577,0.06519768779346649,0.06830574948571619,0.07249286916801176,0.07727750526381774,7985.673338139188,8440.066514709539,7555.743613196125,2000,20260803,56.3868028635775,46.13539480169514,51.7034371761393,56.3868028635775,61.18628149506971,68.47843708899264
plate,cymbal_46cm_medium,33,,,,,,,0.05590500528392864,0.04763209608859967,0.05275818226758711,0.05590500528392864,0.06201773498760816,0.0704140789254784,,,,,,,1.45957121114932e-07,5.902521199823705e-16,3.9429146462750987e-10,1.45957121114932e-07,1.0686980545215121e-05,0.0009498447894358747,0.008247803824846713,9.741966182204348e-05,0.0023098883549432354,0.008247803824846713,0.018429897746224645,0.03591298795456212,0.07568232308139958,0.07005338267108466,0.07231271805903342,0.07568232308139958,0.08034320664210085,0.08571581187149913,8918.87568152042,9424.847930259928,8440.066514709539,2000,20260803,62.7923074787771,51.37634604060999,57.57691445511745,62.7923074787771,68.13700380241181,76.2575435915628
plate,cymbal_46cm_medium,34,,,,,,,0.05431193386763504,0.044224418861763794,0.05046070445685893,0.05431193386763504,0.05994017531474949,0.06846630665225617,,,,,,,2.989205638133387e-08,6.1374661206222246e-18,3.028750853915781e-11,2.989205638133387e-08,3.838470116610903e-06,0.0005715131713562815,0.0052025073711042345,2.747671342103658e-05,0.0011813395743498019,0.0052025073711042345,0.013744107869853337,0.0307710663864559,0.08392019536203103,0.07753025289653377,0.08018721993411827,0.08392019536203103,0.0890989146913519,0.09500667252020153,9958.08899294587,10521.49988256573,9424.847930259928,2000,20260803,69.92547330709002,57.212665976524484,64.11761498327934,69.92547330709002,75.87732370276369,84.92035160004805
plate,cymbal_46cm_medium,35,,,,,,,0.05420318701699243,0.04131564794582899,0.04951990741422135,0.05420318701699243,0.05980838440337613,0.0689021230485204,,,,,,,5.2006855994020034e-09,2.8365631515342364e-20,1.9274023715047857e-12,5.2006855994020034e-09,1.2583997120129517e-06,0.0003335254327012751,0.0033009840792750733,6.8184641076834365e-06,0.0005686059196917507,0.0033009840792750733,0.010287041143390633,0.026572367100515193,0.0930099993582694,0.0858054731840276,0.08885076796789297,0.0930099993582694,0.09866459510599399,0.10522268843947882,11115.35607425443,11742.730792801776,10521.49988256573,2000,20260803,77.86896219530142,63.71198811130068,71.40133489349773,77.86896219530142,84.49693897591493,94.56724903834669
plate,cymbal_46cm_medium,36,,,,,,,0.05556393134400203,0.03937366625291026,0.049804920475669645,0.05556393134400203,0.061363050428043193,0.07157949214523038,,,,,,,7.543219076417612e-10,8.464443317717534e-23,9.032063365861568e-14,7.543219076417612e-10,3.713873628907287e-07,0.00019362698606067508,0.0020147265127574416,1.4846575189300415e-06,0.00025028285928846916,0.0020147265127574416,0.0076382096274942735,0.02353019305699702,0.10291114759258524,0.0948044273248096,0.09833208336087376,0.10291114759258524,0.10920294955868287,0.11654178998087569,12404.08777909383,13102.692750631822,11742.730792801776,2000,20260803,86.71482632293284,70.94962906920007,79.51248071068827,86.71482632293284,94.0957370118647,105.31002783407556
plate,cymbal_46cm_medium,37,,,,,,,0.057710552299636064,0.037333980121370736,0.050475526983964396,0.057710552299636064,0.064250214262782,0.07571751087500934,,,,,,,9.034288672765175e-11,8.772649861969196e-26,3.4817846044936794e-15,9.034288672765175e-11,1.0145851955881181e-07,0.00010547484576351432,0.001211480482809231,2.6865935326086704e-07,0.00010628549283874921,0.001211480482809231,0.005633154083841018,0.020674343004707055,0.11374335085826748,0.10453469762589888,0.10889884954219681,0.11374335085826748,0.1208393299535711,0.1291130848411455,13839.218423072582,14617.145514022386,13102.692750631822,2000,20260803,96.56557493802345,79.0094613946646,88.5450474868278,96.56557493802345,104.7849523440117,117.27317940608447
plate,gong_50cm_bronze,0,,,,,,,0.0,0.0,0.0,0.0,0.0,0.0,,,,,,,0.0,0.0,0.0,0.0,0.0,0.0,0.0,0.0,0.0,0.0,0.0,0.0,0.0,0.0,0.0,0.0,0.0,0.0,31.070005997851133,48.26726363532532,19.999999999999982,400,20260803,0.0,0.0,0.0,0.0,0.0,0.0
plate,gong_50cm_bronze,1,,,,,,,0.0015730999191963023,0.0010113965303841404,0.0013644254535181218,0.0015730999191963023,0.0018441166902088922,0.0022658278831913918,,,,,,,0.11371454247454468,0.05553936576616897,0.0961074039062436,0.11371454247454468,0.13880585758954667,0.19547398797657814,0.016424358804065065,0.004278071779605209,0.0110091999977987,0.016424358804065065,0.02288085400652451,0.035165747653352314,0.0018684670909303396,0.0013633150441660277,0.0017072532851874899,0.0018684670909303396,0.0020491417964742602,0.002313503077507015,62.04115804080137,79.74567027716589,48.26726363532532,400,20260803,1.0,1.0,1.0,1.0,1.0,1.0
plate,gong_50cm_bronze,2,,,,,,,0.0,0.0,0.0,0.0,0.0013239347708127174,0.0017161606015706874,,,,,,,0.0,0.0,0.0,0.0,0.09017122111606615,0.1299453917464054,0.0,0.0,0.0,0.0,0.012873673333419614,0.024228283261729336,0.0,0.0,0.0,0.0,0.0016515930247219092,0.001838858662388199,95.6807360113951,114.80000371009025,79.74567027716589,400,20260803,0.0,0.0,0.0,0.0,1.0,1.0
plate,gong_50cm_bronze,3,,,,,,,0.0015118929467747926,0.0,0.0,0.0015118929467747926,0.0018303513656595135,0.0022593202144227547,,,,,,,0.08174832994072177,0.0,0.0,0.08174832994072177,0.10302773105111356,0.1405128814197823,0.011895225559760197,0.0,0.0,0.011895225559760197,0.01948054622098397,0.03159936183443603,0.0018595513944312612,0.0,0.0,0.0018595513944312612,0.002050946371390525,0.002321766033505718,132.8925478326256,153.83648692246896,114.80000371009025,400,20260803,1.0,0.0,0.0,1.0,1.0,1.0
plate,gong_50cm_bronze,4,,,,,,,0.0013869954608115068,0.0,0.0,0.0013869954608115068,0.0015981254580150562,0.0020277350713897194,,,,,,,0.07049279175506654,0.0,0.0,0.07049279175506654,0.0825219872205271,0.10983274244969421,0.010649415314363343,0.0,0.0,0.010649415314363343,0.01723526648672716,0.027053631764619994,0.0017299404415323989,0.0,0.0,0.0017299404415323989,0.0019108321348171257,0.002063232153347628,174.22138513818598,197.30748957342993,153.83648692246896,400,20260803,1.0,0.0,0.0,1.0,1.0,1.0
plate,gong_50cm_bronze,5,,,,,,,0.0017137274824744228,0.0,0.0,0.0017137274824744228,0.0023812707154694827,0.002937442370769127,,,,,,,0.07044073027032077,0.0,0.0,0.07044073027032077,0.10466154029143616,0.13519436336192245,0.008622004708654665,0.0,0.0,0.008622004708654665,0.02096411341009517,0.035092912749303325,0.0020755961040009943,0.0,0.0,0.0020755961040009943,0.002935650140537219,0.00346027651759015,220.18573768342424,245.71677022503872,197.30748957342993,400,20260803,1.0,0.0,0.0,1.0,2.0,2.0
plate,gong_50cm_bronze,6,,,,,,,0.0028946021328643363,0.0,0.0,0.0028946021328643363,0.0034269600625538308,0.004203696545677921,,,,,,,0.11156718832388379,0.0,0.0,0.11156718832388379,0.13115224293187203,0.1584455632085427,0.023802179237801133,0.0,0.0,0.023802179237801133,0.034526186168405186,0.05534051390709976,0.0036137027821178495,0.0,0.0,0.0036137027821178495,0.004007185456200765,0.004354924796705698,271.33552007714667,299.62531408868983,245.71677022503872,400,20260803,2.0,0.0,0.0,2.0,2.0,2.0
plate,gong_50cm_bronze,7,,,,,,,0.0026457222088369942,0.0,0.0,0.0026457222088369942,0.003160527386729124,0.004243512652605057,,,,,,,0.08779775255459768,0.0,0.0,0.08779775255459768,0.10391810325044834,0.13092775398617876,0.01751911241988601,0.0,0.0,0.01751911241988601,0.028792640739539972,0.0467802327561988,0.0034161854942451435,0.0,0.0,0.0034161854942451435,0.0037594080977605216,0.004640604554658878,328.2721301869142,359.65783393574134,299.62531408868983,400,20260803,2.0,0.0,0.0,2.0,2.0,2.0
plate,gong_50cm_bronze,8,,,,,,,0.0027490050596767975,0.0,0.0,0.0027490050596767975,0.0034765780334997604,0.004252700750806203,,,,,,,0.07649292484829778,0.0,0.0,0.07649292484829778,0.09477697822681974,0.10955278280876861,0.01905090811879462,0.0,0.0,0.01905090811879462,0.031009945291486374,0.048484300618021406,0.003441236308821666,0.0,0.0,0.003441236308821666,0.004083272567140264,0.004538927535534714,391.6601411572962,426.51000950742576,359.65783393574134,400,20260803,2.0,0.0,0.0,2.0,2.0,2.0
plate,gong_50cm_bronze,9,,,,,,,0.003354063720977108,0.0,0.0027399275581084415,0.003354063720977108,0.003799921727395696,0.004594278186071404,,,,,,,0.07579177864324092,0.0,0.06106344139676312,0.07579177864324092,0.08531983190634682,0.09801390266002205,0.024109677157516485,0.0,0.010923726969956473,0.024109677157516485,0.034903898369351365,0.04807291999194395,0.004022073846167891,0.0,0.003615345984519538,0.004022073846167891,0.0044815760626215236,0.0051697882823410375,462.2369334140603,500.9565493170786,426.51000950742576,400,20260803,2.0,0.0,2.0,2.0,3.0,3.0
plate,gong_50cm_bronze,10,,,,,,,0.004051177141482786,0.0,0.0032131414346275537,0.004051177141482786,0.004716455794540178,0.005742684087619987,,,,,,,0.07480838516343612,0.0,0.05999091403993373,0.07480838516343612,0.08805355180048234,0.10051180989600597,0.027466167086595557,0.0,0.012318973281556287,0.027466167086595557,0.03914636064587799,0.05839480257041328,0.005117766171796866,0.0,0.004253874228940342,0.005117766171796866,0.005710581652085391,0.006125760828246758,540.822128965883,583.8601682679283,500.9565493170786,400,20260803,3.0,0.0,2.0,3.0,3.0,3.0
plate,gong_50cm_bronze,11,,,,,,,0.004250053801907896,0.0,0.0035229074130463988,0.004250053801907896,0.005119404506122767,0.006477779938197771,,,,,,,0.0639446282625537,0.0,0.05210485965841708,0.0639446282625537,0.0742537347987011,0.08684823769227779,0.028910139636992092,0.0,0.0156309969753849,0.028910139636992092,0.03927438368129396,0.05901111301513753,0.005327751046002849,0.0,0.0045669742834450605,0.005327751046002849,0.005921401557241992,0.006777972305080446,628.3275372521083,676.1815851225036,583.8601682679283,400,20260803,3.0,0.0,3.0,3.0,3.0,3.0
plate,gong_50cm_bronze,12,,,,,,,0.004608968481401659,0.0,0.004067948221529635,0.004608968481401659,0.005317430275095257,0.006599135558858247,,,,,,,0.05497908126152576,0.0,0.04797119256722477,0.05497908126152576,0.061390446021484094,0.07025644631763939,0.030325992345252496,0.0,0.01956611915806855,0.030325992345252496,0.04060134174995733,0.055572069054994754,0.005728066253463582,0.0,0.005248545596073798,0.005728066253463582,0.006243030085937932,0.006938854921460087,725.7679631618286,778.9906556781491,676.1815851225036,400,20260803,3.0,0.0,3.0,3.0,3.0,4.0
plate,gong_50cm_bronze,13,,,,,,,0.005296833544246392,0.0,0.004697317388077998,0.005296833544246392,0.005861155253605949,0.007447792100141207,,,,,,,0.04869865212945279,0.0,0.03843517984055758,0.04869865212945279,0.05445795794543111,0.06360820985847553,0.03261954093653616,0.0,0.021559156535830154,0.03261954093653616,0.04174490448932877,0.05889481413401042,0.00641931813971794,0.0,0.006002534881634292,0.00641931813971794,0.00702782563660596,0.007663321465037354,834.2731048009164,893.4787706641346,778.9906556781491,400,20260803,4.0,0.0,3.0,4.0,4.0,4.0
plate,gong_50cm_bronze,14,,,,,,,0.005943536007842112,0.004217800589666168,0.005250645893563801,0.005943536007842112,0.006843066738603392,0.00862410675950101,,,,,,,0.04108059824973058,0.01733460863335564,0.032474731679687334,0.04108059824973058,0.048616111540812815,0.05673039022270245,0.03485312717471997,0.011987360667077384,0.023838523872823997,0.03485312717471997,0.044425994295345606,0.05977102755579225,0.007310937752476373,0.005760928112466937,0.006804803023565812,0.007310937752476373,0.008007494934573025,0.008839827678963876,955.1007271246142,1020.9726620319176,893.4787706641346,400,20260803,4.0,3.0,4.0,4.0,4.0,4.0
plate,gong_50cm_bronze,15,,,,,,,0.006300456711433454,0.00474092958585018,0.005663077155267599,0.006300456711433454,0.007344545745936393,0.009746483362174294,,,,,,,0.03193256557318112,0.013421910828148031,0.024315122507906198,0.03193256557318112,0.03941782942070522,0.05075479416297584,0.03395367859728862,0.01599538242696768,0.025454836416697456,0.03395367859728862,0.04340046042345905,0.05484643753204025,0.007776517641624958,0.006393907691566466,0.007192510272123294,0.007776517641624958,0.008348327874901659,0.009950445976334396,1089.651288384257,1162.94977763112,1020.9726620319176,400,20260803,4.0,4.0,4.0,4.0,4.0,5.0
plate,gong_50cm_bronze,16,,,,,,,0.007255596210587235,0.004735196160529781,0.006413251363067909,0.007255596210587235,0.008331110193592395,0.013387734005334108,,,,,,,0.026050660285224934,0.009387057049692692,0.017374209509365586,0.026050660285224934,0.034315916742609594,0.0540860923438719,0.03562798377347501,0.01647441130802503,0.02682287077976708,0.03562798377347501,0.04472996512735813,0.06889354528953877,0.00868474118755667,0.006084081872872687,0.007991259555276731,0.00868474118755667,0.009329622786296305,0.01605248657778016,1239.484201797112,1321.055402438827,1162.94977763112,400,20260803,4.0,4.0,4.0,4.0,5.0,9.0
plate,gong_50cm_bronze,17,,,,,,,0.00805626160472465,0.005069653986258309,0.00597892102860885,0.00805626160472465,0.01015227403722119,0.01560851508438148,,,,,,,0.018009241290706884,0.00503690375645284,0.011679352452213692,0.018009241290706884,0.025993224226826667,0.04385814516830856,0.03481813552008886,0.015653088349263468,0.024995815220458566,0.03481813552008886,0.04728833914644036,0.06642525072195543,0.009315403749190695,0.0063775325264902975,0.007182148045637285,0.009315403749190695,0.010853568579207122,0.01768881813415443,1406.3359280729921,1497.1217247495472,1321.055402438827,400,20260803,5.0,4.0,4.0,5.0,5.0,9.0
plate,gong_50cm_bronze,18,,,,,,,0.00812306094886795,0.005347659549277934,0.006862382070916426,0.00812306094886795,0.012239829271940311,0.016666168015685347,,,,,,,0.012603362134750834,0.002790430896823823,0.00701153289205499,0.012603362134750834,0.019240751061926034,0.03704187340956058,0.03332907823431616,0.01633416913892889,0.02597520698493151,0.03332907823431616,0.04239519269051412,0.07158701241722074,0.008436199084447513,0.006004199679782014,0.007616391284634344,0.008436199084447513,0.012468453635398358,0.01638314185062962,1592.1401126215692,1693.1890682721116,1497.1217247495472,400,20260803,4.0,4.0,4.0,4.0,8.0,9.0
plate,gong_50cm_bronze,19,,,,,,,0.01025661493501768,0.0060794375921589035,0.008351027355997713,0.01025661493501768,0.013656431290217888,0.020175494441416714,,,,,,,0.008494550438502165,0.0013112495779522464,0.004660679115362315,0.008494550438502165,0.014753138855114381,0.02579452862087389,0.03595864627276324,0.016642319424808504,0.027479131367223172,0.03595864627276324,0.04629253873744129,0.07389091233482935,0.009734143888061923,0.006289359880114231,0.008178097077180868,0.009734143888061923,0.013305817992329627,0.01840438664066982,1799.050003290016,1911.5295361791561,1693.1890682721116,400,20260803,5.0,4.0,4.0,5.0,8.0,9.0
plate,gong_50cm_bronze,20,,,,,,,0.01140956607856719,0.005443164767410461,0.008601081607939449,0.01140956607856719,0.016336814351343196,0.023482571140499165,,,,,,,0.004936232088566247,0.000601915916012045,0.0023058619721160476,0.004936232088566247,0.009189772595149649,0.021625334145075534,0.0335775620021298,0.01659320581382278,0.02576224307891508,0.0335775620021298,0.04822854464436299,0.07178634063227993,0.008889885593021484,0.0046543866533053655,0.00742811252158582,0.008889885593021484,0.014040277107673126,0.018831117882280868,2029.4634099536993,2154.6733411054515,1911.5295361791561,400,20260803,5.0,3.0,4.0,5.0,8.0,9.0
plate,gong_50cm_bronze,21,,,,,,,0.013016763730736514,0.006417613351435776,0.010662263902548897,0.013016763730736514,0.018110055825226328,0.025702059795064326,,,,,,,0.0028159496094685007,0.00022304028573634236,0.001170158763698831,0.0028159496094685007,0.005718741265320658,0.013806835348427303,0.033794089965184,0.015497734974646613,0.026412212420740853,0.033794089965184,0.0477211154457735,0.06861696234305016,0.009291138068282585,0.004926219261906119,0.007694328544434893,0.009291138068282585,0.012900673308434083,0.01723241753599426,2286.0504961747515,2425.4381262171387,2154.6733411054515,400,20260803,6.0,3.0,4.0,6.0,7.0,8.0
plate,gong_50cm_bronze,22,,,,,,,0.01485719302256194,0.007773113267229077,0.009532695614890837,0.01485719302256194,0.019063747995929227,0.02944244981626269,,,,,,,0.0014526391748632688,6.350586283414136e-05,0.000485973973954946,0.0014526391748632688,0.0030598826343002984,0.008988546936081646,0.030768208009550345,0.014388634572746209,0.021605478793537213,0.030768208009550345,0.042894595864722676,0.06041590266582486,0.00889609642953541,0.005095469980861349,0.005921676853844508,0.00889609642953541,0.011453368470599516,0.01767119273871558,2571.784725619831,2726.9616171356174,2425.4381262171387,400,20260803,5.0,3.0,3.0,5.0,6.0,8.0
plate,gong_50cm_bronze,23,,,,,,,0.012911438779742204,0.005807693938062697,0.010766413768824668,0.012911438779742204,0.0197925165517857,0.026262531294193446,,,,,,,0.0006250244509855936,1.9984079253924255e-05,0.00019358990403067045,0.0006250244509855936,0.0016100639568162553,0.005929566448714478,0.024684437909065604,0.010621147958768626,0.019290543345990018,0.024684437909065604,0.0356487252108043,0.04908783296545772,0.006911663344344747,0.0033171756148894465,0.005950202223900132,0.006911663344344747,0.009800885172402272,0.013242614762193603,2889.9773222733784,3062.7379830990285,2726.9616171356174,400,20260803,4.0,2.0,3.0,4.0,5.0,6.0
plate,gong_50cm_bronze,24,,,,,,,0.014388988583109073,0.0058445760470361464,0.00946563630653117,0.014388988583109073,0.017568237272184477,0.03424038159092436,,,,,,,0.0002487742071150153,4.5122695356050866e-06,6.653316179828048e-05,0.0002487742071150153,0.0007492428791227121,0.0041902985713045855,0.022586056967010812,0.008984124431735846,0.013443416661485246,0.022586056967010812,0.027622506029817695,0.05476512520423721,0.007198658631980152,0.0030352419830116397,0.004566288235491033,0.007198658631980152,0.008004986563808578,0.015595599233854257,3244.3156440657726,3436.658328728339,3062.7379830990285,400,20260803,4.0,2.0,3.0,4.0,4.0,6.0
plate,gong_50cm_bronze,25,,,,,,,0.013509466000066132,0.00695155727182981,0.007884086556539757,0.013509466000066132,0.02440061980041419,0.07094178375852071,,,,,,,0.00012068812276078324,1.1098776743218372e-06,2.7477611704678394e-05,0.00012068812276078324,0.0006600185056709975,0.003270328929202497,0.01758881847100275,0.006996568202520403,0.010807726001016685,0.01758881847100275,0.030118665155537676,0.09953373450601817,0.005966545562868253,0.0033887080038081455,0.0036741203402567884,0.005966545562868253,0.00942819607575086,0.03365523594677973,3638.905914797386,3853.0557856320793,3436.658328728339,400,20260803,3.0,2.0,2.0,3.0,4.0,23.519031070760406
plate,gong_50cm_bronze,26,,,,,,,0.07311013032696129,0.00813996520377566,0.009258664736705148,0.07311013032696129,0.07878950488820069,0.08600579450205141,,,,,,,0.00012703903414505128,2.653469005509805e-07,1.594221110473599e-05,0.00012703903414505128,0.0006726921341798696,0.006106240538180051,0.0487275082740586,0.005450535756941976,0.010631965054573183,0.0487275082740586,0.09259921428123986,0.10296595726811454,0.036868214068156685,0.0038221972198369224,0.004128319331009537,0.036868214068156685,0.03775989835326381,0.03850453848627988,4078.320809686421,4316.755726388418,3853.0557856320793,400,20260803,20.404144613886302,2.0,2.0,20.404144613886302,22.459926824416883,26.190777905445294
plate,gong_50cm_bronze,27,,,,,,,0.08444523933279334,0.009626063137759206,0.07978200205941206,0.08444523933279334,0.08888269463583187,0.09759055587813423,,,,,,,9.984951685740514e-05,2.344567925076244e-07,1.1414614009668596e-05,9.984951685740514e-05,0.0005999206766542873,0.006268513420855971,0.0733754072968561,0.0076645854153468045,0.04527628859804984,0.0733754072968561,0.08860396042781875,0.1007730835704858,0.0421780821451294,0.004533427570771478,0.041364489747096965,0.0421780821451294,0.043023075320404364,0.043996824702959056,4567.652446074554,4833.131682803398,4316.755726388418,400,20260803,23.15929091337762,2.0,21.51163400039505,23.15929091337762,25.011360096470266,29.166033465773626
plate,gong_50cm_bronze,28,,,,,,,0.08668295655778513,0.07804681261548109,0.08262044571916782,0.08668295655778513,0.09176151527802519,0.0981807465702696,,,,,,,4.714249006033203e-05,3.0007536362384965e-08,4.153076034924288e-06,4.714249006033203e-05,0.0003957075363671589,0.005026111928220153,0.06117154687501941,0.00919263206368768,0.03762377563210441,0.06117154687501941,0.07744224584159179,0.09244270524016257,0.04719323376870368,0.045345850615664755,0.04644939909479838,0.04719323376870368,0.048255825607372876,0.04936058211055356,5112.571393434344,5408.167616447384,4833.131682803398,400,20260803,25.790171497071775,21.433550974963296,24.00337330108679,25.790171497071775,27.85263455067114,32.47927614818038
plate,gong_50cm_bronze,29,,,,,,,0.08399409931225985,0.07672660183733332,0.08062041804328826,0.08399409931225985,0.08823751245760472,0.0942512540159872,,,,,,,1.914719481475411e-05,2.6390319655485896e-09,9.649438784865976e-07,1.914719481475411e-05,0.0001934134285036574,0.003416242895707156,0.046262587707341776,0.0069031833028725745,0.026108212246318718,0.046262587707341776,0.06147221991578542,0.08011668780886495,0.05246992397590742,0.05048798578573533,0.05166377505903247,0.05246992397590742,0.05359906521688062,0.05499369330791445,5719.392386557584,6048.527263084527,5408.167616447384,400,20260803,28.719918426525474,23.868388609265878,26.730141102277038,28.719918426525474,31.016675959286427,36.16890107280774
plate,gong_50cm_bronze,30,,,,,,,0.0783012418990153,0.07244638989468036,0.07602649903718983,0.0783012418990153,0.08203548662801026,0.08726102038302241,,,,,,,6.65217494865825e-06,1.7163357058721853e-10,1.8515976029658287e-07,6.65217494865825e-06,9.461896327181429e-05,0.002352263358661005,0.03203970409299316,0.003270261883837789,0.015315392846877808,0.03203970409299316,0.04747020688292847,0.06740069313540344,0.05823396089395029,0.05607859949320104,0.05734433310570941,0.05823396089395029,0.05949579312081773,0.06099417210119059,6395.147503469621,6761.631354584867,6048.527263084527,400,20260803,31.982482726798693,26.579822236100863,29.766667975591893,31.982482726798693,34.54015044117941,40.27766502080244
plate,gong_50cm_bronze,31,,,,,,,0.07174117942635888,0.0661951721500847,0.07004779783750731,0.07174117942635888,0.07531501611704478,0.0800796880537753,,,,,,,2.0468980974218826e-06,8.0947368562418e-12,2.6397995426101715e-08,2.0468980974218826e-06,4.0862517124636186e-05,0.001570979563862123,0.021698665898276966,0.0012225701508397735,0.008647410532944027,0.021698665898276966,0.03522667938483272,0.05492657951833468,0.06458554221264876,0.06217495847250152,0.06365377521662341,0.06458554221264876,0.06594069565814659,0.06758358773927223,7147.667656109318,7555.743613196125,6761.631354584867,400,20260803,35.61567223760842,29.599272982695698,33.14814235281581,35.61567223760842,38.46388936278389,44.8531819162081
plate,gong_50cm_bronze,32,,,,,,,0.06655517852609509,0.05967556249453133,0.0639270692450869,0.06655517852609509,0.0694770913323409,0.07426319560257351,,,,,,,5.289507672931413e-07,1.6988333224338513e-13,3.0677272176892016e-09,5.289507672931413e-07,1.6406335448663386e-05,0.0010155972878895685,0.014016296801819657,0.0004012028696781277,0.004488635757562299,0.014016296801819657,0.02549018931920163,0.04512980974168815,0.0715713008399195,0.06896234679219083,0.07059781102762713,0.0715713008399195,0.07306614475105963,0.07507560739389357,7985.673338139188,8440.066514709539,7555.743613196125,400,20260803,39.66158974499694,32.961731396163565,36.913750048998665,39.66158974499694,42.833362507553375,49.94847459427926
plate,gong_50cm_bronze,33,,,,,,,0.06249545070725809,0.05439122919119167,0.05995422533380689,0.06249545070725809,0.06532401863228024,0.07006810276276948,,,,,,,1.2973138068783929e-07,2.020015476625341e-15,3.033702049759044e-10,1.2973138068783929e-07,5.9314129874619915e-06,0.0006448089042872952,0.009031351776665926,0.00011778113479511836,0.002399994543643736,0.009031351776665926,0.018310710767179123,0.03774339467919472,0.07935741530095766,0.07650118412072728,0.07822656286430013,0.07935741530095766,0.0809423729871435,0.08329180176922311,8918.87568152042,9424.847930259928,8440.066514709539,400,20260803,44.167120884479814,36.70616292731315,41.10712836263096,44.167120884479814,47.69920499715969,55.62258925032586
plate,gong_50cm_bronze,34,,,,,,,0.06012776766171499,0.05051909107408455,0.05747482124008976,0.06012776766171499,0.06350234680976824,0.06831202749154651,,,,,,,2.737158068878271e-08,1.4373263151832383e-17,2.6120150355345807e-11,2.737158068878271e-08,2.0086954454973433e-06,0.00040303820625261236,0.0057065070910531385,3.196754597634467e-05,0.0011750133428733538,0.0057065070910531385,0.013102828773364064,0.03218491705049971,0.08796068454403656,0.08487339691226121,0.08665965617138416,0.08796068454403656,0.08962238221030225,0.09240242957675188,9958.08899294587,10521.49988256573,9424.847930259928,400,20260803,49.184477469673325,40.87595947715474,45.7768717613028,49.184477469673325,53.11780407059606,61.941279689545844
plate,gong_50cm_bronze,35,,,,,,,0.05985579916380314,0.04691616910842743,0.05611757526834493,0.05985579916380314,0.0638634990734998,0.06910186264073229,,,,,,,4.736498639495331e-09,6.516295447751956e-20,1.5397122170058163e-12,4.736498639495331e-09,6.125458223137518e-07,0.00024324474596784982,0.003576898407226991,7.600697392277017e-06,0.0005639082025975205,0.003576898407226991,0.009412347917250059,0.028059942287845904,0.09752747281908072,0.09382056038099967,0.09589048799310824,0.09752747281908072,0.09933129446985357,0.10238441571301148,11115.35607425443,11742.730792801776,10521.49988256573,400,20260803,54.77180254271247,45.51944223880571,50.97709501293601,54.77180254271247,59.15195252101759,68.97776930720873
plate,gong_50cm_bronze,36,,,,,,,0.06093514216821255,0.04450270000471482,0.056142023467961634,0.06093514216821255,0.06610331436428946,0.07220068066827603,,,,,,,6.387611194196215e-10,1.6209318282156172e-22,6.13891608329222e-14,6.387611194196215e-10,1.6530354526888304e-07,0.00013188133513591634,0.0021682633999039226,1.6911338590790499e-06,0.000261358118378585,0.0021682633999039226,0.006775938424011719,0.024612825048905357,0.1080779585772175,0.10327771170096689,0.10601718350782145,0.1080779585772175,0.10998965937361395,0.1133120133500752,12404.08777909383,13102.692750631822,11742.730792801776,400,20260803,60.99384415799838,50.69042166190554,56.76806028835352,60.99384415799838,65.87157636257687,76.81359962928651
plate,gong_50cm_bronze,37,,,,,,,0.06319056206936632,0.04236015974009978,0.056805743399828426,0.06319056206936632,0.06952866749332191,0.07671862345086623,,,,,,,7.691407202405719e-11,2.6326984444913074e-25,2.4653458155377236e-15,7.691407202405719e-11,3.837935464903141e-08,6.540435974887198e-05,0.0012779802782306804,3.1722991054342985e-07,0.00010686457562321932,0.0012779802782306804,0.004842986641599705,0.021694019016015826,0.1196207436915401,0.1136269952052122,0.11729572609654385,0.1196207436915401,0.1218212223046837,0.12570693319714957,13839.218423072582,14617.145514022386,13102.692750631822,400,20260803,67.92270570735903,56.44882102863896,63.21687550230949,67.92270570735903,73.35454515975803,85.53957524677108
plate,tamtam_80cm_bronze,0,0.004481378628027636,0.0018848041551223285,0.003253296643979954,0.004481378628027636,0.006813615976819461,0.011404046847637257,,,,,,,,,,,,,0.1668115038266393,0.08696964862092035,0.12079486643983296,0.1668115038266393,0.24999984671754205,0.3814246946543436,0.0351993313810976,0.018681069579839237,0.026274086894863213,0.0351993313810976,0.05394209073324577,0.08764119630608927,0.0005571611025721614,0.00046249283100764215,0.0005039407610430628,0.0005571611025721614,0.0008977962720230943,0.0012602699244280465,31.070005997851133,48.26726363532532,19.999999999999982,400,20260803,1.0,1.0,1.0,1.0,2.0,2.0
plate,tamtam_80cm_bronze,1,0.006984271479555704,0.002644957177701108,0.004506058713849396,0.006984271479555704,0.010791905520092583,0.01602071048672628,,,,,,,,,,,,,0.19417112579776202,0.08402177442752619,0.11129749102494414,0.19417112579776202,0.26286898143123905,0.33711989071056797,0.05330615195037435,0.02344346576465628,0.03345698941731962,0.05330615195037435,0.07510930930094091,0.11108043575255999,0.0013468825475941016,0.0005455973029294442,0.0006172697093586857,0.0013468825475941016,0.0015183257985905303,0.0016615105122187155,62.04115804080137,79.74567027716589,48.26726363532532,400,20260803,3.0,1.0,1.0,3.0,3.0,3.0
plate,tamtam_80cm_bronze,2,0.008209955132824296,0.003504301474407074,0.0061712840748178914,0.008209955132824296,0.01244424622644211,0.02179737580677619,,,,,,,,,,,,,0.12994903939990887,0.09969146869140917,0.11578846967468538,0.12994903939990887,0.20373500662085667,0.28756543675156326,0.05490356474893148,0.02811644941740432,0.042501261114804366,0.05490356474893148,0.08402633816801898,0.12600904564392856,0.0011264714805418368,0.0008912451385159291,0.0009909358000437067,0.0011264714805418368,0.0018037044204157497,0.0023697244154817334,95.6807360113951,114.80000371009025,79.74567027716589,400,20260803,2.0,2.0,2.0,2.0,4.0,4.0
plate,tamtam_80cm_bronze,3,0.00926704733943642,0.0038494016094423955,0.006650745941635537,0.00926704733943642,0.013327158825206542,0.020856462060248073,,,,,,,,,,,,,0.09602413431158954,0.07184726250392473,0.08525380460784994,0.09602413431158954,0.17587144918641934,0.19841800489107767,0.05533758622865675,0.029989420466753895,0.04297808332527122,0.05533758622865675,0.08087570403544157,0.11654456792425139,0.0012534030378825133,0.0009929072663485653,0.0010889764072178894,0.0012534030378825133,0.002303921924651866,0.0025063734381851814,132.8925478326256,153.83648692246896,114.80000371009025,400,20260803,2.0,2.0,2.0,2.0,5.0,5.0
plate,tamtam_80cm_bronze,4,0.01169988220728186,0.005050660328745167,0.008606543179325661,0.01169988220728186,0.0181999379381948,0.028854104155847823,,,,,,,,,,,,,0.08824702213680671,0.05681269434891582,0.07215643260091593,0.08824702213680671,0.12839373293095002,0.18366445643607432,0.06478523548811813,0.034356505538031386,0.051565732664353124,0.06478523548811813,0.09467266650571471,0.1317725139832421,0.0017234183809499283,0.001280605842001936,0.001481982264923703,0.0017234183809499283,0.002759179512532294,0.0032438364908556243,174.22138513818598,197.30748957342993,153.83648692246896,400,20260803,3.0,3.0,3.0,3.0,6.0,6.0
plate,tamtam_80cm_bronze,5,0.01340503610069927,0.005625879655012595,0.009330696608592258,0.01340503610069927,0.019556058203013787,0.031283998611940304,,,,,,,,,,,,,0.06405054787379527,0.030821205261406213,0.05032003045431455,0.06405054787379527,0.10528636168552506,0.13827466969927232,0.06044962225003149,0.03577841945347025,0.04955784201634952,0.06044962225003149,0.09996782376919486,0.12754037820267872,0.0018084166937957261,0.0014484034346830402,0.0015957347147956785,0.0018084166937957261,0.003260212190135548,0.0035899042570767025,220.18573768342424,245.71677022503872,197.30748957342993,400,20260803,4.0,3.0,3.0,4.0,6.0,8.0
plate,tamtam_80cm_bronze,6,0.015979631134715903,0.006322619800672093,0.010982710855152008,0.015979631134715903,0.0242322677339975,0.03668246567428651,,,,,,,,,,,,,0.052278647771039057,0.020874645259400613,0.037913785943818265,0.052278647771039057,0.0725882253189388,0.106411819100634,0.066908329875355,0.035859354772946536,0.05274800576084915,0.066908329875355,0.10590746454929631,0.1283532154156086,0.0022993048817762794,0.0017208728891553139,0.001975396144864,0.0022993048817762794,0.0038591910470713127,0.004257329121056569,271.33552007714667,299.62531408868983,245.71677022503872,400,20260803,4.0,3.0,4.0,4.0,8.0,8.0
plate,tamtam_80cm_bronze,7,0.017735117932801543,0.007162679069245293,0.012509986601633077,0.017735117932801543,0.025897264943530195,0.03760240945335674,,,,,,,,,,,,,0.0364118825264787,0.010941795515870758,0.023827247354257515,0.0364118825264787,0.05376870731066766,0.08093626670930863,0.0662793360008328,0.03751808836573947,0.05148580313008119,0.0662793360008328,0.10047894770949722,0.11776816844948677,0.0035322148927094347,0.001915929181969914,0.0021898480308242324,0.0035322148927094347,0.004232200218492353,0.004725591864702351,328.2721301869142,359.65783393574134,299.62531408868983,400,20260803,8.0,4.0,4.0,8.0,8.0,9.0
plate,tamtam_80cm_bronze,8,0.017961705703314866,0.007542236541575414,0.012544971567446687,0.017961705703314866,0.027098183388092584,0.04481886189254412,,,,,,,,,,,,,0.022659763964858116,0.006417425000961605,0.014072736847890115,0.022659763964858116,0.03320027388363995,0.0556036674139692,0.0634513032169374,0.0322896604903806,0.04738550482960779,0.0634513032169374,0.09064082005489738,0.1116356767762087,0.0035080843210546723,0.0018040085866433868,0.0025189199303889192,0.0035080843210546723,0.004587112209468567,0.005313908714976447,391.6601411572962,426.51000950742576,359.65783393574134,400,20260803,8.0,4.0,5.0,8.0,9.0,9.0
plate,tamtam_80cm_bronze,9,0.019538248530862286,0.0069920710723250555,0.012957593651823442,0.019538248530862286,0.02633990522489916,0.037879508764388496,,,,,,,,,,,,,0.013032233181713024,0.002039182926331259,0.007894314624626354,0.013032233181713024,0.020257438346324923,0.03166804003162297,0.060606066503646965,0.02775793809232097,0.03922169791152917,0.060606066503646965,0.07557297902129438,0.08802427712978196,0.004022715796222721,0.001978755907868794,0.0023574668272388836,0.004022715796222721,0.00438339264147065,0.005395148512132293,462.2369334140603,500.9565493170786,426.51000950742576,400,20260803,8.0,4.0,4.0,8.0,9.0,9.0
plate,tamtam_80cm_bronze,10,0.018538157204018885,0.00789193270490279,0.013324916549140586,0.018538157204018885,0.025806127261080218,0.0418603400606335,,,,,,,,,,,,,0.006880155605664408,0.0010682114142528,0.0036589851174293505,0.006880155605664408,0.011653048298663815,0.020037963029580698,0.048784691591973725,0.025657253223130276,0.03585141502617621,0.048784691591973725,0.06311478267070739,0.07625966533402918,0.0037309957547479204,0.0020255810624287807,0.002734723577983977,0.0037309957547479204,0.00473301185952162,0.005330807190606166,540.822128965883,583.8601682679283,500.9565493170786,400,20260803,8.0,4.0,5.0,8.0,9.0,9.0
plate,tamtam_80cm_bronze,11,0.017044858552211058,0.007338903684915244,0.011779706673577913,0.017044858552211058,0.024050379378524073,0.03681476797675691,,,,,,,,,,,,,0.003283954910160429,0.0003070790201024859,0.0015771487422890289,0.003283954910160429,0.005790250609002774,0.010155504974064911,0.03786730527102693,0.01844126250730977,0.02730055973810832,0.03786730527102693,0.048929058205659126,0.05997449427803189,0.0037510778511475823,0.001969339948985204,0.0025719830186503624,0.0037510778511475823,0.004326712729418572,0.005514347043012174,628.3275372521083,676.1815851225036,583.8601682679283,400,20260803,8.0,4.0,6.0,8.0,8.0,9.0
plate,tamtam_80cm_bronze,12,0.014424143747418537,0.006126697994768319,0.010285434104451974,0.014424143747418537,0.019634885249107892,0.02976208620780283,,,,,,,,,,,,,0.0013575752161396116,0.00010339341626798776,0.0005476497562841651,0.0013575752161396116,0.0026231073206226824,0.004776303488445156,0.026321142440587645,0.014144421475579445,0.020788120876032594,0.026321142440587645,0.03217498734018871,0.0421671916059039,0.0029908711833391355,0.0016185569686299002,0.0026524700201058077,0.0029908711833391355,0.0037767779946908603,0.004802261941660494,725.7679631618286,778.9906556781491,676.1815851225036,400,20260803,6.0,4.0,6.0,6.0,7.0,8.0
plate,tamtam_80cm_bronze,13,0.011633044129428805,0.004265677142632306,0.007909390133297523,0.011633044129428805,0.016497967984970736,0.02377744206766952,,,,,,,,,,,,,0.0004894230488687875,2.2015509712220682e-05,0.000166355088773428,0.0004894230488687875,0.0010223170708005653,0.0020799923054780445,0.01743220044824017,0.007467571459891525,0.01258506251797802,0.01743220044824017,0.022455466025095544,0.02857920487849841,0.0026353248990648756,0.0012103430920651075,0.0019077031645106679,0.0026353248990648756,0.0033028409409030287,0.004049604066725493,834.2731048009164,893.4787706641346,778.9906556781491,400,20260803,5.0,3.0,4.0,5.0,6.0,7.0
plate,tamtam_80cm_bronze,14,0.00907145011760555,0.003203113273643209,0.006094597402060144,0.00907145011760555,0.012983748675556702,0.029225787213503177,,,,,,,,,,,,,0.0001537541157472914,4.627033367635434e-06,4.5018292221150545e-05,0.0001537541157472914,0.0003738829280667909,0.001075786167552904,0.011021159457910984,0.0040328284706689695,0.007648919436739439,0.011021159457910984,0.014200508025716652,0.03333821481563851,0.0021171619903940005,0.0008534988184757387,0.0015331850963027432,0.0021171619903940005,0.0028248131580394928,0.009258875050525382,955.1007271246142,1020.9726620319176,893.4787706641346,400,20260803,4.0,2.0,3.0,4.0,5.0,23.556334399552846
plate,tamtam_80cm_bronze,15,0.008354769027183328,0.0027083459275290323,0.004969043821818349,0.008354769027183328,0.02384669385319503,0.05413437507956233,,,,,,,,,,,,,6.485546967883344e-05,8.703254857043204e-07,1.693570587016799e-05,6.485546967883344e-05,0.00020164109240276127,0.0011465651853297734,0.007573044977937474,0.0030055188896966106,0.004506156550136179,0.007573044977937474,0.022463556586202492,0.049076138255664904,0.0020909261612061633,0.0009479286901578349,0.001092000198135246,0.0020909261612061633,0.01041745737134666,0.011247083006531947,1089.651288384257,1162.94977763112,1020.9726620319176,400,20260803,4.0,2.0,2.0,4.0,22.723601183590375,27.372118289535905
plate,tamtam_80cm_bronze,16,0.038382166504484005,0.0035260948301985675,0.008345795821830973,0.038382166504484005,0.050992925605179915,0.06504497249856674,,,,,,,,,,,,,4.9871934144756513e-05,3.0052838119855295e-07,9.634624708863066e-06,4.9871934144756513e-05,0.00020381409515907197,0.0009355229702230148,0.029859357435651584,0.002213917377185331,0.00585304227017899,0.029859357435651584,0.040776725261454726,0.04774140559974864,0.011942198619186193,0.0010878901930878367,0.001935439965048565,0.011942198619186193,0.012334581489881659,0.012997455485391923,1239.484201797112,1321.055402438827,1162.94977763112,400,20260803,24.16873503796092,2.0,3.0,24.16873503796092,26.13950259951689,30.481573359290387
plate,tamtam_80cm_bronze,17,0.047465161301191675,0.016914921831353923,0.037242278966218324,0.047465161301191675,0.05690320790979156,0.06847353475995893,,,,,,,,,,,,,3.259538507099784e-05,1.7514039216217675e-07,5.3485871083750486e-06,3.259538507099784e-05,0.00011664736186192444,0.0006611680339036822,0.030169889546036034,0.004347266552598953,0.01942319444451026,0.030169889546036034,0.03775292999482355,0.0436393060308888,0.01353008360213864,0.0038091699582908038,0.01322317256286679,0.01353008360213864,0.01389264478862798,0.014643011283254665,1406.3359280729921,1497.1217247495472,1321.055402438827,400,20260803,26.953442447331646,4.950000000000003,25.086050353954317,26.953442447331646,29.10893331800112,33.944260529262785
plate,tamtam_80cm_bronze,18,0.04955723313577137,0.029171048350545077,0.04111190870284748,0.04955723313577137,0.057940102042913035,0.067609836475006,,,,,,,,,,,,,1.06097716843375e-05,2.5147710544842943e-08,1.2181855517192708e-06,1.06097716843375e-05,4.351870416399522e-05,0.00034813398810701877,0.025444195299358995,0.00558858073366653,0.015771690805292376,0.025444195299358995,0.0333310472511436,0.04103190360899974,0.015059260602552995,0.014439435753885179,0.014749631983129442,0.015059260602552995,0.015445082481674555,0.016323908118400527,1592.1401126215692,1693.1890682721116,1497.1217247495472,400,20260803,30.01533621012583,24.94497715005262,27.935809573467957,30.01533621012583,32.41568946026907,37.80030673932676
plate,tamtam_80cm_bronze,19,0.05084418853608767,0.031221918203155362,0.043047678260656815,0.05084418853608767,0.05801058192792919,0.06537894551032387,,,,,,,,,,,,,2.6476634432566295e-06,2.044480621485974e-09,2.2469488917554266e-07,2.6476634432566295e-06,1.4953606819936092e-05,0.00017534348427793392,0.02032035551177009,0.0038109847273949137,0.011770752920134077,0.02032035551177009,0.02934777067726447,0.04089582239384299,0.016737014627648684,0.016077505327457903,0.01639402370886798,0.016737014627648684,0.01714554141874669,0.01810970916923141,1799.050003290016,1911.5295361791561,1693.1890682721116,400,20260803,33.42505913919271,27.778710544146335,31.109299611289543,33.42505913919271,36.09809097796067,42.09439732397137
plate,tamtam_80cm_bronze,20,0.05133097462752024,0.03311089289770105,0.044340554410389255,0.05133097462752024,0.05694954489849053,0.06271655934107484,,,,,,,,,,,,,5.348947497563203e-07,1.4990989250138086e-10,3.181859602320604e-08,5.348947497563203e-07,4.362533495209067e-06,8.420397850427162e-05,0.016610985206892324,0.0023794353248196725,0.008620924410606887,0.016610985206892324,0.02590847816786634,0.04130998080827244,0.01857805188985262,0.01787370317960969,0.01821114237631743,0.01857805188985262,0.01902263271980815,0.02006141939741718,2029.4634099536993,2154.6733411054515,1911.5295361791561,400,20260803,37.222124404577904,30.93435423306622,34.64329608060264,37.222124404577904,40.19881094462816,46.87629384300429
plate,tamtam_80cm_bronze,21,0.05083694205855542,0.03495891596926452,0.04516329338591814,0.05083694205855542,0.05506742858077683,0.0592792505676308,,,,,,,,,,,,,1.0125231057554136e-07,1.1153747558212353e-11,4.1438937694227606e-09,1.0125231057554136e-07,1.0952857237008174e-06,3.725034914284212e-05,0.012801931967975666,0.0014549514762673733,0.006072341862484372,0.012801931967975666,0.02238056846276552,0.041785560770017195,0.02062068151409234,0.01987030206515739,0.020229465173349587,0.02062068151409234,0.021095460999035892,0.022203352428426477,2286.0504961747515,2425.4381262171387,2154.6733411054515,400,20260803,41.45053384708329,34.44847701969621,38.57875228064462,41.45053384708329,44.765370067590226,52.201410737488644
plate,tamtam_80cm_bronze,22,0.04962322178797372,0.03655324751219297,0.04534052422724487,0.04962322178797372,0.053075239400801014,0.05632698922102197,,,,,,,,,,,,,1.4797795989490448e-08,6.365176284407981e-13,4.259063504747428e-10,1.4797795989490448e-08,2.4098841943149227e-07,1.5908000108754213e-05,0.009767356527005874,0.0007342261687970266,0.0039130038451021774,0.009767356527005874,0.018592426985518908,0.04161758426748856,0.022875774877285916,0.022087671212009507,0.022469149654154155,0.022875774877285916,0.02338476477151874,0.024547830828516373,2571.784725619831,2726.9616171356174,2425.4381262171387,400,20260803,46.159287888385165,38.36180189945776,42.961273779162106,46.159287888385165,49.850687376017895,58.13145749342699
plate,tamtam_80cm_bronze,23,0.04815191880402629,0.037641410318831295,0.044484759772765455,0.04815191880402629,0.05074339656088284,0.0538673223598222,,,,,,,,,,,,,1.893556826839925e-09,2.1468295912689973e-14,3.185657247733259e-11,1.893556826839925e-09,4.240322738291116e-08,5.691790499872762e-06,0.00679865215473755,0.0003068028041105193,0.0023177273154766356,0.00679865215473755,0.015141896215875182,0.040064203154286646,0.025373693753433978,0.024539917170155648,0.024945080509159577,0.025373693753433978,0.025911850169949666,0.027124113621268455,2889.9773222733784,3062.7379830990285,2726.9616171356174,400,20260803,51.40295336661282,42.719677973915374,47.84164690712719,51.40295336661282,55.5136934668315,64.73515375482539
plate,tamtam_80cm_bronze,24,0.04631231920427477,0.0363060847432459,0.0433900419108657,0.04631231920427477,0.048776903906963515,0.05136892039098046,,,,,,,,,,,,,2.2346221520312745e-10,3.031562270855794e-16,1.6042566840415704e-12,2.2346221520312745e-10,8.284667561423472e-09,1.914540387513402e-06,0.004367297173406615,0.0001083566505968895,0.0012170927359070383,0.004367297173406615,0.011261884953058843,0.036638727887291,0.028143919416213914,0.027264992397291576,0.027674188285760855,0.028143919416213914,0.028700230722275392,0.029952419275059688,3244.3156440657726,3436.658328728339,3062.7379830990285,400,20260803,57.242295877684306,47.572605973464796,53.27642729011413,57.242295877684306,61.82001341493805,72.08902567314256
plate,tamtam_80cm_bronze,25,0.044754276166387774,0.032471981175370514,0.04168845984969421,0.044754276166387774,0.04670055630981916,0.049223888831498315,,,,,,,,,,,,,1.987100087147275e-11,2.537457424359442e-18,7.548365288108846e-14,1.987100087147275e-11,1.4317278138387187e-09,7.356236933518491e-07,0.0024524344860657027,3.208084994896171e-05,0.0005283608248842044,0.0024524344860657027,0.007603684735451694,0.031424200441449925,0.031177079747397016,0.03027455138377586,0.030701071806117843,0.031177079747397016,0.03176574206685626,0.03304186177544514,3638.905914797386,3853.0557856320793,3436.658328728339,400,20260803,63.74498395021495,52.97682347906363,59.32859523646531,63.74498395021495,68.84272726163613,80.27829272152887
plate,tamtam_80cm_bronze,26,0.043240063866792675,0.025984791375839537,0.03852936933869857,0.043240063866792675,0.045264180714966656,0.047112172232030985,,,,,,,,,,,,,1.4409633673362777e-12,1.5065674759400445e-20,1.9475783864036785e-15,1.4409633673362777e-12,2.0731680123301173e-10,2.714073578926991e-07,0.0011954924701351667,8.011867250042844e-06,0.00020830048360441657,0.0011954924701351667,0.004667129032293883,0.02507948895118227,0.03454100069686826,0.03362996214979911,0.0340744806615134,0.03454100069686826,0.03514709743579714,0.036408239299321056,4078.320809686421,4316.755726388418,3853.0557856320793,400,20260803,70.98637321423787,58.99495662477031,66.06828557712704,70.98637321423787,76.66321689400961,89.39785525058662
plate,tamtam_80cm_bronze,27,0.04078891912835764,0.01964126491042881,0.03364806131858218,0.04078891912835764,0.044185602027678586,0.04603039524839595,,,,,,,,,,,,,6.797029504278059e-14,3.3762956037712995e-23,3.481746019885962e-17,6.797029504278059e-14,2.373369144585661e-11,9.446555665629372e-08,0.0005400714282012995,1.4626670843702034e-06,7.035136099309518e-05,0.0005400714282012995,0.0026234859745566472,0.018162913549302297,0.038248377253253106,0.037358156496627624,0.037791869472851174,0.038248377253253106,0.038844778575904015,0.0400661138213982,4567.652446074554,4833.131682803398,4316.755726388418,400,20260803,79.05037965099561,65.69674583327958,73.57360041482947,79.05037965099561,85.37210912928515,99.55339422984066
plate,tamtam_80cm_bronze,28,0.03753760017455736,0.013941684255716286,0.02839314873766807,0.03753760017455736,0.042959506367753975,0.04623468137395222,,,,,,,,,,,,,2.2207181559080498e-15,5.673546415923857e-26,4.426682544758393e-19,2.2207181559080498e-15,2.290595113612016e-12,2.7079918161915902e-08,0.00020738148942922238,2.057376278667826e-07,2.100039843775537e-05,0.00020738148942922238,0.0013622170451289023,0.011908579620464049,0.04231358938010367,0.04144775635970841,0.04188459192815179,0.04231358938010367,0.042869973410796305,0.04402494180764903,5112.571393434344,5408.167616447384,4833.131682803398,400,20260803,88.03045204333831,73.1598539945414,81.93151420104292,88.03045204333831,95.07032593295747,110.8625959191224
plate,tamtam_80cm_bronze,29,0.0339255980064632,0.009781111918289962,0.023159437200078584,0.0339255980064632,0.04068551525340351,0.046651261145106565,,,,,,,,,,,,,6.009791552015946e-17,1.6566505254651762e-29,4.237664530097392e-21,6.009791552015946e-17,1.7773233063474095e-13,6.55266908907603e-09,7.132991623505082e-05,1.855240463827647e-08,4.7074342032839785e-06,7.132991623505082e-05,0.0006120419621685479,0.007623911740561844,0.04679366560526449,0.04597867074226465,0.04640836401336425,0.04679366560526449,0.04729849197122269,0.048313734365928174,5719.392386557584,6048.527263084527,5408.167616447384,400,20260803,98.0306548958736,81.47076645296086,91.23888162910565,98.0306548958736,105.87025394103098,123.45651566185045
plate,tamtam_80cm_bronze,30,0.030036532151007267,0.006227771565034664,0.018352569470402737,0.030036532151007267,0.03829911493281504,0.04732379103810356,,,,,,,,,,,,,1.0831400728893642e-18,1.4757399210028922e-33,1.6375003939805103e-23,1.0831400728893642e-18,1.0917509675333218e-14,1.1817017407126087e-09,2.3959164212262995e-05,1.2668760966165255e-09,8.488561725723171e-07,2.3959164212262995e-05,0.0002734101337146522,0.004674254825003724,0.05170226453389693,0.05097927119997316,0.05138054629640144,0.05170226453389693,0.05214800669572099,0.052946012615024345,6395.147503469621,6761.631354584867,6048.527263084527,400,20260803,109.16687437413954,90.72579323255762,101.60356002335368,109.16687437413954,117.89704683922571,137.48109660433903
plate,tamtam_80cm_bronze,31,0.026145368166063825,0.003543603465798318,0.014116108452930178,0.026145368166063825,0.03543057644713443,0.047188681181320205,,,,,,,,,,,,,2.3892690648817805e-20,5.324068185236246e-38,2.613155300432795e-26,2.3892690648817805e-20,6.018162794814163e-16,2.0102166777433378e-10,6.7798140975192546e-06,6.292279635613294e-11,1.1965248944779002e-07,6.7798140975192546e-06,0.00010891331045422998,0.0027482758133714224,0.05710189380451478,0.056475328267602765,0.05682576698889834,0.05710189380451478,0.057419375335701545,0.05791454724346986,7147.667656109318,7555.743613196125,6761.631354584867,400,20260803,121.5681612377034,101.03218511426799,113.14565923094466,121.5681612377034,131.29007569163565,153.09886094065703
plate,tamtam_80cm_bronze,32,0.02224930290477441,0.0018664514029243036,0.010181533813045169,0.02224930290477441,0.032471653002079014,0.0470648545219661,,,,,,,,,,,,,3.195046224640984e-22,3.1918429863381804e-43,1.9331117206426024e-29,3.195046224640984e-22,2.826654430871859e-17,3.824732522752614e-11,1.6121519566117202e-06,1.447451618822802e-12,1.379316160378543e-08,1.6121519566117202e-06,3.935383098913158e-05,0.0015733700925775356,0.06296775596215903,0.062252905095277145,0.06265272876252459,0.06296775596215903,0.06325134384105793,0.06375959946023046,7985.673338139188,8440.066514709539,7555.743613196125,400,20260803,135.37822632958955,112.50937649890498,125.99893350058213,135.37822632958955,146.20454402578218,170.4907932818066
plate,tamtam_80cm_bronze,33,0.018084326966196766,0.0009036603272310729,0.007093983541942635,0.018084326966196766,0.02902269041565423,0.04660541235928341,,,,,,,,,,,,,1.7662903167852417e-24,1.3674495412748377e-49,6.185652753240411e-33,1.7662903167852417e-24,8.965748024579022e-19,6.500944227946631e-12,3.7552423134137997e-07,1.9955453366972946e-14,1.3126715740561285e-09,3.7552423134137997e-07,1.3249014485428534e-05,0.0009035121479847332,0.06939445664809765,0.06782617925765372,0.06890385063525017,0.06939445664809765,0.06981399076678238,0.07049864426601059,8918.87568152042,9424.847930259928,8440.066514709539,400,20260803,150.75710595235773,125.29036945856222,140.31233147778033,150.75710595235773,162.81328639030505,189.85843797444565
plate,tamtam_80cm_bronze,34,0.014435008096966375,0.0003926858969344632,0.004804991940980009,0.014435008096966375,0.02547415152227447,0.04606483852043947,,,,,,,,,,,,,8.111285908111304e-27,7.118693062426788e-57,9.166618949980118e-37,8.111285908111304e-27,1.9655726017614485e-20,9.79769807588505e-13,8.023443970486185e-08,1.670723241965035e-16,1.2497412745931317e-10,8.023443970486185e-08,4.361985099714816e-06,0.0005211375911085719,0.07643103238448698,0.07358722595041094,0.07557676162192471,0.07643103238448698,0.07708375944145583,0.07796761202426668,9958.08899294587,10521.49988256573,9424.847930259928,400,20260803,167.88301642981827,139.52327501535484,156.25172227858027,167.88301642981827,181.3087712276345,211.42623467364984
plate,tamtam_80cm_bronze,35,0.011082365757525903,0.00015122402499722964,0.0030877775042244277,0.011082365757525903,0.021849473219665516,0.04518391665917288,,,,,,,,,,,,,2.3674103397589747e-29,1.215330642902647e-64,1.1944128723084652e-40,2.3674103397589747e-29,2.870088255996991e-22,1.298942522966214e-13,1.4150295795410738e-08,9.932008312307876e-19,8.19660614873017e-12,1.4150295795410738e-08,1.3116649141533382e-06,0.0002800049408990824,0.08415599200286905,0.07961390483604039,0.08278326129336186,0.08415599200286905,0.08512338716131276,0.08638379555221488,11115.35607425443,11742.730792801776,10521.49988256573,400,20260803,186.9544193457919,155.37302950845685,174.00181764415498,186.9544193457919,201.90533127174,235.4441192352725
plate,tamtam_80cm_bronze,36,0.00822791871136072,5.33621117741129e-05,0.00189496059075754,0.00822791871136072,0.01852249121712974,0.043945591204775813,,,,,,,,,,,,,3.512495216947293e-32,2.277556436945196e-73,3.582613147747682e-45,3.512495216947293e-32,3.183727231055215e-24,1.497954557720709e-14,2.1341095515171796e-09,3.4001935463934215e-21,3.9819967725588337e-13,2.1341095515171796e-09,3.68527778288568e-07,0.00015533274742026015,0.09260420353778837,0.08546746691886813,0.09044346785039273,0.09260420353778837,0.09395537871768775,0.09565555086069757,12404.08777909383,13102.692750631822,11742.730792801776,400,20260803,208.19232139263448,173.02330593930424,193.76831245091336,208.19232139263448,224.84164731759572,262.1904200679647
plate,tamtam_80cm_bronze,37,0.005908625352035363,1.6750402002403175e-05,0.0010555428351732108,0.005908625352035363,0.015234652851751442,0.04236263984752059,,,,,,,,,,,,,2.3209632981297184e-35,1.5526916568493597e-82,3.334681944161937e-50,2.3209632981297184e-35,2.1491077892442156e-26,1.4668197503942495e-15,2.8496006572213855e-10,8.094352316058973e-24,1.8859950170983504e-14,2.8496006572213855e-10,9.186347967580899e-08,8.414632841558454e-05,0.10174527883213635,0.09134609601603985,0.0985544369095496,0.10174527883213635,0.10356010754188899,0.10602466515656854,13839.218423072582,14617.145514022386,13102.692750631822,400,20260803,231.8428354811188,192.678642444421,215.78026838121642,231.8428354811188,250.3835141453074,291.9750835089786
membrane,bassdrum_82cm,0,,,,,,,,,,,,,0.9542289202781444,0.863477629762862,0.9237563767746415,0.9542289202781444,0.9757963179851976,0.9915192294971418,,,,,,,,,,,,,0.03662578711212996,0.0022494283261571494,0.012702703011279532,0.03662578711212996,0.06597385278857204,0.10584465908129904,31.070005997851133,48.26726363532532,19.999999999999982,400,20260803,1.0,1.0,1.0,1.0,1.0,1.0
membrane,bassdrum_82cm,1,,,,,,,,,,,,,0.0,0.0,0.0,0.0,0.0,0.0,,,,,,,,,,,,,0.0,0.0,0.0,0.0,0.0,0.0,62.04115804080137,79.74567027716589,48.26726363532532,400,20260803,0.0,0.0,0.0,0.0,0.0,0.0
membrane,bassdrum_82cm,2,,,,,,,,,,,,,0.04020029921576808,0.00833163388884667,0.022438547576760087,0.04020029921576808,0.062382673639196626,0.09357610258687145,,,,,,,,,,,,,0.030965304219731093,0.001973788513464754,0.011218471256554202,0.030965304219731093,0.05547104312300921,0.08829074972447182,95.6807360113951,114.80000371009025,79.74567027716589,400,20260803,1.0,1.0,1.0,1.0,1.0,1.0
membrane,bassdrum_82cm,3,,,,,,,,,,,,,0.0048955787826677165,0.00025061614743576233,0.0017489340322156392,0.0048955787826677165,0.011652539515098268,0.02866460664875074,,,,,,,,,,,,,0.027783799777002835,0.0018598205298751285,0.01046524460827939,0.027783799777002835,0.048998710635025984,0.07603321381032654,132.8925478326256,153.83648692246896,114.80000371009025,400,20260803,1.0,1.0,1.0,1.0,1.0,1.0
membrane,bassdrum_82cm,4,,,,,,,,,,,,,0.00037242027309846045,3.14485088472108e-06,6.971197469407806e-05,0.00037242027309846045,0.0017257447627331795,0.007810852100117496,,,,,,,,,,,,,0.02430133895588961,0.0017463817543066811,0.009669896555263409,0.02430133895588961,0.04215315878281059,0.06191484696563484,174.22138513818598,197.30748957342993,153.83648692246896,400,20260803,1.0,1.0,1.0,1.0,1.0,1.0
membrane,bassdrum_82cm,5,,,,,,,,,,,,,1.8900911778727577e-05,1.405361604325083e-08,1.250405166733842e-06,1.8900911778727577e-05,0.00020205047512534099,0.0019303755587420834,,,,,,,,,,,,,0.020947473493862428,0.0016329001027741057,0.008756898247913822,0.020947473493862428,0.0348714508419292,0.047782892136955156,220.18573768342424,245.71677022503872,197.30748957342993,400,20260803,1.0,1.0,1.0,1.0,1.0,1.0
membrane,bassdrum_82cm,6,,,,,,,,,,,,,3.8440423768198935e-06,6.511636191649023e-11,7.125662533712937e-08,3.8440423768198935e-06,0.0001018079503820158,0.0026275172167748587,,,,,,,,,,,,,0.10797927995271026,0.010010875350064207,0.047184940866731195,0.10797927995271026,0.17093056738871082,0.20818785140330898,271.33552007714667,299.62531408868983,245.71677022503872,400,20260803,6.0,6.0,6.0,6.0,6.0,7.0
membrane,bassdrum_82cm,7,,,,,,,,,,,,,8.81385392776516e-08,4.4260660868846453e-14,2.366384560324614e-10,8.81385392776516e-08,8.6836017467186e-06,0.0006149536196331476,,,,,,,,,,,,,0.11616481558553698,0.010807095020036394,0.054896324319890916,0.11616481558553698,0.15928230641470534,0.18272315021389363,328.2721301869142,359.65783393574134,299.62531408868983,400,20260803,8.0,7.0,8.0,8.0,8.0,8.0
membrane,bassdrum_82cm,8,,,,,,,,,,,,,9.588471350627965e-10,1.8977028376250648e-18,3.5825532798448715e-13,9.588471350627965e-10,4.695324757772919e-07,9.925440760240067e-05,,,,,,,,,,,,,0.09216431430515887,0.010965299442206531,0.04828088289400578,0.09216431430515887,0.12024641697787473,0.13610520279965022,391.6601411572962,426.51000950742576,359.65783393574134,400,20260803,8.0,7.0,8.0,8.0,9.0,9.0
membrane,bassdrum_82cm,9,,,,,,,,,,,,,5.075694348222228e-12,5.2055448449797125e-24,1.422759245688002e-16,5.075694348222228e-12,1.4979298353954462e-08,1.698237015455625e-05,,,,,,,,,,,,,0.07540397661298054,0.010172984241211352,0.040723742718010755,0.07540397661298054,0.090765895113753,0.10064594351496083,462.2369334140603,500.9565493170786,426.51000950742576,400,20260803,9.0,8.0,9.0,9.0,9.0,10.0
membrane,bassdrum_82cm,10,,,,,,,,,,,,,1.6726135501700683e-14,5.5831372923052836e-31,1.5414948985042273e-20,1.6726135501700683e-14,4.5979178782463e-10,2.512855485106399e-06,,,,,,,,,,,,,0.05954442990678031,0.011138919405358239,0.03541023089644055,0.05954442990678031,0.07539507104115448,0.08422133212069266,540.822128965883,583.8601682679283,500.9565493170786,400,20260803,11.0,10.0,11.0,11.0,11.0,12.0
membrane,bassdrum_82cm,11,,,,,,,,,,,,,2.0179584128605388e-17,6.811484782379067e-40,1.729169281049109e-25,2.0179584128605388e-17,7.1736460611001305e-12,2.8203502813255554e-07,,,,,,,,,,,,,0.044947410277231814,0.00868666610320216,0.026226255736138373,0.044947410277231814,0.05864355519902395,0.06752201055835347,628.3275372521083,676.1815851225036,583.8601682679283,400,20260803,12.0,12.0,12.0,12.0,13.0,13.0
membrane,bassdrum_82cm,12,,,,,,,,,,,,,6.317586816261296e-21,2.7829703931125854e-50,2.893400073543633e-31,6.317586816261296e-21,6.291116818054469e-14,2.2420087793217986e-08,,,,,,,,,,,,,0.025618191315460538,0.0037771379992472794,0.013334954768808156,0.025618191315460538,0.03475153658239635,0.039383095495870706,725.7679631618286,778.9906556781491,676.1815851225036,400,20260803,11.0,10.0,10.0,11.0,11.0,12.0
membrane,bassdrum_82cm,13,,,,,,,,,,,,,3.845496220033995e-25,7.161026238438969e-64,6.382982752151645e-38,3.845496220033995e-25,2.912207245889354e-16,1.1712094155937795e-09,,,,,,,,,,,,,0.013123612224252571,0.000935623938835549,0.006416013261868561,0.013123612224252571,0.018624121018102454,0.021852150058442533,834.2731048009164,893.4787706641346,778.9906556781491,400,20260803,9.0,8.0,8.0,9.0,9.0,9.0
membrane,bassdrum_82cm,14,,,,,,,,,,,,,1.0258730580964798e-29,8.63486179930684e-79,6.370048563831875e-46,1.0258730580964798e-29,3.2989687581426306e-19,4.145837043987677e-11,,,,,,,,,,,,,0.0049498169297698055,0.00010146793993674581,0.0018821435967904525,0.0049498169297698055,0.007410763733358123,0.009042327726661822,955.1007271246142,1020.9726620319176,893.4787706641346,400,20260803,5.0,4.0,5.0,5.0,5.0,6.0
membrane,bassdrum_82cm,15,,,,,,,,,,,,,3.1342145048146725e-33,2.650632587585676e-95,6.299717805831673e-53,3.1342145048146725e-33,1.0190732531856994e-20,3.712333685835771e-11,,,,,,,,,,,,,0.07054441063297989,0.000295859763872415,0.020138331066167258,0.07054441063297989,0.11835394977929511,0.1339849960628724,1089.651288384257,1162.94977763112,1020.9726620319176,400,20260803,114.48406299265136,110.69676344262857,112.86834325864453,114.48406299265136,115.7028955573463,118.24139733679768
membrane,bassdrum_82cm,16,,,,,,,,,,,,,1.621117962204573e-38,2.1246721870450143e-117,7.305541656695869e-63,1.621117962204573e-38,1.25290048564603e-23,1.4312999546469132e-12,,,,,,,,,,,,,0.05433953422980538,3.579668861771015e-05,0.00783725762773162,0.05433953422980538,0.09636514551478813,0.11838779092524163,1239.484201797112,1321.055402438827,1162.94977763112,400,20260803,145.01985446119642,140.2223864539637,142.97318146103575,145.01985446119642,146.56378045861646,149.77936478522406
membrane,bassdrum_82cm,17,,,,,,,,,,,,,1.4229500505352525e-44,6.687891141956987e-143,3.980690310476857e-75,1.4229500505352525e-44,2.634181490030723e-27,3.640232167332437e-14,,,,,,,,,,,,,0.039659539068243724,2.411371232403938e-06,0.002523420101367135,0.039659539068243724,0.0834462529989198,0.10508589400274648,1406.3359280729921,1497.1217247495472,1321.055402438827,400,20260803,183.2333463692815,177.17172039171558,180.6473643040227,183.2333463692815,185.18410496095765,189.24701261512706
membrane,bassdrum_82cm,18,,,,,,,,,,,,,1.8101230720246915e-51,4.0316178312125993e-175,5.474479378931042e-90,1.8101230720246915e-51,2.0921457091942693e-31,6.349995280171647e-16,,,,,,,,,,,,,0.023826941924791335,9.792717357318567e-08,0.0006642470982495193,0.023826941924791335,0.07412335498317293,0.09305040948904006,1592.1401126215692,1693.1890682721116,1497.1217247495472,400,20260803,231.0072963776663,223.3652385509863,227.74707798830917,231.0072963776663,233.46667114256527,238.5888900575125
membrane,bassdrum_82cm,19,,,,,,,,,,,,,1.1410956734148618e-59,4.439058473794089e-212,7.379577442479946e-107,1.1410956734148618e-59,5.493736953176392e-36,7.339807621958731e-18,,,,,,,,,,,,,0.01219593956672586,1.7768069256012232e-09,0.00013252238462731658,0.01219593956672586,0.058001253707325895,0.08458099560993343,1799.050003290016,1911.5295361791561,1693.1890682721116,400,20260803,290.68098256293,281.0648322824195,286.5785862332542,290.68098256293,293.7756617542858,300.221049629243
membrane,bassdrum_82cm,20,,,,,,,,,,,,,6.459447391029975e-69,2.911973587416399e-260,2.369248683731427e-126,6.459447391029975e-69,3.174085903521794e-41,5.4130614306193614e-20,,,,,,,,,,,,,0.005598186046960168,1.3489129017511268e-11,1.9497356969194858e-05,0.005598186046960168,0.043863443954817796,0.07836601871145756,2029.4634099536993,2154.6733411054515,1911.5295361791561,400,20260803,365.1603231414729,353.0802877953422,360.00679587529027,365.1603231414729,369.04793231208663,377.1447809550211
membrane,bassdrum_82cm,21,,,,,,,,,,,,,2.165143384501457e-79,2.4915818669e-313,6.871319395059261e-149,2.165143384501457e-79,8.058811710273828e-47,2.5015223532156967e-22,,,,,,,,,,,,,0.0022275621103962917,5.651015900098747e-14,2.056912530222453e-06,0.0022275621103962917,0.030051340277616852,0.0724436357613822,2286.0504961747515,2425.4381262171387,2154.6733411054515,400,20260803,458.0544938691454,442.9013840548311,451.589946178849,458.0544938691454,462.93108296756344,473.08771191116733
membrane,bassdrum_82cm,22,,,,,,,,,,,,,2.752776741565437e-91,0.0,6.773778786083591e-175,2.752776741565437e-91,3.7569964741835777e-53,1.1459622872494139e-24,,,,,,,,,,,,,0.0007284574541849486,8.44733096223261e-17,1.3369637773959285e-07,0.0007284574541849486,0.01884604246745144,0.0663623421829987,2571.784725619831,2726.9616171356174,2425.4381262171387,400,20260803,573.8454118709933,554.8617698395154,565.746700731708,573.8454118709933,579.9547467146915,592.6788548663917
membrane,bassdrum_82cm,23,,,,,,,,,,,,,1.868312411010248e-104,0.0,2.28353338830089e-206,1.868312411010248e-104,7.052855845143357e-60,3.26332064455109e-27,,,,,,,,,,,,,0.00018699817376832619,2.774419531103712e-20,5.510657379288447e-09,0.00018699817376832619,0.010971100835030627,0.061069176143451934,2889.9773222733784,3062.7379830990285,2726.9616171356174,400,20260803,718.0979845522236,694.3422573123416,707.963429101776,718.0979845522236,725.7430766753974,741.6657559021409
membrane,bassdrum_82cm,24,,,,,,,,,,,,,3.662180956906605e-120,0.0,1.6127856530173185e-242,3.662180956906605e-120,1.8029719320221385e-67,5.554718134334541e-30,,,,,,,,,,,,,4.340064258312177e-05,2.9615530131473318e-24,1.409842049283364e-10,4.340064258312177e-05,0.005861347002827727,0.05557545902955552,3244.3156440657726,3436.658328728339,3062.7379830990285,400,20260803,897.7209195588262,868.0230040078259,885.0513359727242,897.7209195588262,907.2783327232806,927.1838644818548
membrane,bassdrum_82cm,25,,,,,,,,,,,,,6.174566826366742e-139,0.0,2.4665786921690494e-283,6.174566826366742e-139,4.125499770997557e-76,4.014832298815397e-33,,,,,,,,,,,,,7.81103914301783e-06,6.065025931933961e-29,2.0823665440778135e-12,7.81103914301783e-06,0.0027936530863969223,0.0499424772981239,3638.905914797386,3853.0557856320793,3436.658328728339,400,20260803,1121.2902447218626,1084.1963302653794,1105.4654152339122,1121.2902447218626,1133.227845720785,1158.0906712276912
membrane,bassdrum_82cm,26,,,,,,,,,,,,,4.260855383116634e-158,0.0,0.0,4.260855383116634e-158,7.152665481609926e-86,1.2509658140489878e-36,,,,,,,,,,,,,9.957365298376384e-07,1.161284327597421e-34,1.3319826773255386e-14,9.957365298376384e-07,0.0011951233347920211,0.04153933326240399,4078.320809686421,4316.755726388418,3853.0557856320793,400,20260803,1399.4506049459026,1353.1547406321863,1379.700083344271,1399.4506049459026,1414.349586737801,1445.380175258559
membrane,bassdrum_82cm,27,,,,,,,,,,,,,1.2576222633269426e-180,0.0,0.0,1.2576222633269426e-180,1.4258614319467714e-96,1.734839048901103e-40,,,,,,,,,,,,,9.197629491872e-08,1.2988691237205451e-41,4.0643138512658656e-17,9.197629491872e-08,0.00045515558693107503,0.03285090790906508,4567.652446074554,4833.131682803398,4316.755726388418,400,20260803,1745.4130217748966,1687.6722168176489,1720.77991399067,1745.4130217748966,1763.9952259190527,1802.69698008319
membrane,bassdrum_82cm,28,,,,,,,,,,,,,4.277052889641402e-208,0.0,0.0,4.277052889641402e-208,2.313465198959506e-108,1.0038145239241857e-44,,,,,,,,,,,,,6.194205088255664e-09,5.628845516419802e-50,5.0078091910555946e-20,6.194205088255664e-09,0.0001497467223798411,0.024791072808019742,5112.571393434344,5408.167616447384,4833.131682803398,400,20260803,2175.5722891511605,2103.6011891014264,2144.868320507371,2175.5722891511605,2198.734101228319,2246.9739521121037
membrane,bassdrum_82cm,29,,,,,,,,,,,,,2.6913465233031983e-239,0.0,0.0,2.6913465233031983e-239,5.476589388265568e-122,2.088888540952586e-49,,,,,,,,,,,,,2.971181478732293e-10,2.9850300253059793e-60,1.0726947756460384e-23,2.971181478732293e-10,4.224807403989966e-05,0.017905566452715526,5719.392386557584,6048.527263084527,5408.167616447384,400,20260803,2710.272744344149,2620.612974444539,2672.022519438532,2710.272744344149,2739.1271420101702,2799.2231239701905
membrane,bassdrum_82cm,30,,,,,,,,,,,,,8.531541341732852e-272,0.0,0.0,8.531541341732852e-272,4.2060326961670957e-137,1.0836091234564497e-54,,,,,,,,,,,,,8.189802944998758e-12,1.4785389403197843e-72,5.4116213394828085e-28,8.189802944998758e-12,9.638353640102924e-06,0.012506116903337097,6395.147503469621,6761.631354584867,6048.527263084527,400,20260803,3374.758054933271,3263.1161431354262,3327.1299131262826,3374.758054933271,3410.6867676972765,3485.5166532178127
membrane,bassdrum_82cm,31,,,,,,,,,,,,,7.62567548776e-312,0.0,0.0,7.62567548776e-312,9.877479778220898e-154,1.1112086155257019e-60,,,,,,,,,,,,,1.4401613029102864e-13,2.7684321420344293e-87,7.473998033601172e-33,1.4401613029102864e-13,1.8674378883629658e-06,0.008462387541243578,7147.667656109318,7555.743613196125,6761.631354584867,400,20260803,4200.349221990309,4061.3955519113256,4141.069467670917,4200.349221990309,4245.067432377212,4338.203487262197
membrane,bassdrum_82cm,32,,,,,,,,,,,,,0.0,0.0,0.0,0.0,1.112447174273815e-172,3.53624227390858e-67,,,,,,,,,,,,,1.4791999281392515e-15,6.661453069724443e-105,1.4795137024693378e-38,1.4791999281392515e-15,2.767815975390509e-07,0.005435603297554568,7985.673338139188,8440.066514709539,7555.743613196125,400,20260803,5225.905614175106,5053.025044918079,5152.1521273738745,5225.905614175106,5281.542213506733,5397.418348176061
membrane,bassdrum_82cm,33,,,,,,,,,,,,,0.0,0.0,0.0,0.0,6.684901372583483e-194,4.090941667517105e-74,,,,,,,,,,,,,6.464389543503313e-18,5.6875532391921396e-126,2.2939877454373347e-45,6.464389543503313e-18,3.102697825601307e-08,0.003241572711418276,8918.87568152042,9424.847930259928,8440.066514709539,400,20260803,6499.6370108462925,6284.61955179551,6407.90728438664,6499.6370108462925,6568.834146591068,6712.953246547195
membrane,bassdrum_82cm,34,,,,,,,,,,,,,0.0,0.0,0.0,0.0,4.843250780965618e-218,1.558174264452717e-81,,,,,,,,,,,,,1.3000029585502004e-20,3.714525987397603e-151,4.390407928758819e-53,1.3000029585502004e-20,2.7822536454977824e-09,0.0018516005440891525,9958.08899294587,10521.49988256573,9424.847930259928,400,20260803,8081.350956497754,7814.00809635586,7967.298416113276,8081.350956497754,8167.38750564731,8346.578593447517
membrane,bassdrum_82cm,35,,,,,,,,,,,,,0.0,0.0,0.0,0.0,1.5782988379212078e-244,8.231376522482276e-90,,,,,,,,,,,,,1.100245477640502e-23,3.025532865381236e-181,5.543253006397369e-62,1.100245477640502e-23,1.8753526551910764e-10,0.0009606064340426175,11115.35607425443,11742.730792801776,10521.49988256573,400,20260803,10045.239972821195,9712.928803611743,9903.470961199346,10045.239972821195,10152.184688784284,10374.921888001783
membrane,bassdrum_82cm,36,,,,,,,,,,,,,0.0,0.0,0.0,0.0,9.683471238427523e-274,6.487153688943093e-99,,,,,,,,,,,,,4.147897333175512e-27,9.863113399639309e-216,2.6410856796250937e-72,4.147897333175512e-27,9.004315553063922e-12,0.00045124250135408013,12404.08777909383,13102.692750631822,11742.730792801776,400,20260803,12483.338279638143,12070.371267344995,12307.160255575625,12483.338279638143,12616.239740449353,12893.03788691616
membrane,bassdrum_82cm,37,,,,,,,,,,,,,0.0,0.0,0.0,0.0,2.41445852789429e-306,1.9365563540870847e-108,,,,,,,,,,,,,5.574587864075266e-31,4.8691992664695953e-256,1.996958940869475e-84,5.574587864075266e-31,2.9614231312456095e-13,0.0001934894412011121,13839.218423072582,14617.145514022386,13102.692750631822,400,20260803,15509.8088090263,14996.721743561693,15290.918043723663,15509.8088090263,15674.93100642636,16018.836317187315
membrane,bassdrum_32in,0,,,,,,,,,,,,,0.0,0.0,0.0,0.0,0.0,0.0,,,,,,,,,,,,,0.0,0.0,0.0,0.0,0.0,0.0,31.070005997851133,48.26726363532532,19.999999999999982,400,20260803,0.0,0.0,0.0,0.0,0.0,0.0
membrane,bassdrum_32in,1,,,,,,,,,,,,,0.8195662687338314,0.6195476621251851,0.7468773478749322,0.8195662687338314,0.8725821385467096,0.9350084441458455,,,,,,,,,,,,,0.03126319017636263,0.002121721725728542,0.011687157824014938,0.03126319017636263,0.05312902502472737,0.08017281431133244,62.04115804080137,79.74567027716589,48.26726363532532,400,20260803,1.0,1.0,1.0,1.0,1.0,1.0
membrane,bassdrum_32in,2,,,,,,,,,,,,,0.143463297024585,0.06252392694033913,0.10864866389484504,0.143463297024585,0.17577650519084947,0.19906875129592935,,,,,,,,,,,,,0.028481209571492597,0.001993202123341243,0.010937122550851096,0.028481209571492597,0.048020693329562464,0.071683471916376,95.6807360113951,114.80000371009025,79.74567027716589,400,20260803,1.0,1.0,1.0,1.0,1.0,1.0
membrane,bassdrum_32in,3,,,,,,,,,,,,,0.03392154673791049,0.0036101966903709687,0.015908950003160623,0.03392154673791049,0.06665663483814858,0.12164114638095916,,,,,,,,,,,,,0.05098345943080782,0.00375622625371858,0.020410029560180724,0.05098345943080782,0.08515616988907143,0.12393572099244095,132.8925478326256,153.83648692246896,114.80000371009025,400,20260803,2.0,2.0,2.0,2.0,2.0,2.0
membrane,bassdrum_32in,4,,,,,,,,,,,,,0.0028179829193675575,4.214006484923532e-05,0.0006779904469876519,0.0028179829193675575,0.010172840477637193,0.036909348003656,,,,,,,,,,,,,0.046574836919433746,0.004159415860128595,0.019671451134364956,0.046574836919433746,0.07601315168525516,0.11929525381038367,174.22138513818598,197.30748957342993,153.83648692246896,400,20260803,2.0,2.0,2.0,2.0,2.0,3.0
membrane,bassdrum_32in,5,,,,,,,,,,,,,0.00027906319104909334,2.836423482294826e-07,1.9000055669193235e-05,0.00027906319104909334,0.0022562816598978718,0.016311777461517997,,,,,,,,,,,,,0.07522525681115935,0.0064117225844982145,0.03344248310532923,0.07522525681115935,0.11511546020646493,0.15216731482525667,220.18573768342424,245.71677022503872,197.30748957342993,400,20260803,4.0,3.0,4.0,4.0,4.0,4.0
membrane,bassdrum_32in,6,,,,,,,,,,,,,1.1850124698584063e-05,5.263636912785257e-10,2.5192873286852483e-07,1.1850124698584063e-05,0.00025412392169832886,0.004398494676128535,,,,,,,,,,,,,0.08249176219856952,0.007671045999230908,0.03821442714679324,0.08249176219856952,0.12173774568509725,0.13888862287227724,271.33552007714667,299.62531408868983,245.71677022503872,400,20260803,5.0,5.0,5.0,5.0,5.0,5.0
membrane,bassdrum_32in,7,,,,,,,,,,,,,3.299839957221481e-07,3.027303586914792e-13,1.282034294774979e-09,3.299839957221481e-07,2.7220707415809752e-05,0.0013148442205463786,,,,,,,,,,,,,0.10538251022717106,0.011355768148564661,0.05066041054003879,0.10538251022717106,0.13792617740343266,0.15218611998140252,328.2721301869142,359.65783393574134,299.62531408868983,400,20260803,8.0,7.0,8.0,8.0,8.0,8.0
membrane,bassdrum_32in,8,,,,,,,,,,,,,3.2517415909005474e-09,8.55422656893601e-18,1.9171787901148744e-12,3.2517415909005474e-09,1.3304722930882318e-06,0.0002493513036859011,,,,,,,,,,,,,0.07931753524986182,0.009948206793938883,0.04358675503065427,0.07931753524986182,0.09762397530851394,0.10969874884926502,391.6601411572962,426.51000950742576,359.65783393574134,400,20260803,8.0,7.0,7.0,8.0,8.0,9.0
membrane,bassdrum_32in,9,,,,,,,,,,,,,2.057153956384485e-11,2.136644932460576e-23,7.393214878331364e-16,2.057153956384485e-11,5.194887696493001e-08,4.003234452579923e-05,,,,,,,,,,,,,0.06616459408713198,0.010279239068215576,0.0399333273905629,0.06616459408713198,0.08108287074148943,0.09147685066467996,462.2369334140603,500.9565493170786,426.51000950742576,400,20260803,9.0,9.0,9.0,9.0,9.0,10.0
membrane,bassdrum_32in,10,,,,,,,,,,,,,6.560545490439978e-14,2.1569457570979707e-30,5.798861802458959e-20,6.560545490439978e-14,1.4275383742374122e-09,5.826590374130088e-06,,,,,,,,,,,,,0.05331294509746563,0.009779904590395393,0.033487227213712945,0.05331294509746563,0.06599981552310732,0.07500973463347127,540.822128965883,583.8601682679283,500.9565493170786,400,20260803,11.0,10.0,10.0,11.0,11.0,11.0
membrane,bassdrum_32in,11,,,,,,,,,,,,,8.500824310056683e-17,3.0174263668451016e-39,7.116257967673619e-25,8.500824310056683e-17,2.6146426432461818e-11,6.707062707896184e-07,,,,,,,,,,,,,0.04098368134996383,0.007719934088744796,0.022897688003268333,0.04098368134996383,0.05281242275230678,0.05888518263346881,628.3275372521083,676.1815851225036,583.8601682679283,400,20260803,12.0,11.0,12.0,12.0,13.0,13.0
membrane,bassdrum_32in,12,,,,,,,,,,,,,2.1265891593069868e-20,8.173835523050508e-50,1.4686060491742372e-30,2.1265891593069868e-20,2.338243259437242e-13,6.005533403049419e-08,,,,,,,,,,,,,0.025377689217921297,0.003447136438083549,0.013063823731484701,0.025377689217921297,0.03262822830461011,0.0393977483184882,725.7679631618286,778.9906556781491,676.1815851225036,400,20260803,11.0,10.0,11.0,11.0,12.0,13.0
membrane,bassdrum_32in,13,,,,,,,,,,,,,1.7745293539543044e-24,3.5873447630256183e-63,4.637809100270955e-37,1.7745293539543044e-24,7.30989840565142e-16,3.0619057362267824e-09,,,,,,,,,,,,,0.012303329232703247,0.0007178256145597792,0.006125546831640707,0.012303329232703247,0.017790436720987204,0.02077836209668964,834.2731048009164,893.4787706641346,778.9906556781491,400,20260803,9.0,8.0,8.0,9.0,9.0,9.0
membrane,bassdrum_32in,14,,,,,,,,,,,,,5.884222045607397e-29,6.697211437460228e-78,3.817838857785562e-45,5.884222045607397e-29,1.0100140622859065e-18,9.347658218027848e-11,,,,,,,,,,,,,0.004698063108084693,8.227992726282355e-05,0.001714841860985309,0.004698063108084693,0.007511804052186548,0.009126822277006928,955.1007271246142,1020.9726620319176,893.4787706641346,400,20260803,5.0,4.950000000000003,5.0,5.0,6.0,6.0
membrane,bassdrum_32in,15,,,,,,,,,,,,,1.5903676309656208e-32,1.0947819506418565e-94,3.8232777449026955e-52,1.5903676309656208e-32,4.406401995241961e-20,8.382760952937147e-11,,,,,,,,,,,,,0.06860740438320567,0.00023673525159490012,0.016948537680182535,0.06860740438320567,0.11019716742792061,0.12773986100502494,1089.651288384257,1162.94977763112,1020.9726620319176,400,20260803,112.53779986940776,108.81488553823728,110.94954785146193,112.53779986940776,113.73591191797087,116.23125841211457
membrane,bassdrum_32in,16,,,,,,,,,,,,,8.284585411244667e-38,9.541953326282054e-117,2.5244811871757027e-62,8.284585411244667e-38,3.5173433073020847e-23,3.0080874804926547e-12,,,,,,,,,,,,,0.04941632570288762,2.864391443180414e-05,0.006652536260954255,0.04941632570288762,0.09419147422791138,0.11418934604821267,1239.484201797112,1321.055402438827,1162.94977763112,400,20260803,142.5544738003607,137.8385641762194,140.54259484996922,142.5544738003607,144.07215259659617,147.23307103320164
membrane,bassdrum_32in,17,,,,,,,,,,,,,7.273185264024371e-44,3.8344904737658944e-142,1.20700152914636e-74,7.273185264024371e-44,6.425019585193452e-27,7.651710333900253e-14,,,,,,,,,,,,,0.03681765043564909,1.9424900093229124e-06,0.0021426028472262496,0.03681765043564909,0.08101691652595108,0.10225320667782366,1406.3359280729921,1497.1217247495472,1321.055402438827,400,20260803,180.1183249797109,174.15974844674574,177.57630537874115,180.1183249797109,182.035920095091,186.0297571106602
membrane,bassdrum_32in,18,,,,,,,,,,,,,5.932933647028114e-51,1.3500244946347953e-174,1.8851396824345168e-89,5.932933647028114e-51,5.889407744502926e-31,1.3367437749652268e-15,,,,,,,,,,,,,0.021706339568493542,7.784190462160176e-08,0.0005530189284620938,0.021706339568493542,0.07128501455222583,0.09113703091348978,1592.1401126215692,1693.1890682721116,1497.1217247495472,400,20260803,227.08010362797398,219.56796305741648,223.87530992096177,227.08010362797398,229.49766829034834,234.53280796017842
membrane,bassdrum_32in,19,,,,,,,,,,,,,5.473875856455267e-59,2.644214224934589e-211,2.9421449754014065e-106,5.473875856455267e-59,1.4131767151199472e-35,1.548401433564492e-17,,,,,,,,,,,,,0.011110326141007546,1.4477422115011865e-09,0.00011034304275217609,0.011110326141007546,0.05560329954929856,0.0830468728849665,1799.050003290016,1911.5295361791561,1693.1890682721116,400,20260803,285.7393193986277,276.2866465331328,281.70666502678137,285.7393193986277,288.78138812324283,295.11720248719683
membrane,bassdrum_32in,20,,,,,,,,,,,,,2.7627261195382088e-68,1.0726526031568574e-259,9.558050380926814e-126,2.7627261195382088e-68,9.194986551764199e-41,1.1454787615934964e-19,,,,,,,,,,,,,0.005084058837439877,1.0648368820202795e-11,1.6384792551082055e-05,0.005084058837439877,0.04205319571657036,0.07761996369915516,2029.4634099536993,2154.6733411054515,1911.5295361791561,400,20260803,358.9524890340514,347.0778178819148,353.8865732642694,358.9524890340514,362.7740076924265,370.7332075000883
membrane,bassdrum_32in,21,,,,,,,,,,,,,8.962140375574636e-79,1.795411439245e-312,3.033902074058746e-148,8.962140375574636e-79,2.494940288173519e-46,7.676757408943179e-22,,,,,,,,,,,,,0.0020262471974994162,4.4590201734434556e-14,1.734569408977772e-06,0.0020262471974994162,0.02880852640637782,0.07150359501987708,2286.0504961747515,2425.4381262171387,2154.6733411054515,400,20260803,450.2674312287257,435.37192878842586,443.9127827719922,450.2674312287257,455.06111686196823,465.0450800925229
membrane,bassdrum_32in,22,,,,,,,,,,,,,1.303217910595046e-90,0.0,3.0344549758228594e-174,1.303217910595046e-90,1.4914935004004868e-52,3.5462477611848686e-24,,,,,,,,,,,,,0.0006642724483728735,6.665487408710978e-17,1.1168316840939797e-07,0.0006642724483728735,0.01810342234184009,0.06566986986623284,2571.784725619831,2726.9616171356174,2425.4381262171387,400,20260803,564.0898691834601,545.4289547130497,556.1288385424392,564.0898691834601,570.0953435176427,582.6031380460796
membrane,bassdrum_32in,23,,,,,,,,,,,,,8.387909024228973e-104,0.0,6.62512476454312e-206,8.387909024228973e-104,2.6449651538645065e-59,1.0181933272364575e-26,,,,,,,,,,,,,0.00017153141806040183,2.185709689193669e-20,4.581083864798136e-09,0.00017153141806040183,0.010498937742920236,0.060784632139752555,2889.9773222733784,3062.7379830990285,2726.9616171356174,400,20260803,705.8901052223359,682.5382324114827,695.9278402289883,705.8901052223359,713.4052285054443,729.0572174492597
membrane,bassdrum_32in,24,,,,,,,,,,,,,1.321366097801048e-119,0.0,6.563752430429597e-242,1.321366097801048e-119,6.910640955282118e-67,1.5451180043325502e-29,,,,,,,,,,,,,3.9180487152067256e-05,2.3318558854228108e-24,1.1860702975398968e-10,3.9180487152067256e-05,0.005628506007295235,0.05511222484586912,3244.3156440657726,3436.658328728339,3062.7379830990285,400,20260803,882.4593969064215,853.2663547531953,870.0052000097494,882.4593969064215,891.854331204304,911.4214630022414
membrane,bassdrum_32in,25,,,,,,,,,,,,,1.6871430036669345e-138,0.0,9.994760702349827e-283,1.6871430036669345e-138,1.306030583958523e-75,9.67460456311093e-33,,,,,,,,,,,,,7.14431759014307e-06,4.774202434019547e-29,1.7608467355798055e-12,7.14431759014307e-06,0.0026824087906962136,0.04985854182295892,3638.905914797386,3853.0557856320793,3436.658328728339,400,20260803,1102.2279770427792,1065.7646701653443,1086.672174363093,1102.2279770427792,1113.962635273976,1138.4027853520163
membrane,bassdrum_32in,26,,,,,,,,,,,,,3.8251823848232936e-157,0.0,0.0,3.8251823848232936e-157,2.3175147390015538e-85,2.9520376946611244e-36,,,,,,,,,,,,,9.106857892526909e-07,9.339241420198731e-35,1.1501025917654972e-14,9.106857892526909e-07,0.0011475322787647504,0.04122243860548373,4078.320809686421,4316.755726388418,3853.0557856320793,400,20260803,1375.659528406437,1330.150707556388,1356.2447715466674,1375.659528406437,1390.3052230762903,1420.8082823623954
membrane,bassdrum_32in,27,,,,,,,,,,,,,3.2105908452368116e-180,0.0,0.0,3.2105908452368116e-180,5.433960478376832e-96,4.096377089549782e-40,,,,,,,,,,,,,8.411228799371227e-08,1.0445733271854849e-41,3.394383045219106e-17,8.411228799371227e-08,0.0004353800824082422,0.03260030623077248,4567.652446074554,4833.131682803398,4316.755726388418,400,20260803,1715.7404812455854,1658.9812871471509,1691.526143620611,1715.7404812455854,1734.0067823921627,1772.050595223983
membrane,bassdrum_32in,28,,,,,,,,,,,,,1.1078029294279912e-207,0.0,0.0,1.1078029294279912e-207,7.08883612993222e-108,2.26392287714578e-44,,,,,,,,,,,,,5.569063384610121e-09,4.610489037178031e-50,4.363034692952089e-20,5.569063384610121e-09,0.00014358670203542097,0.024601965806926737,5112.571393434344,5408.167616447384,4833.131682803398,400,20260803,2138.5869131290206,2067.839343187359,2108.4049210848257,2138.5869131290206,2161.3549675115714,2208.7747265817748
membrane,bassdrum_32in,29,,,,,,,,,,,,,8.2941658349364e-239,0.0,0.0,8.2941658349364e-239,1.7336127876167744e-121,4.807555607065622e-49,,,,,,,,,,,,,2.715188502348029e-10,2.4449871797455152e-60,9.34440077643649e-24,2.715188502348029e-10,4.063762247766948e-05,0.01774249904655977,5719.392386557584,6048.527263084527,5408.167616447384,400,20260803,2664.1973015413555,2576.06177439862,2626.5973418363574,2664.1973015413555,2692.561165864545,2751.6354982561766
membrane,bassdrum_32in,30,,,,,,,,,,,,,2.353763424977409e-271,0.0,0.0,2.353763424977409e-271,1.6122449305263256e-136,1.8795301978444537e-54,,,,,,,,,,,,,7.462759116428638e-12,1.2110460492934413e-72,4.662234974979084e-28,7.462759116428638e-12,9.245462685804502e-06,0.012386581150396491,6395.147503469621,6761.631354584867,6048.527263084527,400,20260803,3317.386164204624,3207.642198114335,3270.5677149749636,3317.386164204624,3352.7040781649325,3426.2618333740706
membrane,bassdrum_32in,31,,,,,,,,,,,,,2.1823990305845e-311,0.0,0.0,2.1823990305845e-311,3.9398465334918674e-153,2.0147221353927416e-60,,,,,,,,,,,,,1.3065116946908804e-13,2.267575304036524e-87,6.218922685119393e-33,1.3065116946908804e-13,1.7925862301171887e-06,0.0083808533341209,7147.667656109318,7555.743613196125,6761.631354584867,400,20260803,4128.942035856206,3992.3506194992215,4070.6700549925326,4128.942035856206,4172.900023365457,4264.4527376148235
membrane,bassdrum_32in,32,,,,,,,,,,,,,0.0,0.0,0.0,0.0,2.880550700066633e-172,7.054268727652393e-67,,,,,,,,,,,,,1.3414904010692885e-15,5.456279068079282e-105,1.286015361995888e-38,1.3414904010692885e-15,2.671669621902214e-07,0.0053831983009922785,7985.673338139188,8440.066514709539,7555.743613196125,400,20260803,5137.063664330317,4967.122116172601,5064.564008742092,5137.063664330317,5191.754424924644,5305.660630838167
membrane,bassdrum_32in,33,,,,,,,,,,,,,0.0,0.0,0.0,0.0,2.3269431391999296e-193,9.081103571410034e-74,,,,,,,,,,,,,5.925906661511296e-18,4.6585619866000216e-126,1.9956260217522137e-45,5.925906661511296e-18,2.994024964085324e-08,0.0032061887402429585,8918.87568152042,9424.847930259928,8440.066514709539,400,20260803,6389.141248396882,6177.779150105183,6298.970954571315,6389.141248396882,6457.162012251862,6598.831044641661
membrane,bassdrum_32in,34,,,,,,,,,,,,,0.0,0.0,0.0,0.0,1.3578015079023623e-217,3.474211994948032e-81,,,,,,,,,,,,,1.1908146442892639e-20,3.0424163198427275e-151,3.7650520175103986e-53,1.1908146442892639e-20,2.660867404590933e-09,0.0018316209293999881,9958.08899294587,10521.49988256573,9424.847930259928,400,20260803,7943.96558650411,7681.167634503622,7831.851973230184,7943.96558650411,8028.53948872724,8204.684274735891
membrane,bassdrum_32in,35,,,,,,,,,,,,,0.0,0.0,0.0,0.0,5.487260367084549e-244,1.6487403631573002e-89,,,,,,,,,,,,,1.0069074554166295e-23,2.476637037687742e-181,4.7493704005258225e-62,1.0069074554166295e-23,1.7935535318400107e-10,0.0009533798505802126,11115.35607425443,11742.730792801776,10521.49988256573,400,20260803,9874.467905406978,9547.806124917382,9735.10900915076,9874.467905406978,9979.594529388845,10198.545129968252
membrane,bassdrum_32in,36,,,,,,,,,,,,,0.0,0.0,0.0,0.0,3.383442590382711e-273,1.5985333784200894e-98,,,,,,,,,,,,,3.754480808661082e-27,7.823991587582434e-216,2.2612293423970334e-72,3.754480808661082e-27,8.611680930367992e-12,0.0004478427513224216,12404.08777909383,13102.692750631822,11742.730792801776,400,20260803,12271.117815815205,11865.17136556477,12097.93487056449,12271.117815815205,12401.759912262147,12673.852407907629
membrane,bassdrum_32in,37,,,,,,,,,,,,,0.0,0.0,0.0,0.0,8.436653748030502e-306,7.81936397599716e-108,,,,,,,,,,,,,5.038934674954902e-31,3.862310879049802e-256,1.734582820527375e-84,5.038934674954902e-31,2.832335158586967e-13,0.00019202878191866698,13839.218423072582,14617.145514022386,13102.692750631822,400,20260803,15246.13744600432,14741.773013266251,15030.967888819134,15246.13744600432,15408.452516934305,15746.51133512044
membrane,bassdrum_28in,0,,,,,,,,,,,,,0.0,0.0,0.0,0.0,0.0,0.0,,,,,,,,,,,,,0.0,0.0,0.0,0.0,0.0,0.0,31.070005997851133,48.26726363532532,19.999999999999982,400,20260803,0.0,0.0,0.0,0.0,0.0,0.0
membrane,bassdrum_28in,1,,,,,,,,,,,,,0.9200889793215096,0.7084291889844438,0.8330274879593551,0.9200889793215096,0.975812957006318,0.995393596060876,,,,,,,,,,,,,0.041430391327279256,0.002891618121042683,0.016491687739278303,0.041430391327279256,0.0685310670215154,0.10507806023481592,62.04115804080137,79.74567027716589,48.26726363532532,400,20260803,1.0,1.0,1.0,1.0,1.0,1.0
membrane,bassdrum_28in,2,,,,,,,,,,,,,0.0,0.0,0.0,0.0,0.1414324876234284,0.20912024051861222,,,,,,,,,,,,,0.0,0.0,0.0,0.0,0.03721347749193964,0.08276941729269002,95.6807360113951,114.80000371009025,79.74567027716589,400,20260803,0.0,0.0,0.0,0.0,1.0,1.0
membrane,bassdrum_28in,3,,,,,,,,,,,,,0.01845008490185049,0.001461368534449597,0.007819799044688434,0.01845008490185049,0.03726778117491199,0.0745334788966278,,,,,,,,,,,,,0.03357226849205883,0.0021277284472029524,0.013539262784479637,0.03357226849205883,0.053945799621525674,0.08121922401990825,132.8925478326256,153.83648692246896,114.80000371009025,400,20260803,1.0,1.0,1.0,1.0,1.0,1.0
membrane,bassdrum_28in,4,,,,,,,,,,,,,0.003769109019525759,6.0798065345404526e-05,0.0008050997956753642,0.003769109019525759,0.014702854685676671,0.05121723025285994,,,,,,,,,,,,,0.07609778708547418,0.00668068338606969,0.03170710396052659,0.07609778708547418,0.11591477120706509,0.17886526493257635,174.22138513818598,197.30748957342993,153.83648692246896,400,20260803,3.0,2.0,2.0,3.0,3.0,3.0
membrane,bassdrum_28in,5,,,,,,,,,,,,,0.000159088493087076,1.5412506187777441e-07,1.1847780874625168e-05,0.000159088493087076,0.0013652503748382435,0.010479926341419858,,,,,,,,,,,,,0.05193667976545639,0.0045051593298639685,0.02403629173758395,0.05193667976545639,0.07710502043928105,0.10030124635301015,220.18573768342424,245.71677022503872,197.30748957342993,400,20260803,2.0,2.0,2.0,2.0,2.0,2.0
membrane,bassdrum_28in,6,,,,,,,,,,,,,1.185805657456423e-05,5.528824459454867e-10,2.5235445854903646e-07,1.185805657456423e-05,0.0002762408722487514,0.005461095588501848,,,,,,,,,,,,,0.10718153731956392,0.009920181964003428,0.04849754237011705,0.10718153731956392,0.14616689943613542,0.17377147463531625,271.33552007714667,299.62531408868983,245.71677022503872,400,20260803,5.0,4.0,4.0,5.0,5.0,5.0
membrane,bassdrum_28in,7,,,,,,,,,,,,,2.3024867598514476e-07,2.4800623526060465e-13,9.382416116523144e-10,2.3024867598514476e-07,1.9603161657188255e-05,0.0010956749499233952,,,,,,,,,,,,,0.09462780990781897,0.010652264248109847,0.048026528436936125,0.09462780990781897,0.117565673926959,0.13919259890186436,328.2721301869142,359.65783393574134,299.62531408868983,400,20260803,5.0,5.0,5.0,5.0,6.0,6.0
membrane,bassdrum_28in,8,,,,,,,,,,,,,2.9914664282333327e-09,7.08823883508143e-18,1.5238943484939133e-12,2.9914664282333327e-09,1.1202238504258738e-06,0.00023392001257058434,,,,,,,,,,,,,0.08575585061872376,0.010715722487112417,0.0489508599255486,0.08575585061872376,0.10086178549360694,0.11170700178369998,391.6601411572962,426.51000950742576,359.65783393574134,400,20260803,6.0,6.0,6.0,6.0,6.0,7.0
membrane,bassdrum_28in,9,,,,,,,,,,,,,2.2497649323895758e-11,2.1748235019513703e-23,7.502435128114582e-16,2.2497649323895758e-11,5.506582371795155e-08,4.5517862732095566e-05,,,,,,,,,,,,,0.08417991337827015,0.013944680456809615,0.05284361640177346,0.08417991337827015,0.10268749747805442,0.11319495511079775,462.2369334140603,500.9565493170786,426.51000950742576,400,20260803,9.0,8.0,9.0,9.0,9.0,9.0
membrane,bassdrum_28in,10,,,,,,,,,,,,,6.171528187642111e-14,2.166901937872989e-30,5.821979437658845e-20,6.171528187642111e-14,1.3676089620739287e-09,6.291929610694848e-06,,,,,,,,,,,,,0.06115920741819231,0.011286068809144817,0.039706495481178286,0.06115920741819231,0.0745725478619795,0.08598767269661234,540.822128965883,583.8601682679283,500.9565493170786,400,20260803,9.0,8.0,8.0,9.0,10.0,11.0
membrane,bassdrum_28in,11,,,,,,,,,,,,,7.831404460790524e-17,2.510419276828104e-39,6.293591026631257e-25,7.831404460790524e-17,2.4703129893987912e-11,7.408066398076911e-07,,,,,,,,,,,,,0.046542724946414774,0.008586872850406003,0.025654361102920038,0.046542724946414774,0.06050636907841207,0.06923086406363976,628.3275372521083,676.1815851225036,583.8601682679283,400,20260803,10.0,9.0,10.0,10.0,11.0,11.0
membrane,bassdrum_28in,12,,,,,,,,,,,,,2.4743876369972622e-20,9.055868625736923e-50,1.6145408440608863e-30,2.4743876369972622e-20,2.9108465813924777e-13,7.325126567236307e-08,,,,,,,,,,,,,0.036718208230713395,0.0046611647134910126,0.018274756876410118,0.036718208230713395,0.04787117860192676,0.055713536260282234,725.7679631618286,778.9906556781491,676.1815851225036,400,20260803,12.0,11.0,12.0,12.0,12.0,13.0
membrane,bassdrum_28in,13,,,,,,,,,,,,,2.4380340850654825e-24,4.4885119240160504e-63,5.85568364512619e-37,2.4380340850654825e-24,1.0965696081876483e-15,4.617652023737324e-09,,,,,,,,,,,,,0.020291063355930214,0.0011569262425341444,0.010033804132560291,0.020291063355930214,0.029708039361416326,0.03519182101959453,834.2731048009164,893.4787706641346,778.9906556781491,400,20260803,10.0,10.0,10.0,10.0,11.0,11.0
membrane,bassdrum_28in,14,,,,,,,,,,,,,9.43636478872472e-29,8.963919092527545e-78,7.092045361492621e-45,9.43636478872472e-29,1.9164548086106923e-18,1.6561611793771965e-10,,,,,,,,,,,,,0.01027026525318259,0.00018327327623434846,0.0037660509490513652,0.01027026525318259,0.016602404712744767,0.019521583619111858,955.1007271246142,1020.9726620319176,893.4787706641346,400,20260803,8.0,8.0,8.0,8.0,9.0,9.0
membrane,bassdrum_28in,15,,,,,,,,,,,,,8.222810916745862e-34,5.6224937573053864e-96,1.4066321305653728e-53,8.222810916745862e-34,2.3317862006858586e-21,4.057829425957086e-12,,,,,,,,,,,,,0.004166491600714688,1.4444573701774601e-05,0.0009024462248119562,0.004166491600714688,0.006908267318385536,0.008173272732484247,1089.651288384257,1162.94977763112,1020.9726620319176,400,20260803,5.0,5.0,5.0,5.0,5.0,6.0
membrane,bassdrum_28in,16,,,,,,,,,,,,,6.814655444036314e-38,7.847553141750217e-117,1.9868150206007296e-62,6.814655444036314e-38,3.013244939929127e-23,2.508641508447726e-12,,,,,,,,,,,,,0.05049591265203113,2.8903209016794396e-05,0.006513841622136446,0.05049591265203113,0.09935995040359896,0.12311049496952192,1239.484201797112,1321.055402438827,1162.94977763112,400,20260803,109.02822999268066,105.42141734472663,107.48950872302831,109.02822999268066,110.18897808033945,112.60650545150395
membrane,bassdrum_28in,17,,,,,,,,,,,,,5.975533120325049e-44,3.1492851621603768e-142,9.380770107286625e-75,5.975533120325049e-44,5.554876995068444e-27,6.397074588207459e-14,,,,,,,,,,,,,0.03754336463137142,1.9455920535529087e-06,0.002063642266336157,0.03754336463137142,0.08577791975534749,0.10997990943866134,1406.3359280729921,1497.1217247495472,1321.055402438827,400,20260803,137.757740169461,133.20051348028025,135.81355777860477,137.757740169461,139.22435146336747,142.27890997057054
membrane,bassdrum_28in,18,,,,,,,,,,,,,5.1829313422611546e-51,1.1747244185127021e-174,1.4581435540543337e-89,5.1829313422611546e-51,5.123242814424938e-31,1.1223457090249334e-15,,,,,,,,,,,,,0.022226335985037926,7.862542284398032e-08,0.0005315334750742334,0.022226335985037926,0.07638150865603176,0.09760407687667257,1592.1401126215692,1693.1890682721116,1497.1217247495472,400,20260803,173.67495459865293,167.9295341426727,171.22387063017257,173.67495459865293,175.5239516101439,179.3749171486671
membrane,bassdrum_28in,19,,,,,,,,,,,,,4.573739148800688e-59,2.164374539799506e-211,2.271656828886518e-106,4.573739148800688e-59,1.1273366602486463e-35,1.3098501855395207e-17,,,,,,,,,,,,,0.01137668892224062,1.4448971880783911e-09,0.00010606244145596699,0.01137668892224062,0.059908652538092994,0.08872620488892163,1799.050003290016,1911.5295361791561,1693.1890682721116,400,20260803,218.53857969392465,211.30900517584914,215.4543329732613,218.53857969392465,220.86520866402185,225.71095364310614
membrane,bassdrum_28in,20,,,,,,,,,,,,,2.4549737969712464e-68,9.117472039912474e-260,7.378148967556073e-126,2.4549737969712464e-68,8.172135283903652e-41,1.0465793160141487e-19,,,,,,,,,,,,,0.0051898220668430296,1.0557599245781302e-11,1.5861399800787097e-05,0.0051898220668430296,0.045353659063941225,0.0816832233017854,2029.4634099536993,2154.6733411054515,1911.5295361791561,400,20260803,274.5333309262351,265.4513684809476,270.65882727197,274.5333309262351,277.45609724916466,283.54343666443066
membrane,bassdrum_28in,21,,,,,,,,,,,,,7.996577112692064e-79,1.3746767105e-312,2.3380187663401073e-148,7.996577112692064e-79,2.182717107387428e-46,7.493927580938458e-22,,,,,,,,,,,,,0.002080200775555507,4.414398888748446e-14,1.6793609026283754e-06,0.002080200775555507,0.03094822358495976,0.0755744839928308,2286.0504961747515,2425.4381262171387,2154.6733411054515,400,20260803,344.37264395482487,332.98029531347737,339.5124943222456,344.37264395482487,348.0389410958442,355.67485605747356
membrane,bassdrum_28in,22,,,,,,,,,,,,,1.099526942630374e-90,0.0,2.3378448523109635e-174,1.099526942630374e-90,1.3644220926534843e-52,3.458232037165939e-24,,,,,,,,,,,,,0.0006850218485512405,6.598755009116418e-17,1.0895011567966581e-07,0.0006850218485512405,0.01944251801429262,0.0688123760729733,2571.784725619831,2726.9616171356174,2425.4381262171387,400,20260803,431.426095262398,417.1538916583011,425.33735559279256,431.426095262398,436.01919023491615,445.58537684549844
membrane,bassdrum_28in,23,,,,,,,,,,,,,7.408487627539825e-104,0.0,5.656603131672546e-206,7.408487627539825e-104,2.442698696981182e-59,9.919241599630156e-27,,,,,,,,,,,,,0.0001770757696371079,2.1420308247230008e-20,4.420778728564826e-09,0.0001770757696371079,0.011253091530979928,0.0634901674853768,2889.9773222733784,3062.7379830990285,2726.9616171356174,400,20260803,539.8774706258546,522.0175375651281,532.2581508669823,539.8774706258546,545.6251723141338,557.5960954631263
membrane,bassdrum_28in,24,,,,,,,,,,,,,1.2014591774035897e-119,0.0,5.11206058682685e-242,1.2014591774035897e-119,5.9005173401077854e-67,1.5614879612090965e-29,,,,,,,,,,,,,3.990624929381726e-05,2.285188650586152e-24,1.166691832049717e-10,3.990624929381726e-05,0.00603642053642027,0.05779801930281734,3244.3156440657726,3436.658328728339,3062.7379830990285,400,20260803,674.9208461872358,652.5934815720404,665.3956520111059,674.9208461872358,682.1062612085151,697.0715561521886
membrane,bassdrum_28in,25,,,,,,,,,,,,,1.604035860985839e-138,0.0,8.609559094752861e-283,1.604035860985839e-138,1.111900126727398e-75,9.737584720163932e-33,,,,,,,,,,,,,7.3383537424957455e-06,4.678590224044464e-29,1.7125893595654547e-12,7.3383537424957455e-06,0.0028824277517446604,0.05054173449554499,3638.905914797386,3853.0557856320793,3436.658328728339,400,20260803,843.0038158864377,815.1160218204711,831.1064577252567,843.0038158864377,851.9786939271521,870.6709610495145
membrane,bassdrum_28in,26,,,,,,,,,,,,,3.161702636524818e-157,0.0,0.0,3.161702636524818e-157,2.0111300696866894e-85,2.923964525777486e-36,,,,,,,,,,,,,9.386869786802022e-07,9.379759117048873e-35,1.1306807274732026e-14,9.386869786802022e-07,0.0012330950249411848,0.04312618204241657,4078.320809686421,4316.755726388418,3853.0557856320793,400,20260803,1052.1291928358976,1017.3232267089877,1037.280436990302,1052.1291928358976,1063.3304839935754,1086.6597733148155
membrane,bassdrum_28in,27,,,,,,,,,,,,,3.096311771405596e-180,0.0,0.0,3.096311771405596e-180,4.516355846267117e-96,4.039893486087621e-40,,,,,,,,,,,,,8.667142218413085e-08,1.0491268094001398e-41,3.323896172531929e-17,8.667142218413085e-08,0.0004676435535505744,0.034105814163940595,4567.652446074554,4833.131682803398,4316.755726388418,400,20260803,1312.2292328683338,1268.818778581015,1293.7096711785803,1312.2292328683338,1326.1996290925424,1355.2962225886884
membrane,bassdrum_28in,28,,,,,,,,,,,,,1.0653766755724488e-207,0.0,0.0,1.0653766755724488e-207,5.903271909645503e-108,2.3039863230005153e-44,,,,,,,,,,,,,5.652846146447173e-09,4.620140657287338e-50,4.2820576560477995e-20,5.652846146447173e-09,0.00015420276797879805,0.02573805881265374,5112.571393434344,5408.167616447384,4833.131682803398,400,20260803,1635.6298024746934,1581.5207863113353,1612.546071164793,1635.6298024746934,1653.0432206826904,1689.3107067900996
membrane,bassdrum_28in,29,,,,,,,,,,,,,7.731046593436245e-239,0.0,0.0,7.731046593436245e-239,1.482716896114984e-121,4.881531027124874e-49,,,,,,,,,,,,,2.793498133633979e-10,2.4501072365621807e-60,9.171129892858153e-24,2.793498133633979e-10,4.3710058569237425e-05,0.018573435335151895,5719.392386557584,6048.527263084527,5408.167616447384,400,20260803,2037.6260975514551,1970.2184584386935,2008.8689709236855,2037.6260975514551,2059.319292022789,2104.5004057890164
membrane,bassdrum_28in,30,,,,,,,,,,,,,1.9046947977013283e-271,0.0,0.0,1.9046947977013283e-271,1.3244866465171071e-136,1.9777524871016154e-54,,,,,,,,,,,,,7.675809312536446e-12,1.2135821202480714e-72,4.550498551021459e-28,7.675809312536446e-12,9.970994527222263e-06,0.01297918433176016,6395.147503469621,6761.631354584867,6048.527263084527,400,20260803,2537.196708340158,2453.26254579709,2501.3891148327057,2537.196708340158,2564.2084852663515,2620.4667817538993
membrane,bassdrum_28in,31,,,,,,,,,,,,,1.797789440507e-311,0.0,0.0,1.797789440507e-311,3.6088623489802765e-153,2.106940217452958e-60,,,,,,,,,,,,,1.335238639379211e-13,2.272323676110465e-87,5.9960137691845634e-33,1.335238639379211e-13,1.9274360615365825e-06,0.008782497004651096,7147.667656109318,7555.743613196125,6761.631354584867,400,20260803,3157.8892609306413,3053.421684708157,3113.321800069111,3157.8892609306413,3191.5091217768604,3261.530287156861
membrane,bassdrum_28in,32,,,,,,,,,,,,,0.0,0.0,0.0,0.0,2.47827185903255e-172,7.285128204139608e-67,,,,,,,,,,,,,1.3709676506643225e-15,5.4677026883269326e-105,1.26040612672648e-38,1.3709676506643225e-15,2.880351496545881e-07,0.00564122083317643,7985.673338139188,8440.066514709539,7555.743613196125,400,20260803,3928.918845900377,3798.944488001237,3873.469803066877,3928.918845900377,3970.7473249764075,4057.8648435281243
membrane,bassdrum_28in,33,,,,,,,,,,,,,0.0,0.0,0.0,0.0,1.8750160319207746e-193,9.258529648805388e-74,,,,,,,,,,,,,6.119657213528431e-18,4.668306711746267e-126,1.9389513800283917e-45,6.119657213528431e-18,3.227423120903345e-08,0.0033618058612670376,8918.87568152042,9424.847930259928,8440.066514709539,400,20260803,4886.530341106527,4724.876800183251,4817.566475773972,4886.530341106527,4938.553846845424,5046.904875294148
membrane,bassdrum_28in,34,,,,,,,,,,,,,0.0,0.0,0.0,0.0,1.082838190237595e-217,3.5714093230152725e-81,,,,,,,,,,,,,1.227786001452185e-20,3.048727230867818e-151,3.6614641550999976e-53,1.227786001452185e-20,2.857868719673221e-09,0.0019202226180945281,9958.08899294587,10521.49988256573,9424.847930259928,400,20260803,6075.6880084469085,5874.6953998779145,5989.941497043425,6075.6880084469085,6140.371652650705,6275.090358623115
membrane,bassdrum_28in,35,,,,,,,,,,,,,0.0,0.0,0.0,0.0,4.314297270107772e-244,1.6801400195374055e-89,,,,,,,,,,,,,1.0361405707186482e-23,2.480786086213995e-181,4.614905773356397e-62,1.0361405707186482e-23,1.9263317052339222e-10,0.0009963833111017977,11115.35607425443,11742.730792801776,10521.49988256573,400,20260803,7552.170964159047,7302.334148915246,7445.5867694474355,7552.170964159047,7632.5737002660935,7800.031064462448
membrane,bassdrum_28in,36,,,,,,,,,,,,,0.0,0.0,0.0,0.0,2.660788689104369e-273,1.5941610104547185e-98,,,,,,,,,,,,,3.8180253096637846e-27,7.667158077017691e-216,2.1957926856536545e-72,3.8180253096637846e-27,9.24915163218023e-12,0.0004680483163585908,12404.08777909383,13102.692750631822,11742.730792801776,400,20260803,9385.171996521347,9074.696837357984,9252.718559724635,9385.171996521347,9485.089425686641,9693.190668696823
membrane,bassdrum_28in,37,,,,,,,,,,,,,0.0,0.0,0.0,0.0,6.633037249793918e-306,7.3156443630048e-108,,,,,,,,,,,,,5.119553750660433e-31,3.784736013269355e-256,1.7066838140686923e-84,5.119553750660433e-31,3.041972744566956e-13,0.00020069548923536362,13839.218423072582,14617.145514022386,13102.692750631822,400,20260803,11660.520611165652,11274.77360578086,11495.95505708095,11660.520611165652,11784.662101873382,12043.215576890016
