instrument,note,midi,register_band,pp,mf,ff,source_monotonic,production_gpr_p,production_gpr_mp,production_gpr_f,linear_p,linear_mp,linear_f,pchip_p,pchip_mp,pchip_f,quadratic_p,quadratic_mp,quadratic_f,kernel,gpr_std_p,gpr_std_mp,gpr_std_f,gpr_minus_linear_p,abs_gpr_minus_linear_p,rel_gpr_minus_linear_p,gpr_minus_pchip_p,abs_gpr_minus_pchip_p,gpr_minus_quadratic_p,abs_gpr_minus_quadratic_p,gpr_outside_pp_mf_p,gpr_minus_linear_mp,abs_gpr_minus_linear_mp,rel_gpr_minus_linear_mp,gpr_minus_pchip_mp,abs_gpr_minus_pchip_mp,gpr_minus_quadratic_mp,abs_gpr_minus_quadratic_mp,gpr_outside_pp_mf_mp,gpr_minus_linear_f,abs_gpr_minus_linear_f,rel_gpr_minus_linear_f,gpr_minus_pchip_f,abs_gpr_minus_pchip_f,gpr_minus_quadratic_f,abs_gpr_minus_quadratic_f,gpr_outside_pp_mf_f,row_sensitivity
violin,G3,55.0,low,40.392566,43.608262,47.268749,True,41.99351056333173,42.8269722535443,45.44775016406736,42.000414000000006,42.804338,45.438505500000005,41.946613352243965,42.76466184939946,45.381108397756044,41.944815125000005,42.762638843750004,45.382906625000004,"53**2 * Matern(length_scale=69.4, nu=1.5)",0.27830486317470204,0.2760902936088131,0.27830486317470204,-0.00690343666827431,0.00690343666827431,0.0001643659195424671,0.04689721108776723,0.04689721108776723,0.04869543833172685,0.04869543833172685,False,0.022634253544296712,0.022634253544296712,0.0005287841046460458,0.06231040414483857,0.06231040414483857,0.06433340979429403,0.06433340979429403,False,0.009244664067352915,0.009244664067352915,0.00020345440426848796,0.06664176631131369,0.06664176631131369,0.06484353906735407,0.06484353906735407,True,stable_across_methods
violin,G#3,56.0,low,26.670223,27.936923,29.850445,True,27.344386429771912,27.717655249181174,28.912252416091697,27.303573,27.620248,28.893684,27.230942527793893,27.56885850001813,28.804608972206108,27.22272025,27.5596084375,28.81283125,"30.7**2 * Matern(length_scale=74.1, nu=1.5)",0.23811244007025462,0.23141359543890958,0.23811244007049334,0.04081342977191227,0.04081342977191227,0.0014948017891985152,0.11344390197801957,0.11344390197801957,0.12166617977191407,0.12166617977191407,False,0.09740724918117394,0.09740724918117394,0.0035266609185107224,0.14879674916304353,0.14879674916304353,0.1580468116811744,0.1580468116811744,False,0.01856841609169635,0.01856841609169635,0.0006426461953310056,0.10764344388558911,0.10764344388558911,0.09942116609169815,0.09942116609169815,True,stable_across_methods
violin,A3,57.0,low,21.976319,26.30676,33.911236,True,23.788663303101643,24.943106233647892,30.005768352692414,24.1415395,25.224149750000002,30.108998,23.788419287795318,24.98035990189473,29.643609462204687,23.732285125,24.917208968750003,29.699743625000004,"33.5**2 * Matern(length_scale=19.2, nu=1.5)",0.6609389575708635,0.5173918308900215,0.6609389575708635,-0.35287619689835736,0.35287619689835736,0.014616971585360468,0.00024401530632545132,0.00024401530632545132,0.05637817810164236,0.05637817810164236,False,-0.2810435163521099,0.2810435163521099,0.011141843001154474,-0.03725366824683718,0.03725366824683718,0.025897264897889016,0.025897264897889016,False,-0.10322964730758599,0.10322964730758599,0.0034285314744644108,0.3621588904877271,0.3621588904877271,0.3060247276924102,0.3060247276924102,True,moderate_method_sensitivity
violin,A#3,58.0,low,24.928702,26.174125,33.796324,True,24.965853579156295,25.340179784733987,29.671545038336824,25.551413500000002,25.86276925,29.9852245,25.283786453392214,25.67844722881624,28.90152817160779,24.754316499999998,25.2649465,29.188127499999997,"31.3**2 * Matern(length_scale=13.2, nu=1.5)",1.021020731947972,0.7545659114612252,1.021020731947972,-0.585559920843707,0.585559920843707,0.022916928679648466,-0.3179328742359182,0.3179328742359182,0.21153707915629738,0.21153707915629738,False,-0.5225894652660124,0.5225894652660124,0.02020624551897173,-0.33826744408225196,0.33826744408225196,0.0752332847339865,0.0752332847339865,False,-0.3136794616631775,0.3136794616631775,0.010461134338453177,0.7700168667290335,0.7700168667290335,0.4834175383368269,0.4834175383368269,True,moderate_method_sensitivity
violin,B3,59.0,low,35.052349,32.235913,35.238657,False,33.220381314030384,32.547462212764614,33.318063144584976,33.644131,32.940022,33.737285,32.928377749999996,32.407573656249994,32.998243249999994,32.9167335,32.394473874999996,33.0098875,"35.4**2 * Matern(length_scale=16.7, nu=1.5)",0.8307256755585545,0.627207180479266,0.8307256755586913,-0.42374968596961793,0.42374968596961793,0.012595055166371154,0.29200356403038796,0.29200356403038796,0.3036478140303842,0.3036478140303842,False,-0.39255978723538476,0.39255978723538476,0.01191741120377469,0.13988855651462018,0.13988855651462018,0.15298833776461862,0.15298833776461862,False,-0.41922185541502444,0.41922185541502444,0.012426069715302355,0.31981989458498106,0.31981989458498106,0.3081756445849777,0.3081756445849777,False,moderate_method_sensitivity
violin,C4,60.0,low,24.968644,24.22797,28.351719,False,24.21573132192005,24.07617679417577,25.99448373988703,24.598307,24.4131385,26.2898445,24.32055425,24.23954303125,25.470349437499998,23.990254125,23.957098843749996,25.681791625,"27.2**2 * Matern(length_scale=15.5, nu=1.5)",0.7223464979932815,0.5571391007503272,0.7223464979934389,-0.38257567807994874,0.38257567807994874,0.01555292720267085,-0.10482292807995108,0.10482292807995108,0.22547719692004975,0.22547719692004975,True,-0.3369617058242298,0.3369617058242298,0.013802473853340479,-0.16336623707423215,0.16336623707423215,0.11907795042577263,0.11907795042577263,True,-0.2953607601129704,0.2953607601129704,0.011234785360292656,0.5241343023870328,0.5241343023870328,0.31269211488703164,0.31269211488703164,True,moderate_method_sensitivity
violin,C#4,61.0,low,23.567441,23.995434,24.989969,True,23.861415662897578,24.01959245945251,24.501607926854597,23.7814375,23.88843575,24.4927015,23.72472183787472,23.85118728635906,24.40778166212528,23.710619749999996,23.8353224375,24.42188375,"24.7**2 * Matern(length_scale=129, nu=1.5)",0.2150485537019613,0.19729389532846742,0.2150485537019613,0.07997816289757864,0.07997816289757864,0.0033630499795304068,0.13669382502285643,0.13669382502285643,0.15079591289758199,0.15079591289758199,False,0.13115670945251168,0.13115670945251168,0.005490385005745372,0.1684051730934506,0.1684051730934506,0.18427002195251063,0.18427002195251063,True,0.008906426854597527,0.008906426854597527,0.0003636359531265886,0.09382626472931577,0.09382626472931577,0.07972417685459732,0.07972417685459732,True,stable_across_methods
violin,D4,62.0,low,25.766,30.660517,36.557972,True,28.10605616637618,29.372870851280666,33.61349940759177,28.2132585,29.436887749999997,33.6092445,28.093716671849705,29.34941591208092,33.47805182815029,28.08789125,29.342862312499996,33.48387725,"41.4**2 * Matern(length_scale=35.2, nu=1.5)",0.39565620208629054,0.35493427786206705,0.39565620208657787,-0.10720233362381748,0.10720233362381748,0.0037997147200780615,0.012339494526475647,0.012339494526475647,0.01816491637618256,0.01816491637618256,False,-0.06401689871933058,0.06401689871933058,0.0021747169491221296,0.02345493919974473,0.02345493919974473,0.030008538780670335,0.030008538780670335,False,0.004254907591764834,0.004254907591764834,0.00012659932274778843,0.13544757944147534,0.13544757944147534,0.12962215759176843,0.12962215759176843,True,stable_across_methods
violin,D#4,63.0,low,25.312351,29.459219,31.692791,True,27.48225243331248,28.478217800151967,30.75020993259306,27.385785,28.422502,30.576005000000002,27.660805631846078,28.642214460826843,30.77930836815392,27.624947,28.601873499999996,30.815167,"26.8**2 * Matern(length_scale=28.3, nu=1.5)",0.3704622656221563,0.33957507667325904,0.37046226562261664,0.09646743331247976,0.09646743331247976,0.0035225367216050137,-0.1785531985335993,0.1785531985335993,-0.14269456668752056,0.14269456668752056,False,0.05571580015196531,0.05571580015196531,0.001960270779538174,-0.16399666067487573,0.16399666067487573,-0.1236556998480296,0.1236556998480296,False,0.17420493259305658,0.17420493259305658,0.005697439302258636,-0.029098435560861446,0.029098435560861446,-0.06495706740694018,0.06495706740694018,True,stable_across_methods
violin,E4,64.0,low,26.297346,30.090046,33.424256,True,28.203295671383394,29.138127154314862,31.805118128680803,28.193696000000003,29.141871000000002,31.757151,28.25285073020478,29.18692835273038,31.812618769795222,28.25100725,29.1848544375,31.81446225,"35.6**2 * Matern(length_scale=46, nu=1.5)",0.3000952822866539,0.2934890773014188,0.3000952822855174,0.00959967138339124,0.00959967138339124,0.0003404899940536792,-0.049555058821386666,0.049555058821386666,-0.04771157861660669,0.04771157861660669,False,-0.003743845685139746,0.003743845685139746,0.00012846964030345704,-0.04880119841551789,0.04880119841551789,-0.04672728318513819,0.04672728318513819,False,0.04796712868080277,0.04796712868080277,0.001510435513588822,-0.007500641114418727,0.007500641114418727,-0.009344121319195153,0.009344121319195153,True,stable_across_methods
violin,F4,65.0,low,26.191798,28.38248,30.230995,True,27.29722210830828,27.817032229038865,29.306268047350862,27.287139,27.8348095,29.3067375,27.331721470471344,27.868925701155263,29.347696779528658,27.329909875,27.86688765625,29.349508375,"30.6**2 * Matern(length_scale=62.9, nu=1.5)",0.2495764067216209,0.24621868157601115,0.24957640672139314,0.01008310830827952,0.01008310830827952,0.00036951870653348894,-0.03449936216306426,0.03449936216306426,-0.03268776669171913,0.03268776669171913,False,-0.01777727096113324,0.01777727096113324,0.0006386704734276425,-0.05189347211639728,0.05189347211639728,-0.049855427211134895,0.049855427211134895,False,-0.00046945264913844653,0.00046945264913844653,1.6018591258697646e-05,-0.041428732177795524,0.041428732177795524,-0.0432403276491371,0.0432403276491371,True,stable_across_methods
violin,F#4,66.0,low,26.164394,29.167836,28.863879,False,27.901937334871715,28.592351187423407,29.302519320906757,27.666115,28.4169755,29.015857500000003,28.248257687500004,28.916851695312502,29.129841375,28.079539875000002,28.727044156250003,29.429282375,"21.9**2 * Matern(length_scale=19.9, nu=1.5)",0.4534234972431443,0.3894415040839703,0.45342349724308156,0.23582233487171322,0.23582233487171322,0.008523868814675034,-0.34632035262828964,0.34632035262828964,-0.17760254012828725,0.17760254012828725,False,0.1753756874234078,0.1753756874234078,0.006171511370849717,-0.3245005078890948,0.3245005078890948,-0.1346929688265952,0.1346929688265952,False,0.2866618209067546,0.2866618209067546,0.009879488169762158,0.17267794590675578,0.17267794590675578,-0.1267630540932423,0.1267630540932423,True,moderate_method_sensitivity
violin,G4,67.0,low,26.616823,32.461862,32.760105,True,29.937266170499356,31.354170563336858,33.182758121900484,29.539342500000004,31.000602250000004,32.6109835,30.545706137492143,31.872755279678664,32.681924487507864,30.232692000000007,31.520614375000008,33.304333,"24.4**2 * Matern(length_scale=14.1, nu=1.5)",0.7446516310701135,0.5718573449775503,0.7446516310702661,0.3979236704993525,0.3979236704993525,0.0134709725004662,-0.6084399669927869,0.6084399669927869,-0.2954258295006511,0.2954258295006511,False,0.35356831333685435,0.35356831333685435,0.011405207888722688,-0.518584716341806,0.518584716341806,-0.16644381166315014,0.16644381166315014,False,0.5717746219004809,0.5717746219004809,0.01753319159787011,0.5008336343926203,0.5008336343926203,-0.12157487809951562,0.12157487809951562,True,moderate_method_sensitivity
violin,G#4,68.0,low,23.873946,24.43389,26.360749,True,24.178856210572075,24.4242247200952,25.418656678545272,24.153918,24.293904,25.397319500000002,24.045452116705665,24.224374631293877,25.179495820794337,23.983053625,24.16575571875,25.226455125,"25.4**2 * Matern(length_scale=52.4, nu=1.5)",0.2545923802914935,0.25197934761476953,0.25459238029127024,0.024938210572074127,0.024938210572074127,0.0010324706149981186,0.13340409386641028,0.13340409386641028,0.19580258557207486,0.19580258557207486,False,0.1303207200951988,0.1303207200951988,0.0053643383169374005,0.19985008880132327,0.19985008880132327,0.2584690013452011,0.2584690013452011,False,0.021337178545270064,0.021337178545270064,0.0008401350601298717,0.2391608577509352,0.2391608577509352,0.1922015535452708,0.1922015535452708,True,stable_across_methods
violin,A4,69.0,low,22.033608,21.085446,25.901818,False,21.101741395826103,20.902612967876685,23.15985476589827,21.559527000000003,21.3224865,23.493631999999998,21.20396625,21.10026103125,22.531302125000003,20.83896025,20.7820614375,22.773065250000002,"24.5**2 * Matern(length_scale=12.5, nu=1.5)",0.8774124730895583,0.659273916363302,0.8774124730895583,-0.4577856041738997,0.4577856041738997,0.021233564362237615,-0.10222485417389748,0.10222485417389748,0.26278114582610357,0.26278114582610357,False,-0.41987353212331513,0.41987353212331513,0.01969158391181606,-0.19764806337331464,0.19764806337331464,0.12055153037668376,0.12055153037668376,True,-0.33377723410172777,0.33377723410172777,0.014207136389202308,0.6285526408982669,0.6285526408982669,0.3867895158982684,0.3867895158982684,True,moderate_method_sensitivity
violin,A#4,70.0,low,23.259442,24.548954,27.451847,True,23.83854321094716,24.235633305783814,25.966575219804504,23.904198,24.226575999999998,26.000400499999998,23.741330640879028,24.118977455363904,25.75992260912097,23.702525375,24.07532153125,25.798727874999997,"27**2 * Matern(length_scale=35.9, nu=1.5)",0.3116026899358389,0.30163067007900735,0.3116026899354741,-0.06565478905283939,0.06565478905283939,0.002746579870733977,0.09721257006813389,0.09721257006813389,0.1360178359471611,0.1360178359471611,False,0.00905730578381636,0.00905730578381636,0.0003738582696876505,0.11665585041991022,0.11665585041991022,0.16031177453381318,0.16031177453381318,False,-0.03382528019549369,0.03382528019549369,0.00130095227554259,0.20665261068353402,0.20665261068353402,0.1678473448045068,0.1678473448045068,True,stable_across_methods
violin,B4,71.0,low,27.591853,28.541624,27.11315,False,28.219692941420437,28.379967735469535,27.974555890304188,28.0667385,28.30418125,27.827387,28.3341001875,28.493482914062497,28.1545865625,28.364019125000002,28.527141718750002,28.124667625,"21.5**2 * Matern(length_scale=26.5, nu=1.5)",0.3456764139889248,0.3240568699677074,0.3456764139887603,0.15295444142043735,0.15295444142043735,0.005449669238213673,-0.11440724607956199,0.11440724607956199,-0.14432618357956528,0.14432618357956528,False,0.07578648546953559,0.07578648546953559,0.002677572080257068,-0.11351517859296223,0.11351517859296223,-0.14717398328046727,0.14717398328046727,False,0.14716889030418656,0.14716889030418656,0.005288634908631074,-0.18003067219581226,0.18003067219581226,-0.15011173469581252,0.15011173469581252,False,stable_across_methods
violin,C5,72.0,low,17.019586,18.54249,19.240948,True,17.772474350796454,18.0713280607656,18.85607798605453,17.781038000000002,18.161764,18.891719000000002,17.903218030703574,18.260570628291518,18.97565046929643,17.884093749999998,18.239055812500002,18.994774749999998,"17.5**2 * Matern(length_scale=53, nu=1.5)",0.235538171475771,0.2277787735864917,0.23553817147601233,-0.008563649203548351,0.008563649203548351,0.00048161694517206196,-0.13074367990711977,0.13074367990711977,-0.11161939920354413,0.11161939920354413,False,-0.09043593923439985,0.09043593923439985,0.004979468912513115,-0.18924256752591617,0.18924256752591617,-0.16772775173440024,0.16772775173440024,False,-0.035641013945472366,0.035641013945472366,0.001886594541527553,-0.11957248324189962,0.11957248324189962,-0.13869676394546815,0.13869676394546815,True,moderate_method_sensitivity
violin,C#5,73.0,middle,17.811599,18.894494,20.277116,True,18.39323401869492,18.687383773101335,19.58798383205213,18.3530465,18.62377025,19.585805,18.31785794337098,18.598232826917357,19.546061806629023,18.315580625,18.59567084375,19.548339125000002,"20.4**2 * Matern(length_scale=65.1, nu=1.5)",0.2304197151914015,0.22041371548976696,0.2304197151914015,0.04018751869491766,0.04018751869491766,0.0021896919781093376,0.07537607532393764,0.07537607532393764,0.07765339369491997,0.07765339369491997,False,0.06361352310133483,0.06361352310133483,0.003415716702225471,0.08915094618397745,0.08915094618397745,0.0917129293513348,0.0917129293513348,False,0.0021788320521309856,0.0021788320521309856,0.0001112454684467136,0.04192202542310852,0.04192202542310852,0.039644707052129746,0.039644707052129746,True,stable_across_methods
violin,D5,74.0,middle,20.665543,21.402023,23.330385,True,21.06976632038943,21.351320118967262,22.392507042276794,21.033783,21.217903,22.366204,20.918115454715796,21.14364648030527,22.183901045284202,20.88479775,21.1061640625,22.21721875,"22.9**2 * Matern(length_scale=52.4, nu=1.5)",0.2485640497366621,0.24485839193531944,0.2485640497368908,0.03598332038943042,0.03598332038943042,0.0017107393562741623,0.15165086567363417,0.15165086567363417,0.1849685703894295,0.1849685703894295,False,0.13341711896726238,0.13341711896726238,0.006287950273279239,0.20767363866199062,0.20767363866199062,0.24515605646726257,0.24515605646726257,False,0.02630304227679403,0.02630304227679403,0.001176017274848876,0.20860599699259197,0.20860599699259197,0.1752882922767931,0.1752882922767931,True,stable_across_methods
violin,D#5,75.0,middle,19.750551,21.634026,22.656961,True,20.694570353646768,21.09522405753794,22.135553098193327,20.6922885,21.163157249999998,22.1454935,20.815780480106042,21.261747915119297,22.23713651989396,20.799856,21.243832875,22.253060999999995,"20.6**2 * Matern(length_scale=49.2, nu=1.5)",0.24789722488075341,0.24399437182493217,0.24789722488075341,0.0022818536467674733,0.0022818536467674733,0.0001102755573298465,-0.12121012645927465,0.12121012645927465,-0.10528564635323079,0.10528564635323079,False,-0.06793319246205698,0.06793319246205698,0.003209974374785548,-0.1665238575813568,0.1665238575813568,-0.14860881746205834,0.14860881746205834,False,-0.009940401806673549,0.009940401806673549,0.0004488679291194639,-0.1015834217006315,0.1015834217006315,-0.11750790180666826,0.11750790180666826,True,stable_across_methods
violin,E5,76.0,middle,21.134415,22.654666,23.729301,True,21.899015983502427,22.230017380176967,23.164882539202857,21.894540499999998,22.27460325,23.1919835,21.95502531173662,22.3217604132037,23.242902688263374,21.9502425,22.316379749999996,23.247685500000003,"23**2 * Matern(length_scale=67.1, nu=1.5)",0.2328184069631416,0.2239030857723863,0.23281840696289743,0.0044754835024285455,0.0044754835024285455,0.0002044109353392708,-0.056009328234193134,0.056009328234193134,-0.05122651649757515,0.05122651649757515,False,-0.04458586982303103,0.04458586982303103,0.0020016459697449846,-0.09174303302673437,0.09174303302673437,-0.08636236982302847,0.08636236982302847,False,-0.027100960797142193,0.027100960797142193,0.0011685486408328203,-0.07802014906051724,0.07802014906051724,-0.08280296079714589,0.08280296079714589,True,stable_across_methods
violin,F5,77.0,middle,20.414251,21.553996,21.664903,True,20.94298752779914,21.090601079835594,21.502777562016686,20.984123500000003,21.26905975,21.6094495,21.165626040024925,21.42502332627804,21.634717459975075,21.11272825,21.3655133125,21.73805425,"20.4**2 * Matern(length_scale=110, nu=1.5)",0.21533040898542427,0.19799203438005672,0.2153304089848963,-0.041135972200862625,0.041135972200862625,0.001960337881201596,-0.22263851222578523,0.22263851222578523,-0.16974072220086,0.16974072220086,False,-0.17845867016440664,0.17845867016440664,0.008390529354002432,-0.3344222464424469,0.3344222464424469,-0.27491223266440556,0.27491223266440556,False,-0.10667193798331454,0.10667193798331454,0.004936356105846867,-0.13193989795838945,0.13193989795838945,-0.23527668798331547,0.23527668798331547,False,moderate_method_sensitivity
violin,F#5,78.0,middle,18.170121,19.673886,20.109543,True,18.904299711831122,19.178155601898794,19.85202365144372,18.922003500000002,19.29794475,19.8917145,19.092282293334303,19.439440830001093,19.976163081665696,19.055517000000002,19.398079875,20.025228,"17.6**2 * Matern(length_scale=52.1, nu=1.5)",0.23659921723112642,0.229251958496244,0.23659921723112642,-0.017703788168880408,0.017703788168880408,0.0009356191150096979,-0.18798258150318148,0.18798258150318148,-0.1512172881688798,0.1512172881688798,False,-0.119789148101205,0.119789148101205,0.006207352630191617,-0.2612852281022988,0.2612852281022988,-0.21992427310120632,0.21992427310120632,False,-0.03969084855627969,0.03969084855627969,0.001995345778579302,-0.12413943022197671,0.12413943022197671,-0.1732043485562791,0.1732043485562791,True,moderate_method_sensitivity
violin,G5,79.0,middle,18.008827,19.141016,20.3697,True,18.606943212337324,18.89220512717221,19.746289633563315,18.574921500000002,18.85796875,19.755358,18.563106125050645,18.849199656306975,19.743049624949357,18.562859625,18.84892234375,19.743296125,"20.4**2 * Matern(length_scale=67.6, nu=1.5)",0.22864707387870867,0.21778139032661797,0.22864707387870867,0.03202171233732187,0.03202171233732187,0.0017239218123921477,0.04383708728667912,0.04383708728667912,0.04408358733732243,0.04408358733732243,False,0.03423637717220984,0.03423637717220984,0.001815485942631538,0.04300547086523565,0.04300547086523565,0.04328278342221026,0.04328278342221026,False,-0.009068366436686404,0.009068366436686404,0.00045903326260584107,0.003240008613957457,0.003240008613957457,0.002993508563314151,0.002993508563314151,True,stable_across_methods
violin,G#5,80.0,middle,18.060239,18.111486,17.584561,False,17.93137849489053,17.92423427229334,17.90261235793447,18.085862499999998,18.09867425,17.8480235,18.105080125,18.110685265625,17.950024875,18.158133999999997,18.152877874999998,17.920295,"17.9**2 * Matern(length_scale=746, nu=1.5)",0.18667711904041906,0.18362191591412905,0.18667711904041906,-0.1544840051094667,0.1544840051094667,0.00854169963469902,-0.17370163010946982,0.17370163010946982,-0.22675550510946607,0.22675550510946607,True,-0.1744399777066583,0.1744399777066583,0.009638273792714864,-0.18645099333166115,0.18645099333166115,-0.22864360270665784,0.22864360270665784,True,0.054588857934469104,0.054588857934469104,0.0030585379907455356,-0.04741251706553129,0.04741251706553129,-0.017682642065530274,0.017682642065530274,True,moderate_method_sensitivity
violin,A5,81.0,middle,17.222008,18.300677,18.15519,False,17.710695765526328,17.808224491343694,18.08488609644508,17.761342499999998,18.03100975,18.2279335,17.972685875,18.211388734375003,18.282491125,17.914361999999997,18.145774375000002,18.380952999999998,"17.4**2 * Matern(length_scale=134, nu=1.5)",0.21011661658185252,0.19270317119446145,0.21011661658171726,-0.05064673447366985,0.05064673447366985,0.002851514995202072,-0.26199010947367185,0.26199010947367185,-0.20366623447366905,0.20366623447366905,False,-0.22278525865630527,0.22278525865630527,0.012355672907131852,-0.40316424303130916,0.40316424303130916,-0.3375498836563082,0.3375498836563082,False,-0.1430474035549203,0.1430474035549203,0.007847702733550148,-0.19760502855492135,0.19760502855492135,-0.2960669035549195,0.2960669035549195,False,moderate_method_sensitivity
violin,A#5,82.0,middle,16.110255,16.610224,14.781741,False,16.51633092570024,16.56484980148804,15.829004822926645,16.3602395,16.485231749999997,15.6959825,16.547727874999996,16.602411984375,16.070071125,16.651295999999995,16.703524124999998,15.987039,"12.3**2 * Matern(length_scale=17.9, nu=1.5)",0.3487553230084626,0.32554120441874135,0.3487553230084219,0.15609142570024304,0.15609142570024304,0.00954090101799812,-0.03139694929975434,0.03139694929975434,-0.13496507429975324,0.13496507429975324,False,0.07961805148804402,0.07961805148804402,0.004829659218351239,-0.03756218288695834,0.03756218288695834,-0.13867432351195674,0.13867432351195674,False,0.13302232292664584,0.13302232292664584,0.008474928086001997,-0.241066302073353,0.241066302073353,-0.158034177073354,0.158034177073354,True,stable_across_methods
violin,B5,83.0,middle,16.321369,16.844572,16.73763,False,16.63251911342587,16.632519460790316,16.63252049538719,16.582970500000002,16.71377125,16.791100999999998,16.6877549375,16.8021156953125,16.83120425,16.661738625,16.772847343749998,16.869869125,"16.6**2 * Matern(length_scale=1e+05, nu=1.5)",0.18256341603300544,0.18256324557062356,0.18256341603300544,0.0495486134258698,0.0495486134258698,0.0029879214599018793,-0.05523582407412775,0.05523582407412775,-0.029219511574130053,0.029219511574130053,False,-0.08125178920968423,0.08125178920968423,0.00486136779032944,-0.16959623452218509,0.16959623452218509,-0.14032788295968146,0.14032788295968146,False,-0.15858050461280726,0.15858050461280726,0.009444318428720504,-0.19868375461280863,0.19868375461280863,-0.23734862961281067,0.23734862961281067,False,moderate_method_sensitivity
violin,C6,84.0,middle,15.379023,16.9907,17.435072,True,16.18376042034118,16.49434170800801,17.201820779128767,16.1848615,16.58778075,17.212886,16.37219511652966,16.743813646720866,17.299968570970343,16.330774625,16.697215593750002,17.358799124999997,"14.7**2 * Matern(length_scale=38.5, nu=1.5)",0.24910798588403596,0.24525799148488114,0.2491079858842071,-0.0011010796588202254,0.0011010796588202254,6.80314538879573e-05,-0.1884346961884802,0.1884346961884802,-0.1470142046588201,0.1470142046588201,False,-0.0934390419919886,0.0934390419919886,0.005633004402471898,-0.24947193871285478,0.24947193871285478,-0.20287388574199028,0.20287388574199028,False,-0.011065220871234516,0.011065220871234516,0.0006428451841971483,-0.09814779184157629,0.09814779184157629,-0.15697834587123083,0.15697834587123083,True,moderate_method_sensitivity
violin,C#6,85.0,middle,14.790798,15.432614,15.921075,True,15.145700951184926,15.266477033955548,15.621458009731164,15.111706,15.27216,15.6768445,15.13217581706116,15.288000028568803,15.694713432938839,15.130875374999999,15.28653703125,15.696013874999998,"15.5**2 * Matern(length_scale=104, nu=1.5)",0.21245280836343283,0.1951180451907457,0.21245280836349972,0.033994951184926236,0.033994951184926236,0.002249577326671538,0.01352513412376588,0.01352513412376588,0.014825576184927414,0.014825576184927414,False,-0.005682966044451732,0.005682966044451732,0.0003721127885283897,-0.02152299461325491,0.02152299461325491,-0.02005999729445307,0.02005999729445307,False,-0.055386490268835686,0.055386490268835686,0.0035330126715765846,-0.07325542320767475,0.07325542320767475,-0.07455586526883451,0.07455586526883451,True,stable_across_methods
violin,D6,86.0,middle,13.318842,13.833863,14.732797,True,13.642731752013928,13.79990851788152,14.276887946009422,13.576352499999999,13.70510775,14.28333,13.534878309685377,13.676445207771048,14.228825940314623,13.528363374999998,13.66911590625,14.235340874999999,"14.4**2 * Matern(length_scale=77.3, nu=1.5)",0.21706919196312396,0.20094662197712734,0.21706919196312396,0.06637925201392925,0.06637925201392925,0.004889328854265478,0.1078534423285511,0.1078534423285511,0.1143683770139301,0.1143683770139301,False,0.09480076788151948,0.09480076788151948,0.006917185155404523,0.12346331011047162,0.12346331011047162,0.13079261163152012,0.13079261163152012,False,-0.006442053990577179,0.006442053990577179,0.0004510190544205853,0.048062005694799126,0.048062005694799126,0.041547071009423675,0.041547071009423675,True,stable_across_methods
violin,D#6,87.0,middle,14.310147,14.557085,16.332389,True,14.430869982408229,14.592552720598743,15.44812430109245,14.433616,14.4953505,15.444737,14.379419961747407,14.457530394465833,15.181497163252592,14.24257025,14.3520661875,15.25369125,"15.5**2 * Matern(length_scale=31.9, nu=1.5)",0.27133351957888235,0.26879060844900265,0.2713335195789347,-0.002746017591771732,0.002746017591771732,0.0001902515344575976,0.051450020660821494,0.051450020660821494,0.18829973240822895,0.18829973240822895,False,0.09720222059874217,0.09720222059874217,0.006705751654555864,0.1350223261329102,0.1350223261329102,0.24048653309874268,0.24048653309874268,True,0.0033873010924505564,0.0033873010924505564,0.00021931749905812942,0.26662713783985836,0.26662713783985836,0.19443305109245124,0.19443305109245124,True,stable_across_methods
violin,E6,88.0,middle,14.44339,15.513604,14.533455,False,15.081163414600109,15.269069716863424,15.127390622805798,14.978497,15.2460505,15.0235295,15.240421437500002,15.444604726562499,15.2741958125,15.234792375000001,15.438272031250001,15.279824875000001,"11.4**2 * Matern(length_scale=19.7, nu=1.5)",0.31496218519474095,0.3031040274155558,0.3149621851946958,0.10266641460010817,0.10266641460010817,0.0068542534407896975,-0.159258022899893,0.159258022899893,-0.15362896039989238,0.15362896039989238,False,0.023019216863422898,0.023019216863422898,0.0015098478693496978,-0.17553500969907532,0.17553500969907532,-0.1692023143865775,0.1692023143865775,False,0.10386112280579773,0.10386112280579773,0.006913230529869678,-0.1468051896942022,0.1468051896942022,-0.1524342521942028,0.1524342521942028,False,moderate_method_sensitivity
violin,F6,89.0,middle,11.080274,11.745759,11.130585,False,11.315927687873202,11.315927708480643,11.315927765197985,11.4130165,11.579387749999999,11.438172,11.576243312499999,11.702987023437501,11.5951099375,11.573098875,11.69944953125,11.598254375,"11.3**2 * Matern(length_scale=1e+05, nu=1.5)",0.18255053851304792,0.18255045960436925,0.18255053851312575,-0.09708881212679721,0.09708881212679721,0.008506849361586152,-0.2603156246267968,0.2603156246267968,-0.2571711871267972,0.2571711871267972,False,-0.2634600415193553,0.2634600415193553,0.02275250187725645,-0.38705931495685775,0.38705931495685775,-0.38352182276935665,0.38352182276935665,False,-0.12224423480201452,0.12224423480201452,0.010687392601021781,-0.2791821723020149,0.2791821723020149,-0.2823266098020145,0.2823266098020145,False,moderate_method_sensitivity
violin,F#6,90.0,high,10.483588,10.995129,10.653833,False,10.707737769393653,10.70773782917335,10.707738003686398,10.7393585,10.86724375,10.824481,10.8566034375,10.959167570312502,10.920445312500002,10.845963124999999,10.94719721875,10.931085625000001,"10.7**2 * Matern(length_scale=1e+05, nu=1.5)",0.18254775405675883,0.18254768340107094,0.18254775405675883,-0.03162073060634718,0.03162073060634718,0.0029443779725155076,-0.14886566810634783,0.14886566810634783,-0.1382253556063464,0.1382253556063464,False,-0.15950592082664983,0.15950592082664983,0.014677679501451307,-0.25142974113915173,0.25142974113915173,-0.23945938957665014,0.23945938957665014,False,-0.11674299631360263,0.11674299631360263,0.01078508949423096,-0.212707308813604,0.212707308813604,-0.22334762131360364,0.22334762131360364,False,moderate_method_sensitivity
violin,G6,91.0,high,10.117409,10.280374,10.373252,True,10.253761692828911,10.253761774702319,10.253762015708606,10.1988915,10.23963275,10.326813000000001,10.208852375481008,10.247553406791134,10.334373874518993,10.207652374999999,10.24620340625,10.335573875,"10.3**2 * Matern(length_scale=1e+05, nu=1.5)",0.18254534675553558,0.18254528196311778,0.18254534675553558,0.05487019282891126,0.05487019282891126,0.0053800153505811155,0.044909317347903155,0.044909317347903155,0.04610931782891292,0.04610931782891292,False,0.014129024702318915,0.014129024702318915,0.0013798370554177263,0.006208367911185064,0.006208367911185064,0.007558368452318831,0.007558368452318831,False,-0.07305098429139534,0.07305098429139534,0.007073913732280746,-0.08061185881038746,0.08061185881038746,-0.08181185929139367,0.08181185929139367,False,stable_across_methods
violin,G#6,92.0,high,9.920291,10.282965,10.312349,True,10.168591079899237,10.168591202694605,10.168591566503155,10.101628000000002,10.192296500000001,10.297657000000001,10.160997443701572,10.243464155414268,10.304452431298431,10.14328925,10.2235424375,10.339318250000002,"10.2**2 * Matern(length_scale=1e+05, nu=1.5)",0.18254485906250667,0.18254479534169624,0.18254485906250667,0.06696307989923511,0.06696307989923511,0.00662893940454302,0.007593636197665177,0.007593636197665177,0.02530182989923624,0.02530182989923624,False,-0.023705297305395945,0.023705297305395945,0.002325805308489205,-0.07487295271966232,0.07487295271966232,-0.054951234805395544,0.054951234805395544,False,-0.12906543349684618,0.12906543349684618,0.012533475672849287,-0.13586086479527637,0.13586086479527637,-0.17072668349684683,0.17072668349684683,False,stable_across_methods
violin,A6,93.0,high,9.331229,10.142248,9.965111,False,9.727951737878847,9.770944186513493,9.895349189995109,9.736738500000001,9.93949325,10.053679500000001,9.899875625,10.076702703125,10.120105875,9.860257999999998,10.032132875,10.177199,"9.71**2 * Matern(length_scale=141, nu=1.5)",0.2004160978523314,0.18799194459898055,0.20041609785236686,-0.008786762121154368,0.008786762121154368,0.0009024338202319357,-0.17192388712115303,0.17192388712115303,-0.13230626212115126,0.13230626212115126,False,-0.16854906348650722,0.16854906348650722,0.016957510734916713,-0.30575851661150644,0.30575851661150644,-0.26118868848650756,0.26118868848650756,False,-0.15833031000489228,0.15833031000489228,0.015748493872804706,-0.2247566850048912,0.2247566850048912,-0.28184981000489095,0.28184981000489095,False,moderate_method_sensitivity
violin,A#6,94.0,high,8.277281,9.176195,8.905541,False,8.701480075685806,8.744829997707935,8.869035245504367,8.726738000000001,8.9514665,9.040868,8.91220025,9.10528803125,9.142363249999999,8.872934,9.061113500000001,9.187064,"8.66**2 * Matern(length_scale=124, nu=1.5)",0.200667690315143,0.188183410060731,0.20066769031510762,-0.025257924314194824,0.025257924314194824,0.002894314498062715,-0.21072017431419354,0.21072017431419354,-0.1714539243141946,0.1714539243141946,False,-0.20663650229206532,0.20663650229206532,0.023084094912500127,-0.3604580335420646,0.3604580335420646,-0.31628350229206603,0.31628350229206603,False,-0.1718327544956324,0.1718327544956324,0.019006223129862356,-0.27332800449563166,0.27332800449563166,-0.31802875449563217,0.31802875449563217,False,moderate_method_sensitivity
violin,B6,95.0,high,8.74534,9.105408,8.943398,False,8.92764974328938,8.927649791669715,8.92764993279045,8.925374000000001,9.015391000000001,9.024403,9.003012374999999,9.078261765625001,9.077284125,8.99063375,9.0643358125,9.08966275,"8.93**2 * Matern(length_scale=1e+05, nu=1.5)",0.18253610120206945,0.1825360520825965,0.18253610120206945,0.002275743289379406,0.002275743289379406,0.00025497455785935755,-0.07536263171061819,0.07536263171061819,-0.06298400671061977,0.06298400671061977,False,-0.08774120833028576,0.08774120833028576,0.009732379697151875,-0.1506119739552858,0.1506119739552858,-0.13668602083028425,0.13668602083028425,False,-0.09675306720954957,0.09675306720954957,0.010721270671262086,-0.14963419220955032,0.14963419220955032,-0.16201281720955052,0.16201281720955052,False,moderate_method_sensitivity
violin,C7,96.0,high,7.169442,8.777069,8.152236,False,8.08681761770028,8.422406222501833,8.602588042364204,7.9732555,8.375162249999999,8.4646525,8.313737624999998,8.653558078124998,8.682285375,8.252313,8.584455375,8.74371,"6.25**2 * Matern(length_scale=11.4, nu=1.5)",0.34483038650145226,0.32220672895519886,0.34483038650142134,0.11356211770028057,0.11356211770028057,0.01424287954904751,-0.22692000729971795,0.22692000729971795,-0.16549538229971894,0.16549538229971894,False,0.04724397250183365,0.04724397250183365,0.0056409620603867896,-0.23115185562316576,0.23115185562316576,-0.16204915249816665,0.16204915249816665,False,0.1379355423642039,0.1379355423642039,0.016295476082946573,-0.0796973326357957,0.0796973326357957,-0.1411219576357965,0.1411219576357965,False,moderate_method_sensitivity
violin,C#7,97.0,high,7.851384,9.052773,7.913081,False,8.586921196973996,8.816642899352995,8.61936230149828,8.4520785,8.75242575,8.482927,8.7485696875,8.9762401640625,8.7717060625,8.744713625,8.97190209375,8.775562125,"6.34**2 * Matern(length_scale=11.3, nu=1.5)",0.35131807442091867,0.3263980198944885,0.35131807442091867,0.13484269697399576,0.13484269697399576,0.015953791363153544,-0.16164849052600339,0.16164849052600339,-0.1577924280260028,0.1577924280260028,False,0.06421714935299505,0.06421714935299505,0.007337068738114693,-0.15959726470950386,0.15959726470950386,-0.1552591943970043,0.1552591943970043,False,0.13643530149827932,0.13643530149827932,0.016083517104211707,-0.15234376100172042,0.15234376100172042,-0.156199823501721,0.156199823501721,False,moderate_method_sensitivity
violin,D7,98.0,high,7.742298,8.08543,7.916259,False,7.910450672069383,7.91045070563289,7.910450802761469,7.913864,7.999647,8.0008445,7.988774437500001,8.059907039062502,8.0540098125,7.977901875000001,8.04767540625,8.064882375,"7.91**2 * Matern(length_scale=1e+05, nu=1.5)",0.18252565462867434,0.18252561606244472,0.18252565462867434,-0.003413327930616994,0.003413327930616994,0.00043130990507506746,-0.0783237654306177,0.0783237654306177,-0.06745120293061735,0.06745120293061735,False,-0.08919629436711052,0.08919629436711052,0.011150028790909212,-0.14945633342961173,0.14945633342961173,-0.13722470061711078,0.13722470061711078,False,-0.09039369723853063,0.09039369723853063,0.011298019507632056,-0.14355900973853153,0.14355900973853153,-0.154431572238531,0.154431572238531,False,moderate_method_sensitivity
violin,D#7,99.0,high,7.283419,7.930614,7.724403,False,7.641785682532373,7.64178576069021,7.641785991721547,7.6070165,7.76881525,7.8275085,7.74125375,7.87982875,7.904837625,7.71369225,7.8488220625,7.93418425,"7.64**2 * Matern(length_scale=1e+05, nu=1.5)",0.18252217856407485,0.1825221425723113,0.18252217856407485,0.034769182532373044,0.034769182532373044,0.004570672685194391,-0.09946806746762693,0.09946806746762693,-0.07190656746762691,0.07190656746762691,False,-0.1270294893097903,0.1270294893097903,0.01635120481334529,-0.23804298930978973,0.23804298930978973,-0.20703630180979005,0.20703630180979005,False,-0.18572250827845327,0.18572250827845327,0.02372689959754796,-0.2630516332784527,0.2630516332784527,-0.2923982582784532,0.2923982582784532,False,moderate_method_sensitivity
violin,E7,100.0,high,6.814008,6.859024,6.110714,False,6.703777875701375,6.651707749416566,6.484582372971034,6.836516,6.84777,6.484869,6.853397,6.858320624999999,6.627990625,6.9356817500000005,6.9221443124999995,6.58403475,"6.49**2 * Matern(length_scale=77, nu=1.5)",0.20427100812167392,0.19032971314699185,0.20427100812167392,-0.13273812429862453,0.13273812429862453,0.019416048217926286,-0.14961912429862512,0.14961912429862512,-0.23190387429862547,0.23190387429862547,True,-0.19606225058343352,0.19606225058343352,0.028631547289618888,-0.2066128755834331,0.2066128755834331,-0.27043656308343333,0.27043656308343333,True,-0.00028662702896564696,0.00028662702896564696,4.419935529393839e-05,-0.14340825202896568,0.14340825202896568,-0.0994523770289657,0.0994523770289657,True,moderate_method_sensitivity
violin,F7,101.0,high,3.051986,3.769573,3.383747,False,3.3919698905312714,3.3919699023970136,3.3919699364669453,3.4107795,3.59017625,3.57666,3.5694411875,3.7169481640625,3.6938515625,3.548706125,3.6936212187499997,3.714586625,"3.4**2 * Matern(length_scale=1e+05, nu=1.5)",0.18231105436115744,0.18231104726171948,0.18231105436115744,-0.01880960946872845,0.01880960946872845,0.005514753876270351,-0.17747129696872843,0.17747129696872843,-0.15673623446872842,0.15673623446872842,False,-0.19820634760298628,0.19820634760298628,0.05520797136435469,-0.3249782616654864,0.3249782616654864,-0.30165131635298614,0.30165131635298614,False,-0.18469006353305462,0.18469006353305462,0.05163757906344316,-0.3018816260330546,0.3018816260330546,-0.3226166885330546,0.3226166885330546,False,high_method_sensitivity
violin,F#7,102.0,high,3.570454,3.369747,3.019499,True,3.3578922644166633,3.335574602157693,3.265195902961811,3.4701005,3.4199237499999997,3.194623,3.4862563353936573,3.4310893304428642,3.2158524146063425,3.4887931249999995,3.43394321875,3.213315625,"3.32**2 * Matern(length_scale=70.5, nu=1.5)",0.19415523505582985,0.18616033105176982,0.19415523505582527,-0.1122082355833367,0.1122082355833367,0.03233573079031478,-0.12836407097699398,0.12836407097699398,-0.13090086058333616,0.13090086058333616,True,-0.08434914784230685,0.08434914784230685,0.02466404341392315,-0.09551472828517138,0.09551472828517138,-0.09836861659230722,0.09836861659230722,True,0.07057290296181096,0.07057290296181096,0.022091152214771807,0.04934348835546842,0.04934348835546842,0.05188027796181105,0.05188027796181105,True,moderate_method_sensitivity
violin,G7,103.0,high,2.881187,3.690796,2.81368,False,3.1178997514411124,3.117899749816797,3.1178997435394598,3.2859915,3.48839375,3.252238,3.4926129375,3.6417776328125004,3.4672978125,3.4968321249999996,3.64652421875,3.463078625,"3.12**2 * Matern(length_scale=1e+05, nu=1.5)",0.1822630419668273,0.1822630359667914,0.18226304196683218,-0.16809174855888775,0.16809174855888775,0.051154042412735315,-0.3747131860588877,0.3747131860588877,-0.3789323735588872,0.3789323735588872,False,-0.3704940001832031,0.3704940001832031,0.10620762068020649,-0.5238778829957034,0.5238778829957034,-0.5286244689332031,0.5286244689332031,False,-0.13433825646054043,0.13433825646054043,0.04130640391648471,-0.34939806896054026,0.34939806896054026,-0.3451788814605403,0.3451788814605403,False,extreme_method_sensitivity
violin,G#7,104.0,high,2.479848,2.926471,2.951165,True,2.7604177118145636,2.7676673444520192,2.788399842097816,2.7031595,2.8148152499999997,2.938818,2.779507889463328,2.880929266271244,2.9446680480366716,2.755900625,2.85437109375,2.991559125,"2.78**2 * Matern(length_scale=115, nu=1.5)",0.18634848959097894,0.18339276399209084,0.18634848959098133,0.0572582118145637,0.0572582118145637,0.021181958302706038,-0.019090177648764417,0.019090177648764417,0.00451708681456342,0.00451708681456342,False,-0.04714790554798043,0.04714790554798043,0.01674991122347388,-0.11326192181922456,0.11326192181922456,-0.08670374929798097,0.08670374929798097,False,-0.15041815790218394,0.15041815790218394,0.05118321648437703,-0.1562682059388556,0.1562682059388556,-0.2031592829021842,0.2031592829021842,False,moderate_method_sensitivity
violin,A7,105.0,high,2.703889,2.118963,2.421008,False,2.400815272139626,2.4008152674901386,2.40081525246176,2.411426,2.2651944999999998,2.2699854999999998,2.2828745625,2.1621508984375,2.1767941875,2.300554625,2.18204096875,2.159114125,"2.41**2 * Matern(length_scale=1e+05, nu=1.5)",0.1820515408118606,0.18205153725017814,0.18205154081185815,-0.01061072786037398,0.01061072786037398,0.004400188046564141,0.1179407096396261,0.1179407096396261,0.1002606471396259,0.1002606471396259,False,0.13562076749013885,0.13562076749013885,0.05987157724872582,0.23866436905263866,0.23866436905263866,0.21877429874013865,0.21877429874013865,False,0.13082975246176032,0.13082975246176032,0.05763462033645604,0.22402106496176,0.22402106496176,0.2417011274617602,0.2417011274617602,False,high_method_sensitivity
violin,A#7,106.0,high,2.127171,2.463498,2.120485,False,2.22215054925837,2.222150549424472,2.2221505488177633,2.2953345,2.3794162500000002,2.2919915,2.3798341250000004,2.4426342656249997,2.377326875,2.380252,2.443104375,2.376909,"2.23**2 * Matern(length_scale=9.51e+04, nu=1.5)",0.18196511988330694,0.18196511651074973,0.18196511988330694,-0.07318395074163009,0.07318395074163009,0.03188378458199887,-0.1576835757416304,0.1576835757416304,-0.15810145074163007,0.15810145074163007,False,-0.15726570057552802,0.15726570057552802,0.06609423659081425,-0.22048371620052754,0.22048371620052754,-0.22095382557552767,0.22095382557552767,False,-0.06984095118223665,0.06984095118223665,0.030471732195445165,-0.15517632618223676,0.15517632618223676,-0.15475845118223663,0.15475845118223663,False,high_method_sensitivity
violin,B7,107.0,high,2.821101,2.299766,2.255637,True,2.494603451304916,2.471331426614047,2.3990604040576313,2.5604335000000003,2.43009975,2.2777015,2.47561253951401,2.3570452007032614,2.2675302104859902,2.50078275,2.3853616875000005,2.2180507499999997,"2.48**2 * Matern(length_scale=52, nu=1.5)",0.19426531082805798,0.18635988750762558,0.19426531082805798,-0.06583004869508446,0.06583004869508446,0.025710509058362366,0.01899091179090595,0.01899091179090595,-0.006179298695084157,0.006179298695084157,False,0.04123167661404681,0.04123167661404681,0.016967071666110334,0.11428622591078552,0.11428622591078552,0.08596973911404637,0.08596973911404637,False,0.12135890405763128,0.12135890405763128,0.05328130312845264,0.13153019357164109,0.13153019357164109,0.18100965405763159,0.18100965405763159,False,moderate_method_sensitivity
viola,C3,48.0,low,43.057912,50.207507,52.317174,True,46.99048460323708,48.73487610380896,51.801138034105875,46.632709500000004,48.42010825,51.2623405,47.43415635040406,49.085489331704565,51.66958852459594,47.2627005,48.8926015,51.892331500000004,"40.4**2 * Matern(length_scale=20.7, nu=1.5)",0.7041277363718798,0.5446744275879022,0.7041277363723641,0.3577751032370742,0.3577751032370742,0.007672192053028232,-0.4436717471669809,0.4436717471669809,-0.2722158967629227,0.2722158967629227,False,0.31476785380895933,0.31476785380895933,0.006500767247024058,-0.35061322789560734,0.35061322789560734,-0.1577253961910401,0.1577253961910401,False,0.5387975341058748,0.5387975341058748,0.010510591768744441,0.13154950950993793,0.13154950950993793,-0.09119346589412913,0.09119346589412913,True,stable_across_methods
viola,C#3,49.0,low,40.667401,44.946599,43.450608,False,43.28475142115641,44.28217160032043,44.73973604674292,42.807,43.8767995,44.198603500000004,43.70284906249999,44.61391771093751,44.7465516875,43.528898625000004,44.41822346874999,44.920502125000006,"32.9**2 * Matern(length_scale=17.7, nu=1.5)",0.7208606461647684,0.555790255695153,0.7208606461647684,0.47775142115640534,0.47775142115640534,0.011160591051846785,-0.41809764134358574,0.41809764134358574,-0.24414720384359612,0.24414720384359612,False,0.40537210032043447,0.40537210032043447,0.00923887122442544,-0.3317461106170754,0.3317461106170754,-0.1360518684295613,0.1360518684295613,False,0.5411325467429151,0.5411325467429151,0.012243204623940553,-0.0068156407570825195,0.0068156407570825195,-0.18076607825708635,0.18076607825708635,False,stable_across_methods
viola,D3,50.0,low,41.794026,44.249471,47.520577,True,43.017764967400865,43.685688858950364,45.88974711075172,43.0217485,43.63560975,45.885024,42.92705203956181,43.567310341382026,45.7758052104382,42.919790875000004,43.55914153125,45.783066375000004,"50.9**2 * Matern(length_scale=72, nu=1.5)",0.27036604054864105,0.2687757017612823,0.2703660405469591,-0.003983532599136197,0.003983532599136197,9.259346116851101e-05,0.09071292783905704,0.09071292783905704,0.09797409240086097,0.09797409240086097,False,0.050079108950363604,0.050079108950363604,0.0011476660745038312,0.11837851756833828,0.11837851756833828,0.12654732770036503,0.12654732770036503,False,0.004723110751719162,0.004723110751719162,0.00010293360098752834,0.11394190031352025,0.11394190031352025,0.10668073575171633,0.10668073575171633,True,stable_across_methods
viola,D#3,51.0,low,38.788507,44.32785,41.997164,False,42.21295197532325,43.51836260602638,43.9115418237945,41.5581785,42.94301425,43.162507,42.7424731875,43.9064381640625,43.945719562499995,42.541932124999995,43.68082946874999,44.146260625,"31.8**2 * Matern(length_scale=13.8, nu=1.5)",0.9748210750571353,0.7233960442468106,0.9748210750569604,0.6547734753232533,0.6547734753232533,0.015755586480366394,-0.5295212121767534,0.5295212121767534,-0.32898014967674527,0.32898014967674527,False,0.5753483560263817,0.5753483560263817,0.01339794995937859,-0.38807555803612104,0.38807555803612104,-0.16246686272361188,0.16246686272361188,False,0.7490348237945028,0.7490348237945028,0.017353830346196128,-0.034177738705494676,0.034177738705494676,-0.2347188012054957,0.2347188012054957,False,moderate_method_sensitivity
viola,E3,52.0,low,35.508181,40.821026,41.913046,True,38.46627429275365,39.7460016998481,41.79215029594909,38.1646035,39.49281475,41.367036,38.86605263581195,40.084093855913444,41.593494051688054,38.692206625,39.88851709375001,41.894639125,"32.1**2 * Matern(length_scale=20.6, nu=1.5)",0.583661901675088,0.468835949423688,0.5836619016748933,0.3016707927536544,0.3016707927536544,0.007904465527950641,-0.3997783430582942,0.3997783430582942,-0.22593233224634446,0.22593233224634446,False,0.2531869498481001,0.2531869498481001,0.006410962385204516,-0.3380921560653434,0.3380921560653434,-0.1425153939019097,0.1425153939019097,False,0.42511429594909345,0.42511429594909345,0.010276643846300554,0.19865624426103778,0.19865624426103778,-0.1024888290509054,0.1024888290509054,True,stable_across_methods
viola,F3,53.0,low,26.854975,27.554945,33.962486,True,26.701771064746797,26.934716257342725,30.448709842882064,27.20496,27.3799525,30.7587155,27.047201310855165,27.268096162212057,29.758808376644836,26.491513624999996,26.84486771875,30.045269124999997,"31.9**2 * Matern(length_scale=14.9, nu=1.5)",0.8820042097932441,0.6613936893338391,0.8820042097933086,-0.5031889352532026,0.5031889352532026,0.01849622036765364,-0.3454302461083678,0.3454302461083678,0.2102574397468011,0.2102574397468011,True,-0.4452362426572769,0.4452362426572769,0.016261395729495035,-0.3333799048693322,0.3333799048693322,0.0898485385927259,0.0898485385927259,False,-0.31000565711793726,0.31000565711793726,0.010078628189721942,0.6899014662372274,0.6899014662372274,0.4034407178820665,0.4034407178820665,True,moderate_method_sensitivity
viola,F#3,54.0,low,32.5187,37.448142,34.074192,False,35.68888739595699,36.83609731572809,36.52036487460061,34.983421,36.2157815,35.761167,36.11856325,37.103595031249995,36.70187275,36.021345000000004,36.9942245,36.799091,"26.3**2 * Matern(length_scale=11.6, nu=1.5)",1.031391919595625,0.7624341588455603,1.0313919195955699,0.7054663959569893,0.7054663959569893,0.020165734962197934,-0.4296758540430119,0.4296758540430119,-0.3324576040430145,0.3324576040430145,False,0.620315815728091,0.620315815728091,0.017128328867570927,-0.2674977155219054,0.2674977155219054,-0.15812718427191186,0.15812718427191186,False,0.7591978746006092,0.7591978746006092,0.02122967280683567,-0.18150787539939017,0.18150787539939017,-0.27872612539938757,0.27872612539938757,False,moderate_method_sensitivity
viola,G3,55.0,low,40.86336,45.23719,42.362922,False,43.675858241567234,44.68309824921524,44.46628010935149,43.050275,44.1437325,43.800056,44.050009875,44.92867964062499,44.612345625,43.95628725,44.823241687499994,44.70606825,"32.4**2 * Matern(length_scale=14.9, nu=1.5)",0.8902108107533813,0.6667927304486654,0.8902108107533813,0.6255832415672344,0.6255832415672344,0.014531457500962176,-0.37415163343276703,0.37415163343276703,-0.28042900843276897,0.28042900843276897,False,0.5393657492152428,0.5393657492152428,0.012218399275938954,-0.24558139140975044,0.24558139140975044,-0.14014343828475262,0.14014343828475262,False,0.6662241093514893,0.6662241093514893,0.015210576656602663,-0.146065515648516,0.146065515648516,-0.23978814064851406,0.23978814064851406,False,moderate_method_sensitivity
viola,G#3,56.0,low,31.179768,31.309125,33.545457,True,31.1440188040901,31.254207325515736,32.34742041219103,31.244446500000002,31.276785750000002,32.427291,31.213875575575447,31.254520678772376,32.04663448692455,30.981074625000005,31.079256843750002,32.16391912500001,"32.1**2 * Matern(length_scale=36.2, nu=1.5)",0.33563254921767277,0.3179034123347699,0.33563254921733404,-0.10042769590990375,0.10042769590990375,0.0032142574812424264,-0.06985677148534819,0.06985677148534819,0.1629441790900934,0.1629441790900934,True,-0.022578424484265724,0.022578424484265724,0.000721890819112246,-0.0003133532566401698,0.0003133532566401698,0.1749504817657339,0.1749504817657339,False,-0.07987058780896916,0.07987058780896916,0.00246306692128458,0.3007859252664744,0.3007859252664744,0.18350128719102088,0.18350128719102088,True,stable_across_methods
viola,A3,57.0,low,25.62901,30.734903,27.314746,False,28.887221126431537,30.087316976341143,29.7987501820224,28.1819565,29.45842975,29.0248245,29.353071249999996,30.376275250000003,29.98522225,29.247712749999998,30.257746937500002,30.09058075,"21.2**2 * Matern(length_scale=9.69, nu=1.5)",1.0766113448099455,0.7944295141944332,1.0766113448100245,0.7052646264315392,0.7052646264315392,0.02502539617615048,-0.46585012356845823,0.46585012356845823,-0.36049162356846054,0.36049162356846054,False,0.628887226341142,0.628887226341142,0.02134829424644204,-0.28895827365886007,0.28895827365886007,-0.17042996115885956,0.17042996115885956,False,0.7739256820223979,0.7739256820223979,0.026664267410898484,-0.18647206797760063,0.18647206797760063,-0.2918305679776019,0.2918305679776019,False,moderate_method_sensitivity
viola,A#3,58.0,low,28.706901,31.14733,31.452412,True,30.042112641206685,30.583804468157844,31.442940578612458,29.9271155,30.537222749999998,31.299871,30.297833013175207,30.85418556169711,31.36766629932479,30.194033875,30.737411531249997,31.566789375000003,"24.6**2 * Matern(length_scale=30.3, nu=1.5)",0.3349130969534333,0.3172590165390068,0.334913096953603,0.11499714120668614,0.11499714120668614,0.0038425735085189264,-0.25572037196852193,0.25572037196852193,-0.15192123379331335,0.15192123379331335,False,0.04658171815784584,0.04658171815784584,0.0015254078125963779,-0.2703810935392674,0.2703810935392674,-0.15360706309215288,0.15360706309215288,False,0.14306957861245806,0.14306957861245806,0.004570931893376112,0.07527427928766883,0.07527427928766883,-0.12384879638754498,0.12384879638754498,True,stable_across_methods
viola,B3,59.0,low,28.115725,32.583837,32.555484,False,30.681850524757838,31.745568495810435,33.00605726551598,30.349781,31.466809,32.5696605,31.189324062500006,32.200523148437505,32.580292875000005,30.911839125000004,31.888352593750007,33.131718625000005,"24.5**2 * Matern(length_scale=16.8, nu=1.5)",0.5990302737113041,0.47873344117129085,0.599030273711399,0.3320695247578378,0.3320695247578378,0.01094141419860123,-0.5074735377421682,0.5074735377421682,-0.22998860024216583,0.22998860024216583,False,0.2787594958104336,0.2787594958104336,0.008858842210865218,-0.4549546526270696,0.4549546526270696,-0.1427840979395718,0.1427840979395718,False,0.4363967655159797,0.4363967655159797,0.01339887363934849,0.4257643905159725,0.4257643905159725,-0.12566135948402746,0.12566135948402746,True,moderate_method_sensitivity
viola,C4,60.0,low,31.067732,33.177078,34.754813,True,32.12694306464505,32.607591441798675,33.955628099451225,32.122405,32.649741500000005,33.965945500000004,32.19364692366372,32.70496939849668,34.02760632633628,32.188856375,32.69958003125,34.032396875,"34.2**2 * Matern(length_scale=72.6, nu=1.5)",0.2443236666143996,0.23972110572224248,0.24432366661486493,0.004538064645046802,0.004538064645046802,0.00014127412455719932,-0.06670385901867348,0.06670385901867348,-0.061913310354952955,0.061913310354952955,False,-0.04215005820132944,0.04215005820132944,0.0012909767815873652,-0.0973779566980042,0.0973779566980042,-0.09198858945132571,0.09198858945132571,False,-0.010317400548778721,0.010317400548778721,0.00030375720142337037,-0.07197822688505795,0.07197822688505795,-0.07676877554877848,0.07676877554877848,True,stable_across_methods
viola,C#4,61.0,low,27.076273,31.142089,31.384994,True,29.381792464328495,30.34561861227037,31.626881870323327,29.109181,30.125635,31.2635415,29.799037141874567,30.72252420648389,31.320844295625427,29.587044874999997,30.48403290625,31.741405374999996,"23.7**2 * Matern(length_scale=18.4, nu=1.5)",0.5240859798296899,0.43229164643881735,0.5240859798295814,0.27261146432849515,0.27261146432849515,0.009365136873088088,-0.41724467754607275,0.41724467754607275,-0.2052524106715019,0.2052524106715019,False,0.21998361227037222,0.21998361227037222,0.007302206651258048,-0.3769055942135182,0.3769055942135182,-0.13841429397962912,0.13841429397962912,False,0.36334037032332844,0.36334037032332844,0.011621855774827316,0.30603757469789983,0.30603757469789983,-0.11452350467666861,0.11452350467666861,True,moderate_method_sensitivity
viola,D4,62.0,low,28.901251,31.843993,32.579785,True,30.49630350621917,31.170367508674197,32.37686187724385,30.372622,31.108307500000002,32.211889,30.73124498549334,31.408307577430005,32.35904313950666,30.64849075,31.3152090625,32.48775775,"25.7**2 * Matern(length_scale=29.3, nu=1.5)",0.35142903448865387,0.32779866613291964,0.35142903448881563,0.12368150621917096,0.12368150621917096,0.004072137934590269,-0.23494147927416975,0.23494147927416975,-0.15218724378082982,0.15218724378082982,False,0.06206000867419448,0.06206000867419448,0.001994965771577077,-0.2379400687558082,0.2379400687558082,-0.14484155382580255,0.14484155382580255,False,0.1649728772438479,0.1649728772438479,0.005121490305764058,0.017818737737187007,0.017818737737187007,-0.11089587275615287,0.11089587275615287,True,stable_across_methods
viola,D#4,63.0,low,25.057926,25.965219,27.597261,True,25.56931359446539,25.864178394716546,26.80621028245985,25.5115725,25.738395750000002,26.78124,25.433906991834746,25.68499466268909,26.677718258165253,25.420978875,25.67045053125,26.690646375,"27.8**2 * Matern(length_scale=81.1, nu=1.5)",0.23008699837954244,0.21984444803472955,0.23008699838003654,0.057741094465391996,0.057741094465391996,0.0022633294935226747,0.13540660263064552,0.13540660263064552,0.14833471946539234,0.14833471946539234,False,0.1257826447165442,0.1257826447165442,0.004886965214859757,0.1791837320274574,0.1791837320274574,0.19372786346654536,0.19372786346654536,False,0.02497028245985078,0.02497028245985078,0.0009323796231933539,0.12849202429459794,0.12849202429459794,0.11556390745985112,0.11556390745985112,True,stable_across_methods
viola,E4,64.0,middle,24.469596,25.804941,25.64157,False,25.14303613620669,25.370217237668463,25.72745174195094,25.137268499999998,25.47110475,25.7232555,25.397856375,25.694013796875,25.784519625,25.324607999999998,25.611609375,25.910595,"20.6**2 * Matern(length_scale=44.8, nu=1.5)",0.2558652629629604,0.25327180260476123,0.2558652629629604,0.005767636206691407,0.005767636206691407,0.0002294456220130444,-0.25482023879331095,0.25482023879331095,-0.1815718637933088,0.1815718637933088,False,-0.10088751233153559,0.10088751233153559,0.003960861270908778,-0.3237965592065386,0.3237965592065386,-0.24139213733153753,0.24139213733153753,False,0.004196241950939594,0.004196241950939594,0.00016313028305999582,-0.05706788304906141,0.05706788304906141,-0.18314325804906062,0.18314325804906062,False,moderate_method_sensitivity
viola,F4,65.0,middle,21.810552,24.001593,21.808005,False,23.269698827105817,23.74612925019765,23.2683539228631,22.9060725,23.45383275,22.904799,23.453991937499996,23.864712632812502,23.4530368125,23.454151125,23.864891718750002,23.452877625,"17.1**2 * Matern(length_scale=13.7, nu=1.5)",0.5662762408405783,0.45869276059283376,0.5662762408405281,0.3636263271058162,0.3636263271058162,0.01587466935267127,-0.1842931103941794,0.1842931103941794,-0.1844522978941825,0.1844522978941825,False,0.29229650019765074,0.29229650019765074,0.012462632581774966,-0.11858338261485102,0.11858338261485102,-0.11876246855235095,0.11876246855235095,False,0.36355492286309854,0.36355492286309854,0.01587243454365605,-0.18468288963689972,0.18468288963689972,-0.18452370213690017,0.18452370213690017,False,moderate_method_sensitivity
viola,F#4,66.0,middle,25.873573,25.398039,25.292314,True,25.578993024565456,25.549692104918847,25.461423343460392,25.635806000000002,25.5169225,25.3451765,25.574874866509703,25.465709771698418,25.3235528209903,25.589579875000002,25.48225290625,25.298950375000004,"25.5**2 * Matern(length_scale=479, nu=1.5)",0.19604421134504607,0.18617829388007937,0.19604421134504607,-0.05681297543454633,0.05681297543454633,0.002216157176199037,0.00411815805575344,0.00411815805575344,-0.01058685043454588,0.01058685043454588,False,0.032769604918847506,0.032769604918847506,0.0012842302953597756,0.0839823332204297,0.0839823332204297,0.06743919866884696,0.06743919866884696,False,0.1162468434603916,0.1162468434603916,0.00458654700867408,0.13787052247009157,0.13787052247009157,0.1624729684603885,0.1624729684603885,False,stable_across_methods
viola,G4,67.0,middle,27.673068,28.849485,28.750069,False,28.200995816956052,28.319863631193687,28.659687236337376,28.2612765,28.55538075,28.799777,28.4880681875,28.750716726562505,28.837058000000003,28.420755625000005,28.674990093749997,28.959256125000003,"27.6**2 * Matern(length_scale=179, nu=1.5)",0.21165837089738995,0.1932790136101289,0.21165837089738995,-0.06028068304394907,0.06028068304394907,0.0021329780713885685,-0.2870723705439495,0.2870723705439495,-0.21975980804395334,0.21975980804395334,False,-0.23551711880631387,0.23551711880631387,0.008247731692609768,-0.43085309536881766,0.43085309536881766,-0.35512646255631,0.35512646255631,False,-0.1400897636626226,0.1400897636626226,0.004864265569230713,-0.17737076366262627,0.17737076366262627,-0.2995688886626269,0.2995688886626269,False,moderate_method_sensitivity
viola,G#4,68.0,middle,24.768451,24.239879,24.437272,False,24.480506969328818,24.480506376654436,24.480504587647985,24.504165,24.372021999999998,24.338575499999997,24.392720687500002,24.280676757812497,24.268528562500002,24.413419374999997,24.30396278125,24.247829874999997,"24.5**2 * Matern(length_scale=1e+05, nu=1.5)",0.18256960126821992,0.18256923200681094,0.1825696012675972,-0.023658030671182217,0.023658030671182217,0.0009654697750844486,0.08778628182881576,0.08778628182881576,0.06708759432882161,0.06708759432882161,False,0.10848437665443811,0.10848437665443811,0.004451184914178976,0.19982961884193884,0.19982961884193884,0.17654359540443565,0.17654359540443565,False,0.14192908764798773,0.14192908764798773,0.005831445954919906,0.2119760251479832,0.2119760251479832,0.232674712647988,0.232674712647988,False,stable_across_methods
viola,A4,69.0,middle,24.759862,23.720184,25.210832,False,24.103369485240414,23.909275722314643,24.33497783008164,24.240023,23.9801035,24.465508,23.951917875,23.774594265625,24.121031625,23.923732249999997,23.7428854375,24.14921725,"24.7**2 * Matern(length_scale=25.8, nu=1.5)",0.38204276377654556,0.3465772278677109,0.38204276377654556,-0.13665351475958687,0.13665351475958687,0.005637515886828443,0.15145161024041442,0.15145161024041442,0.17963723524041697,0.17963723524041697,False,-0.07082777768535564,0.07082777768535564,0.0029536060044676473,0.13468145668964127,0.13468145668964127,0.1663902848146428,0.1663902848146428,False,-0.13053016991835875,0.13053016991835875,0.0053352732311284425,0.21394620508164053,0.21394620508164053,0.18576058008164154,0.18576058008164154,False,stable_across_methods
viola,A#4,70.0,middle,25.492095,24.069045,24.143632,False,24.86321924992582,24.70135938095142,24.247598651608588,24.780569999999997,24.4248075,24.1063385,24.5090864375,24.189590226562498,24.078368375,24.593365374999998,24.28440403125,23.919133875,"24.8**2 * Matern(length_scale=121, nu=1.5)",0.21626405315713973,0.19892511260843987,0.21626405315687688,0.08264924992582223,0.08264924992582223,0.0033352441015611117,0.35413281242582073,0.35413281242582073,0.2698538749258219,0.2698538749258219,False,0.2765518809514198,0.2765518809514198,0.011322581803415228,0.5117691543889222,0.5117691543889222,0.41695534970142134,0.41695534970142134,False,0.14126015160858785,0.14126015160858785,0.005859875883207558,0.16923027660858736,0.16923027660858736,0.3284647766085875,0.3284647766085875,False,moderate_method_sensitivity
viola,B4,71.0,middle,25.122749,23.829076,22.659019,True,24.46867548065634,24.17199158950182,23.276467510265814,24.4759125,24.15249425,23.2440475,24.460072853132854,24.14046914727446,23.22898314686715,24.4604605,24.140905250000003,23.2285955,"25.3**2 * Matern(length_scale=80.1, nu=1.5)",0.22779122497940574,0.21640659181831393,0.22779122497940574,-0.007237019343659057,0.007237019343659057,0.0002956792456117441,0.008602627523487172,0.008602627523487172,0.008214980656340742,0.008214980656340742,False,0.01949733950181809,0.01949733950181809,0.0008072598755227149,0.03152244222735945,0.03152244222735945,0.031086339501815274,0.031086339501815274,False,0.032420010265813204,0.032420010265813204,0.001394766133816118,0.04748436339866302,0.04748436339866302,0.047872010265813,0.047872010265813,True,stable_across_methods
viola,C5,72.0,middle,19.733222,21.219404,20.753225,False,20.564242421664897,20.85568249081711,21.084090596157104,20.476313,20.8478585,20.9863145,20.784108312500003,21.1026113046875,21.161131625,20.720358125000004,21.03089234375,21.230359625000002,"16.1**2 * Matern(length_scale=26, nu=1.5)",0.3064241354501524,0.29744758119498393,0.3064241354501524,0.08792942166489581,0.08792942166489581,0.004294201874375324,-0.21986589083510566,0.21986589083510566,-0.15611570333510727,0.15611570333510727,False,0.007823990817108495,0.007823990817108495,0.00037528990409775153,-0.24692881387039023,0.24692881387039023,-0.17520985293289115,0.17520985293289115,False,0.09777609615710503,0.09777609615710503,0.004659040831447801,-0.07704102884289554,0.07704102884289554,-0.14626902884289805,0.14626902884289805,False,moderate_method_sensitivity
viola,C#5,73.0,middle,19.036104,19.077857,19.993445,True,19.17983627377574,19.272323079598277,19.553577972670254,19.0569805,19.06741875,19.535651,19.046997498706837,19.060102217295192,19.376570813793165,18.947751125,18.985496718750003,19.426421625,"19.6**2 * Matern(length_scale=161, nu=1.5)",0.20900406520090717,0.19166376783857791,0.20900406520090717,0.12285577377573986,0.12285577377573986,0.00644675969394731,0.13283877506890462,0.13283877506890462,0.2320851487757416,0.2320851487757416,True,0.20490432959827487,0.20490432959827487,0.010746306686020354,0.21222086230308435,0.21222086230308435,0.2868263608482735,0.2868263608482735,True,0.017926972670252894,0.017926972670252894,0.0009176542245893363,0.17700715887708895,0.17700715887708895,0.12715634767025463,0.12715634767025463,True,moderate_method_sensitivity
viola,D5,74.0,middle,19.258799,22.256718,21.755176,False,21.005666847306546,21.698179884047914,22.31413228007496,20.7577585,21.50723825,22.005947,21.3512146875,22.0108392265625,22.19402525,21.195191124999997,21.83531271875,22.443379625,"16.4**2 * Matern(length_scale=15.5, nu=1.5)",0.4786915994658254,0.4047886516925732,0.4786915994658254,0.2479083473065451,0.2479083473065451,0.011942924728917387,-0.3455478401934542,0.3455478401934542,-0.18952427769345093,0.18952427769345093,False,0.1909416340479133,0.1909416340479133,0.008878017336694232,-0.3126593425145856,0.3126593425145856,-0.13713283470208637,0.13713283470208637,False,0.30818528007496226,0.30818528007496226,0.014004636113817881,0.12010703007496204,0.12010703007496204,-0.1292473449250373,0.1292473449250373,True,moderate_method_sensitivity
viola,D#5,75.0,middle,20.40943,17.841416,19.84689,False,18.829308439879448,18.2102626092909,18.531328188340193,19.125422999999998,18.4834195,18.844153,18.518578249999997,18.015101406249997,18.30762575,18.553737,18.054655,18.272467,"20.3**2 * Matern(length_scale=13.3, nu=1.5)",0.6832313380743392,0.5325609685681305,0.6832313380742976,-0.29611456012055015,0.29611456012055015,0.015482771812186857,0.31073018987945034,0.31073018987945034,0.275571439879446,0.275571439879446,False,-0.27315689070909954,0.27315689070909954,0.014778482450668803,0.19516120304090379,0.19516120304090379,0.15560760929090023,0.15560760929090023,False,-0.31282481165980514,0.31282481165980514,0.016600630002303905,0.22370243834019377,0.22370243834019377,0.25886118834019456,0.25886118834019456,False,moderate_method_sensitivity
viola,E5,76.0,middle,18.010072,18.312608,17.319927,False,17.985473373148857,17.934505887129284,17.776682251935537,18.161340000000003,18.236974,17.816267500000002,18.274791,18.307880875000002,18.0213036875,18.323242125,18.358400593749998,17.978169625,"17.7**2 * Matern(length_scale=220, nu=1.5)",0.20272405190219392,0.18851427387190342,0.20272405190177334,-0.17586662685114618,0.17586662685114618,0.009683571082923736,-0.2893176268511439,0.2893176268511439,-0.33776875185114363,0.33776875185114363,True,-0.3024681128707165,0.3024681128707165,0.016585433135492572,-0.37337498787071866,0.37337498787071866,-0.4238947066207146,0.4238947066207146,True,-0.03958524806446562,0.03958524806446562,0.002221859773067822,-0.24462143556446492,0.24462143556446492,-0.20148737306446307,0.20148737306446307,True,moderate_method_sensitivity
viola,F5,77.0,middle,16.651982,16.802152,16.566344,False,16.671493618923126,16.671493549389602,16.671493333278065,16.727066999999998,16.7646095,16.684248,16.769961875,16.794773515625,16.737847625,16.77531425,16.8007949375,16.73249525,"16.7**2 * Matern(length_scale=1e+05, nu=1.5)",0.1825634683802114,0.1825632971186101,0.1825634683802114,-0.05557338107687215,0.05557338107687215,0.003322362556261188,-0.09846825607687393,0.09846825607687393,-0.103820631076875,0.103820631076875,False,-0.09311595061039668,0.09311595061039668,0.005554316705700582,-0.12327996623539761,0.12327996623539761,-0.12930138811039882,0.12930138811039882,False,-0.012754666721935592,0.012754666721935592,0.000764473575430885,-0.06635429172193597,0.06635429172193597,-0.06100191672193489,0.06100191672193489,False,stable_across_methods
viola,F#5,78.0,middle,12.531367,13.652936,14.12684,True,13.085189492296475,13.283977600252118,13.829895967340022,13.0921515,13.37254375,13.889888,13.18954166240462,13.4517483858302,13.954414087595378,13.173109625,13.43326234375,13.970846125000001,"13.2**2 * Matern(length_scale=57.8, nu=1.5)",0.22315223766087333,0.2098633996000824,0.22315223766093703,-0.00696200770352462,0.00696200770352462,0.0005317695646528853,-0.1043521701081449,0.1043521701081449,-0.08792013270352506,0.08792013270352506,False,-0.0885661497478818,0.0885661497478818,0.00662298448250594,-0.16777078557808167,0.16777078557808167,-0.14928474349788168,0.14928474349788168,False,-0.05999203265997721,0.05999203265997721,0.004319115651614845,-0.12451812025535602,0.12451812025535602,-0.14095015765997942,0.14095015765997942,True,moderate_method_sensitivity
viola,G5,79.0,high,14.792816,15.64713,14.877306,False,15.103543878008683,15.103543937542028,15.103544109314534,15.219973,15.4335515,15.262218,15.428270875,15.591755140624999,15.459954625000002,15.422990249999998,15.5858144375,15.46523525,"15.1**2 * Matern(length_scale=1e+05, nu=1.5)",0.18256103745513377,0.1825608968908624,0.1825610374552116,-0.11642912199131672,0.11642912199131672,0.0076497587736401845,-0.324726996991318,0.324726996991318,-0.3194463719913152,0.3194463719913152,False,-0.3300075624579719,0.3300075624579719,0.021382477160747603,-0.4882112030829706,0.4882112030829706,-0.48227049995797167,0.48227049995797167,False,-0.158673890685467,0.158673890685467,0.010396515806907423,-0.356410515685468,0.356410515685468,-0.3616911406854655,0.3616911406854655,False,moderate_method_sensitivity
viola,G#5,80.0,high,14.792406,14.906419,15.985028,True,14.964424733378028,15.089566009881663,15.47936173767058,14.8494125,14.87791575,15.4457235,14.8236341209501,14.859603792318861,15.2763885040499,14.728838,14.787484874999999,15.325149,"15.6**2 * Matern(length_scale=96.8, nu=1.5)",0.21383293744913723,0.19664339696179847,0.2138329374492037,0.11501223337802813,0.11501223337802813,0.0077452379599548555,0.1407906124279279,0.1407906124279279,0.23558673337802816,0.23558673337802816,True,0.21165025988166342,0.21165025988166342,0.01422580040363943,0.229962217562802,0.229962217562802,0.3020811348816643,0.3020811348816643,True,0.03363823767057994,0.03363823767057994,0.0021778350279661515,0.2029732336206802,0.2029732336206802,0.15421273767057997,0.15421273767057997,True,moderate_method_sensitivity
viola,A5,81.0,high,14.04204,13.786681,13.801758,False,13.874424520098271,13.874424382877923,13.874423964977042,13.9143605,13.85052075,13.7942195,13.865538375,13.808272546875001,13.788565625,13.880555999999999,13.825167375,13.760414999999998,"13.9**2 * Matern(length_scale=1e+05, nu=1.5)",0.1825585414910808,0.18255842287203738,0.18255854149123651,-0.03993597990172937,0.03993597990172937,0.002870126866536868,0.00888614509827157,0.00888614509827157,-0.006131479901727133,0.006131479901727133,False,0.023903632877923187,0.023903632877923187,0.001725829180677065,0.06615183600292163,0.06615183600292163,0.04925700787792309,0.04925700787792309,False,0.08020446497704192,0.08020446497704192,0.005814353249710281,0.08585833997704206,0.08585833997704206,0.11400896497704416,0.11400896497704416,False,stable_across_methods
viola,A#5,82.0,high,15.881904,15.353862,15.606682,False,15.612014916148402,15.612014716639235,15.61201411110137,15.617882999999999,15.4858725,15.480272,15.503073875,15.393315140625,15.399865625,15.520275250000001,15.412666687500002,15.382664249999998,"15.6**2 * Matern(length_scale=1e+05, nu=1.5)",0.1825619046349632,0.1825617544474436,0.1825619046349632,-0.005868083851597206,0.005868083851597206,0.0003757285063281116,0.10894104114840175,0.10894104114840175,0.0917396661484009,0.0917396661484009,False,0.12614221663923608,0.12614221663923608,0.008145631874422063,0.2186995760142345,0.2186995760142345,0.19934802913923377,0.19934802913923377,False,0.1317421111013708,0.1317421111013708,0.008510322757983245,0.21214848610136983,0.21214848610136983,0.22934986110137245,0.22934986110137245,False,moderate_method_sensitivity
viola,B5,83.0,high,15.870649,15.369059,14.994514,True,15.571718665633327,15.491933512715624,15.249727687951985,15.619854,15.4944565,15.181786500000001,15.602821980521338,15.481250712461506,15.167057269478661,15.603973375,15.482546031250001,15.165905875,"15.5**2 * Matern(length_scale=143, nu=1.5)",0.2074752470199137,0.19098650195378317,0.2074752470200507,-0.04813533436667328,0.04813533436667328,0.003081676331076672,-0.031103314888010658,0.031103314888010658,-0.03225470936667385,0.03225470936667385,False,-0.0025229872843759438,0.0025229872843759438,0.0001628316091226526,0.010682800254118163,0.010682800254118163,0.009387481465623182,0.009387481465623182,False,0.067941187951984,0.067941187951984,0.00447517740761168,0.08267041847332379,0.08267041847332379,0.08382181295198521,0.08382181295198521,True,stable_across_methods
viola,C6,84.0,high,14.487888,15.265473,14.817148,False,14.854592259459544,14.854592479121415,14.854593131401593,14.876680499999999,15.07107675,15.0413105,15.050498,15.20915690625,15.1739705,15.029919249999999,15.186005812500001,15.19454925,"14.9**2 * Matern(length_scale=1e+05, nu=1.5)",0.182560580742737,0.18256044477335587,0.18256058074265918,-0.022088240540455217,0.022088240540455217,0.0014847559938156378,-0.1959057405404554,0.1959057405404554,-0.17532699054045509,0.17532699054045509,False,-0.2164842708785848,0.2164842708785848,0.014364220584211728,-0.3545644271285848,0.3545644271285848,-0.33141333337858647,0.33141333337858647,False,-0.1867173685984067,0.1867173685984067,0.012413637003132586,-0.31937736859840626,0.31937736859840626,-0.3399561185984066,0.3399561185984066,False,moderate_method_sensitivity
viola,C#6,85.0,high,13.235556,13.045763,12.459483,True,13.043532802769848,12.979767639351644,12.78321997019144,13.140659500000002,13.093211250000001,12.752623,13.176504014639733,13.115743235219698,12.81484392286027,13.190220374999999,13.130381906250001,12.802183875,"12.9**2 * Matern(length_scale=139, nu=1.5)",0.20525355349696792,0.18994829547547362,0.20525355349703714,-0.09712669723015388,0.09712669723015388,0.007391310704775043,-0.1329712118698847,0.1329712118698847,-0.14668757223015128,0.14668757223015128,True,-0.11344361064835695,0.11344361064835695,0.00866430766924019,-0.13597559586805374,0.13597559586805374,-0.15061426689835677,0.15061426689835677,True,0.03059697019144103,0.03059697019144103,0.0023992687772108555,-0.03162395266882889,0.03162395266882889,-0.018963904808559917,0.018963904808559917,True,moderate_method_sensitivity
viola,D6,86.0,high,13.773281,12.818772,12.963706,False,13.3225905452444,13.251632485828406,13.041488534742449,13.2960265,13.05739925,12.891238999999999,13.1079976875,12.8974032265625,12.83688875,13.158596125,12.954326468749999,12.753808625000001,"13.3**2 * Matern(length_scale=136, nu=1.5)",0.2060944099477265,0.19036487087847767,0.20609440994779546,0.026564045244400702,0.026564045244400702,0.001997893524384951,0.2145928577444014,0.2145928577444014,0.16399442024439992,0.16399442024439992,False,0.19423323582840624,0.19423323582840624,0.014875338657382805,0.35422925926590665,0.35422925926590665,0.297306017078407,0.297306017078407,False,0.15024953474244995,0.15024953474244995,0.011655166329819031,0.20459978474244878,0.20459978474244878,0.2876799097424474,0.2876799097424474,False,moderate_method_sensitivity
viola,D#6,87.0,high,12.95992,11.626786,13.087609,False,12.141310581376102,11.85840914749846,12.208296081538476,12.293353,11.9600695,12.3571975,11.9520889375,11.7071141640625,11.999972312499999,11.944108375,11.698136031249998,12.007952875,"13**2 * Matern(length_scale=14.6, nu=1.5)",0.4334951429981919,0.3774394145727523,0.43349514299812636,-0.152042418623898,0.152042418623898,0.012367855915623508,0.18922164387610252,0.18922164387610252,0.19720220637610097,0.19720220637610097,False,-0.10166035250153982,0.10166035250153982,0.008499980079675944,0.15129498343596026,0.15129498343596026,0.16027311624846163,0.16027311624846163,False,-0.1489014184615236,0.1489014184615236,0.012049772487776748,0.20832376903847738,0.20832376903847738,0.20034320653847537,0.20034320653847537,False,moderate_method_sensitivity
viola,E6,88.0,high,12.670427,12.871103,14.053261,True,12.874757579221967,13.023709780056846,13.499754305268205,12.770765,12.820934,13.462181999999999,12.727876493713634,12.79149780542784,13.295958131286364,12.64807975,12.7289200625,13.339496749999999,"13.7**2 * Matern(length_scale=70.9, nu=1.5)",0.2181555534771601,0.20254655889937598,0.2181555534771601,0.10399257922196625,0.10399257922196625,0.008143018779373533,0.14688108550833334,0.14688108550833334,0.22667782922196622,0.22667782922196622,True,0.2027757800568466,0.2027757800568466,0.015815991257489243,0.23221197462900633,0.23221197462900633,0.2947897175568457,0.2947897175568457,True,0.03757230526820621,0.03757230526820621,0.0027909521107504125,0.20379617398184102,0.20379617398184102,0.16025755526820618,0.16025755526820618,True,moderate_method_sensitivity
viola,F6,89.0,high,9.387436,9.44332,9.899582,True,9.544332232970563,9.559041422558604,9.602793192603292,9.415378,9.429349,9.671451000000001,9.40293147810585,9.420585787869085,9.601841146894149,9.36533075,9.391813562500001,9.621403749999999,"9.59**2 * Matern(length_scale=271, nu=1.5)",0.19029783893816532,0.18463185951773953,0.19029783893812796,0.1289542329705622,0.1289542329705622,0.01369612913794456,0.14140075486471204,0.14140075486471204,0.17900148297056262,0.17900148297056262,True,0.12969242255860358,0.12969242255860358,0.013754122639707532,0.13845563468951916,0.13845563468951916,0.16722786005860257,0.16722786005860257,True,-0.06865780739670946,0.06865780739670946,0.007099018275200841,0.000952045709142979,0.000952045709142979,-0.01861055739670725,0.01861055739670725,True,moderate_method_sensitivity
viola,F#6,90.0,high,9.88243,10.040066,11.125468,True,10.067764638203492,10.198316001404764,10.612516424973547,9.961248,10.000657,10.582767,9.926836656647664,9.976722613728622,10.423517718352333,9.84527725,9.9136789375,10.46679625,"10.7**2 * Matern(length_scale=63.4, nu=1.5)",0.21651250618154566,0.20075765981215424,0.21651250618154566,0.10651663820349278,0.10651663820349278,0.010693101728166269,0.1409279815558282,0.1409279815558282,0.22248738820349168,0.22248738820349168,True,0.1976590014047641,0.1976590014047641,0.019764601606150886,0.22159338767614223,0.22159338767614223,0.2846370639047642,0.2846370639047642,True,0.029749424973546823,0.029749424973546823,0.002811119716946128,0.18899870662121465,0.18899870662121465,0.1457201749735475,0.1457201749735475,True,moderate_method_sensitivity
viola,G6,91.0,high,9.281458,9.163951,9.955476,False,9.370725399240088,9.416968134044764,9.556564053650114,9.2227045,9.193327750000002,9.5597135,9.178639375000001,9.165787046875,9.403958375000002,9.1090755,9.108106000000001,9.446084500000001,"9.55**2 * Matern(length_scale=132, nu=1.5)",0.20123489905149033,0.1883453467299414,0.20123489905152564,0.14802089924008754,0.14802089924008754,0.016049619635985033,0.19208602424008703,0.19208602424008703,0.26164989924008886,0.26164989924008886,True,0.22364038404476183,0.22364038404476183,0.024326379971035168,0.25118108716976373,0.25118108716976373,0.30886213404476237,0.30886213404476237,True,-0.0031494463498873415,0.0031494463498873415,0.0003294498679157426,0.15260567865011154,0.15260567865011154,0.1104795536501122,0.1104795536501122,True,moderate_method_sensitivity
viola,G#6,92.0,high,8.310348,7.540008,8.672392,False,8.170171361998191,8.170171435449289,8.170171652137507,7.925178,7.732593,8.106200000000001,7.70996525,7.57966884375,7.845731750000001,7.6873375,7.554212625,7.8683595,"8.17**2 * Matern(length_scale=1e+05, nu=1.5)",0.1825286953559227,0.1825286542161222,0.18252869535596164,0.24499336199819144,0.24499336199819144,0.030913294565521613,0.4602061119981915,0.4602061119981915,0.48283386199819134,0.48283386199819134,False,0.4375784354492893,0.4375784354492893,0.05658883578241986,0.5905025916992885,0.5905025916992885,0.615958810449289,0.615958810449289,False,0.06397165213750533,0.06397165213750533,0.007891694275678533,0.32443990213750595,0.32443990213750595,0.3018121521375061,0.3018121521375061,False,high_method_sensitivity
viola,A6,93.0,high,4.840236,5.167004,8.97425,True,4.709743014213187,4.83080532009237,7.003072000744911,5.00362,5.085312,7.070627,4.928385242635366,5.031307397964786,6.452426132364635,4.568560250000001,4.7590171875,6.63556725,"7.34**2 * Matern(length_scale=6.57, nu=1.5)",0.6780110677056501,0.532263994244826,0.6780110677056553,-0.2938769857868131,0.2938769857868131,0.058732874556183944,-0.21864222842217895,0.21864222842217895,0.14118276421318576,0.14118276421318576,True,-0.2545066799076299,0.2545066799076299,0.050047407102578934,-0.20050207787241625,0.20050207787241625,0.0717881325923706,0.0717881325923706,True,-0.06755499925508879,0.06755499925508879,0.009554315233300921,0.5506458683802764,0.5506458683802764,0.36750475074491096,0.36750475074491096,True,high_method_sensitivity
viola,A#6,94.0,high,4.634487,3.97419,7.699865,False,3.9893659349359765,3.826793525454908,5.7465028155964655,4.3043385,4.13926425,5.8370275,4.056727125,3.9845071406250003,5.0971948750000005,3.756092,3.728079375,5.288781,"6.07**2 * Matern(length_scale=4.64, nu=1.5)",0.880738227576971,0.6699414584735469,0.880738227576971,-0.3149725650640236,0.3149725650640236,0.0731756029559533,-0.06736119006402363,0.06736119006402363,0.23327393493597626,0.23327393493597626,False,-0.31247072454509217,0.31247072454509217,0.07548943620719363,-0.1577136151700924,0.1577136151700924,0.09871415045490783,0.09871415045490783,True,-0.09052468440353412,0.09052468440353412,0.015508695890765312,0.649307940596465,0.649307940596465,0.4577218155964653,0.4577218155964653,True,high_method_sensitivity
cello,C2,36.0,low,55.940286,55.76308,47.941502,True,56.64123112924074,56.46125143173338,52.44492779922194,55.851683,55.807381500000005,51.852291,55.89500303936686,55.839503481787716,53.264441460633144,56.8072295,56.52404137500001,52.8078375,"41.9**2 * Matern(length_scale=16.6, nu=1.5)",0.9783522029522346,0.7247153726196423,0.978352202952467,0.7895481292407354,0.7895481292407354,0.014136514547658937,0.746228089873874,0.746228089873874,-0.1659983707592616,0.1659983707592616,True,0.6538699317333752,0.6538699317333752,0.011716549211924145,0.6217479499456644,0.6217479499456644,-0.06278994326662968,0.06278994326662968,True,0.5926367992219355,0.5926367992219355,0.011429327186757004,-0.8195136614112073,0.8195136614112073,-0.3629097007780615,0.3629097007780615,True,moderate_method_sensitivity
cello,C#2,37.0,low,36.515007,39.345083,43.116535,True,37.899414119067046,38.6594963124716,41.22603976205787,37.930045,38.637564,41.230809,37.82076299673046,38.55874874632176,41.10474700326955,37.812373,38.549310000000006,41.113137,"46.6**2 * Matern(length_scale=57.8, nu=1.5)",0.29250007013849666,0.28783669693741865,0.29250007014005136,-0.03063088093295363,0.03063088093295363,0.0008075624727825561,0.07865112233658778,0.07865112233658778,0.08704111906704526,0.08704111906704526,False,0.021932312471605542,0.021932312471605542,0.000567642216564314,0.10074756614984182,0.10074756614984182,0.1101863124715976,0.1101863124715976,False,-0.004769237942127802,0.004769237942127802,0.00011567170418916112,0.12129275878832146,0.12129275878832146,0.11290276205787109,0.11290276205787109,True,stable_across_methods
cello,D2,38.0,low,49.338377,56.975982,52.901083,False,54.150646914920046,55.954209692191014,56.050013951176695,53.1571795,55.06658075,54.9385325,54.843911625,56.415130765625,56.179926375,54.62124250000001,56.164628,56.402595500000004,"40.3**2 * Matern(length_scale=12.2, nu=1.5)",1.4378715860587366,1.0384403067035088,1.4378715860587366,0.9934674149200475,0.9934674149200475,0.018689242436575243,-0.6932647100799514,0.6932647100799514,-0.4705955850799626,0.4705955850799626,False,0.8876289421910144,0.8876289421910144,0.016119194802030893,-0.4609210734339868,0.4609210734339868,-0.21041830780898607,0.21041830780898607,False,1.1114814511766937,1.1114814511766937,0.020231364046294716,-0.12991242382330626,0.12991242382330626,-0.3525815488233093,0.3525815488233093,False,moderate_method_sensitivity
cello,D#2,39.0,low,43.278219,51.761317,48.405684,False,48.484671982205676,50.515365695519705,51.232263363991564,47.519768,49.640542499999995,50.0835005,49.32007593749999,51.1109484140625,51.2428753125,48.999609375,50.75042353125,51.563341875000006,"36.5**2 * Matern(length_scale=11.2, nu=1.5)",1.4750257162262785,1.064958172730815,1.4750257162261242,0.9649039822056764,0.9649039822056764,0.020305317614464708,-0.8354039552943178,0.8354039552943178,-0.514937392794323,0.514937392794323,False,0.8748231955197099,0.8748231955197099,0.01762315944713356,-0.5955827185427935,0.5955827185427935,-0.23505783573029504,0.23505783573029504,False,1.1487628639915641,1.1487628639915641,0.02293695234005387,-0.0106119485084335,0.0106119485084335,-0.33107851100844243,0.33107851100844243,False,moderate_method_sensitivity
cello,E2,40.0,low,43.637559,39.599764,49.971628,False,40.50031880205982,39.499108340192485,43.91890478631739,41.6186615,40.60921275,44.785696,40.2133334375,39.703671445312494,42.5886093125,39.817454125,39.25830721875,42.984488625,"47.4**2 * Matern(length_scale=10.1, nu=1.5)",2.212642935775729,1.5785042597094827,2.2126429357759343,-1.1183426979401787,1.1183426979401787,0.026871183686197564,0.2869853645598255,0.2869853645598255,0.6828646770598255,0.6828646770598255,False,-1.1101044098075121,1.1101044098075121,0.02733627013755671,-0.20456310512000897,0.20456310512000897,0.24080112144248744,0.24080112144248744,True,-0.8667912136826104,0.8667912136826104,0.019354197681389396,1.3302954738173938,1.3302954738173938,0.9344161613173938,0.9344161613173938,True,moderate_method_sensitivity
cello,F2,41.0,low,37.125793,42.346691,41.688626,False,40.200276937046,41.44262579043687,42.59231132735447,39.736242000000004,41.0414665,42.017658499999996,40.75628943750001,41.9134434765625,42.264432875,40.471112375000004,41.59261928125001,42.752528875,"31.3**2 * Matern(length_scale=16.6, nu=1.5)",0.7485839105657597,0.5738262098806503,0.7485839105658356,0.4640349370459944,0.4640349370459944,0.011677876761622158,-0.5560125004540097,0.5560125004540097,-0.27083543795400544,0.27083543795400544,False,0.4011592904368726,0.4011592904368726,0.00977448723565647,-0.4708176861256277,0.4708176861256277,-0.14999349081313795,0.14999349081313795,False,0.5746528273544769,0.5746528273544769,0.013676460037735727,0.32787845235447577,0.32787845235447577,-0.1602175476455301,0.1602175476455301,True,moderate_method_sensitivity
cello,F#2,42.0,low,29.508163,35.658031,33.0995,False,33.28124709285658,34.748603138301036,35.21060931362029,32.583097,34.120564,34.3787655,33.896105437500005,35.1894922890625,35.2428568125,33.67164687500001,34.93697640625,35.467315375,"25.1**2 * Matern(length_scale=10.7, nu=1.5)",1.0990935563274606,0.8087306893721842,1.0990935563274606,0.6981500928565794,0.6981500928565794,0.021426756727777576,-0.614858344643423,0.614858344643423,-0.39039978214342597,0.39039978214342597,False,0.628039138301034,0.628039138301034,0.018406470019107363,-0.44088915076146407,0.44088915076146407,-0.18837326794896114,0.18837326794896114,False,0.8318438136202886,0.8318438136202886,0.024196442237586702,-0.032247498879712566,0.032247498879712566,-0.25670606137970964,0.25670606137970964,False,moderate_method_sensitivity
cello,G2,43.0,low,33.503111,35.662553,32.370163,False,35.070853388538694,35.52544325603678,34.47543408500709,34.582831999999996,35.1226925,34.016358,35.193501749999996,35.55414134375,34.76864625,35.264311,35.63380175,34.69783700000001,"25.7**2 * Matern(length_scale=15.6, nu=1.5)",0.6828058436450503,0.5318002305674612,0.6828058436452168,0.4880213885386979,0.4880213885386979,0.014111666405420411,-0.12264836146130165,0.12264836146130165,-0.19345761146130513,0.19345761146130513,False,0.4027507560367809,0.4027507560367809,0.011466967005356463,-0.02869808771321658,0.02869808771321658,-0.10835849396322317,0.10835849396322317,False,0.45907608500709074,0.45907608500709074,0.013495744753365154,-0.2932121649929158,0.2932121649929158,-0.22240291499291942,0.22240291499291942,False,moderate_method_sensitivity
cello,G#2,44.0,low,37.719418,38.258636,36.283501,False,38.16650840115804,38.223929478756595,37.43284315447398,37.989027,38.1238315,37.2710685,38.19123375,38.250210718750004,37.6751074375,38.303321125000004,38.35955209375,37.585362625,"29.2**2 * Matern(length_scale=31, nu=1.5)",0.36070778910766316,0.33363430378214015,0.36070778910766316,0.17748140115804034,0.17748140115804034,0.0046719122645083894,-0.024725348841961647,0.024725348841961647,-0.1368127238419632,0.1368127238419632,False,0.10009797875659388,0.10009797875659388,0.002625601226796784,-0.026281239993409145,0.026281239993409145,-0.13562261499340167,0.13562261499340167,False,0.1617746544739802,0.1617746544739802,0.004340488775468839,-0.24226428302602443,0.24226428302602443,-0.15251947052602333,0.15251947052602333,True,stable_across_methods
cello,A2,45.0,low,38.358832,42.377036,46.197316,True,40.37057132106628,41.37133338964487,44.318318526090046,40.367934,41.372485,44.287176,40.39298685240909,41.39139177146022,44.311604147590906,40.3926745,41.391040374999996,44.311916499999995,"51.6**2 * Matern(length_scale=62.1, nu=1.5)",0.29200536750855205,0.28750461801580296,0.29200536750855205,0.0026373210662811175,0.0026373210662811175,6.533207932516729e-05,-0.022415531342808492,0.022415531342808492,-0.022103178933718937,0.022103178933718937,False,-0.0011516103551301171,0.0011516103551301171,2.7835174878427468e-05,-0.020058381815353243,0.020058381815353243,-0.01970698535512838,0.01970698535512838,False,0.031142526090043532,0.031142526090043532,0.0007031951210897604,0.006714378499140139,0.006714378499140139,0.006402026090050583,0.006402026090050583,True,stable_across_methods
cello,A#2,46.0,low,39.990459,44.809193,41.561706,False,43.09599549166109,44.210746033314564,43.92821768481208,42.399826000000004,43.6045095,43.185449500000004,43.5063065625,44.4711960234375,44.095524187500004,43.408103625,44.360717718749996,44.193727125,"31.9**2 * Matern(length_scale=13.6, nu=1.5)",0.9907714363694349,0.7341022007293249,0.9907714363694923,0.6961694916610881,0.6961694916610881,0.01641915916497129,-0.41031107083890817,0.41031107083890817,-0.31210813333890997,0.31210813333890997,False,0.606236533314565,0.606236533314565,0.013903069665640087,-0.260449990122936,0.260449990122936,-0.14997168543543182,0.14997168543543182,False,0.7427681848120784,0.7427681848120784,0.017199501068341973,-0.16730650268792147,0.16730650268792147,-0.26550944018791967,0.26550944018791967,False,moderate_method_sensitivity
cello,B2,47.0,low,39.671898,48.168476,39.660019,False,45.386722829516856,47.37455968661643,45.380195433628174,43.920187,46.0443315,43.9142475,46.0450739375,47.6377182890625,46.0406193125,46.045816375,47.63855353125,46.039876875,"32.5**2 * Matern(length_scale=7.91, nu=1.5)",2.159482824439152,1.5470319418581913,2.1594828244392046,1.4665358295168573,1.4665358295168573,0.03339092862962668,-0.6583511079831439,0.6583511079831439,-0.6590935454831452,0.6590935454831452,False,1.3302281866164307,1.3302281866164307,0.028890161791499367,-0.2631586024460688,0.2631586024460688,-0.2639938446335677,0.2639938446335677,False,1.465947933628172,1.465947933628172,0.03338205746615997,-0.6604238788718249,0.6604238788718249,-0.6596814413718235,0.6596814413718235,False,moderate_method_sensitivity
cello,C3,48.0,low,43.408145,50.044144,45.540925,False,47.682931767218555,49.23633713969568,48.82402726230842,46.726144500000004,48.38514425,47.7925345,48.2518455,49.57940703125001,49.051638000000004,48.11854674999999,49.429445937500006,49.18493675,"35.1**2 * Matern(length_scale=11.5, nu=1.5)",1.3709767651414777,0.9932377005472272,1.3709767651416436,0.9567872672185516,0.9567872672185516,0.020476486503579413,-0.5689137327814464,0.5689137327814464,-0.43561498278143773,0.43561498278143773,False,0.8511928896956746,0.8511928896956746,0.017592029596887573,-0.3430698915543289,0.3430698915543289,-0.193108797804328,0.193108797804328,False,1.0314927623084174,1.0314927623084174,0.02158271732394559,-0.22761073769158457,0.22761073769158457,-0.36090948769157905,0.36090948769157905,False,moderate_method_sensitivity
cello,C#3,49.0,low,31.23202,33.596358,37.102895,True,32.37520949340396,33.027416533578865,35.33841802484077,32.414189,33.0052735,35.3496265,32.28530279742534,32.9138171002285,35.19296295257467,32.271414125,32.898192343750004,35.206851625,"38.9**2 * Matern(length_scale=50.1, nu=1.5)",0.29613876980925724,0.29055146321303826,0.2961387698088733,-0.03897950659604277,0.03897950659604277,0.0012025445583735805,0.08990669597861967,0.08990669597861967,0.10379536840395787,0.10379536840395787,False,0.022143033578863935,0.022143033578863935,0.0006708938066780127,0.11359943335036604,0.11359943335036604,0.12922418982886086,0.12922418982886086,False,-0.011208475159229181,0.011208475159229181,0.00031707478321529593,0.14545507226610255,0.14545507226610255,0.13156639984077145,0.13156639984077145,True,stable_across_methods
cello,D3,50.0,low,34.895777,36.547773,39.888884,True,35.64251611193267,36.12837341669561,38.17204548644224,35.721775,36.134774,38.2183285,35.546348727623595,36.016596709201536,37.97147602237641,35.510635625,35.976419468749995,38.007189125,"39.5**2 * Matern(length_scale=44.6, nu=1.5)",0.3201897880020525,0.30782611824964495,0.32018978800240755,-0.07925888806732928,0.07925888806732928,0.002218783586967033,0.09616738430907645,0.09616738430907645,0.13188048693267262,0.13188048693267262,False,-0.00640058330439075,0.00640058330439075,0.00017713085197075675,0.11177670749407298,0.11177670749407298,0.15195394794561423,0.15195394794561423,False,-0.046283013557761876,0.046283013557761876,0.0012110161635604205,0.2005694640658291,0.2005694640658291,0.16485636144224003,0.16485636144224003,True,stable_across_methods
cello,D#3,51.0,low,35.021959,40.989612,42.111432,True,38.35386913864272,39.799419333860826,42.05179548656486,38.0057855,39.49769875,41.550522,38.8185301664222,40.184888077849976,41.7865985210778,38.611514625000005,39.951995593750006,42.156251125,"32**2 * Matern(length_scale=18.5, nu=1.5)",0.6625566189207215,0.5184905547297407,0.6625566189208073,0.34808363864271996,0.34808363864271996,0.009158701341476548,-0.4646610277794778,0.4646610277794778,-0.25764548635728346,0.25764548635728346,False,0.3017205838608277,0.3017205838608277,0.00763894083477022,-0.38546874398915065,0.38546874398915065,-0.15257625988918022,0.15257625988918022,False,0.5012734865648625,0.5012734865648625,0.012064192275727907,0.26519696548706406,0.26519696548706406,-0.10445563843513384,0.10445563843513384,True,stable_across_methods
cello,E3,52.0,low,38.568247,45.253191,43.628214,False,42.57683384626291,44.17682126887656,45.25999354950187,41.910719,43.581955,44.4407025,43.2657070625,44.71678902343751,45.050068875,42.949459125,44.36101009375,45.479442625,"32.7**2 * Matern(length_scale=13.4, nu=1.5)",1.0421778305937044,0.7686616595715634,1.0421778305938136,0.6661148462629072,0.6661148462629072,0.015893663057007137,-0.6888732162370914,0.6888732162370914,-0.3726252787370896,0.3726252787370896,False,0.594866268876558,0.594866268876558,0.013649370912263068,-0.5399677545609478,0.5399677545609478,-0.1841888248734378,0.1841888248734378,False,0.8192910495018708,0.8192910495018708,0.018435600776154942,0.20992467450187036,0.20992467450187036,-0.21944907549812598,0.21944907549812598,True,moderate_method_sensitivity
cello,F3,53.0,middle,35.32023,38.725976,39.800058,True,37.16107332707588,37.95404393609603,39.44952180973285,37.023103000000006,37.874539500000004,39.263017000000005,37.39041013149701,38.17846327293414,39.467157118502996,37.314561000000005,38.09313300000001,39.554475,"31.6**2 * Matern(length_scale=31.9, nu=1.5)",0.3682324617042742,0.3382895496067834,0.3682324617044286,0.13797032707587675,0.13797032707587675,0.003726600849093517,-0.22933680442113058,0.22933680442113058,-0.1534876729241219,0.1534876729241219,False,0.07950443609602331,0.07950443609602331,0.0020991525480071726,-0.22441933683811044,0.22441933683811044,-0.13908906390398101,0.13908906390398101,False,0.18650480973284544,0.18650480973284544,0.0047501395456402504,-0.01763530877014574,0.01763530877014574,-0.10495319026714611,0.10495319026714611,True,stable_across_methods
cello,F#3,54.0,middle,30.483404,32.159566,31.439367,False,31.469556064089513,31.814576711421566,31.95838596188015,31.321485,31.740525499999997,31.7994665,31.6807778125,32.0324004921875,32.039263937499996,31.621030124999997,31.96518434375,32.099011624999996,"24.4**2 * Matern(length_scale=28.6, nu=1.5)",0.34813349615671974,0.3256965945471798,0.3481334961565565,0.14807106408951398,0.14807106408951398,0.0047274598918127285,-0.21122174841048746,0.21122174841048746,-0.1514740609104841,0.1514740609104841,False,0.07405121142156901,0.07405121142156901,0.002333017814136978,-0.2178237807659329,0.2178237807659329,-0.150607632328434,0.150607632328434,False,0.15891946188014927,0.15891946188014927,0.004997551197286573,-0.08087797561984544,0.08087797561984544,-0.14062566311984526,0.14062566311984526,False,stable_across_methods
cello,G3,55.0,middle,29.855956,28.739644,33.723259,False,28.80879837678705,28.572436186948753,30.84794239723025,29.2978,29.018721999999997,31.2314515,28.879182999999998,28.757086375,30.227254187499998,28.535309124999998,28.44685384375,30.468960625,"32.4**2 * Matern(length_scale=14.8, nu=1.5)",0.8978476148854359,0.6718691936174149,0.8978476148854359,-0.4890016232129497,0.4890016232129497,0.016690728423736586,-0.07038462321294858,0.07038462321294858,0.2734892517870513,0.2734892517870513,False,-0.4462858130512437,0.4462858130512437,0.015379237343782532,-0.184650188051247,0.184650188051247,0.1255823431987544,0.1255823431987544,True,-0.38350910276975014,0.38350910276975014,0.012279579857815772,0.6206882097302504,0.6206882097302504,0.3789817722302473,0.3789817722302473,True,moderate_method_sensitivity
cello,G#3,56.0,middle,24.620403,23.184715,24.44934,False,23.752210367799176,23.45333185927583,23.66410647172857,23.902559,23.543637,23.817027500000002,23.5543284375,23.2784547890625,23.4901798125,23.565019875,23.290482656250003,23.479488375000003,"24.3**2 * Matern(length_scale=24, nu=1.5)",0.40421881546572974,0.3599305867896994,0.40421881546587035,-0.15034863220082428,0.15034863220082428,0.006290064264701712,0.19788193029917522,0.19788193029917522,0.187190492799175,0.187190492799175,False,-0.09030514072416906,0.09030514072416906,0.0038356495525380834,0.17487707021333065,0.17487707021333065,0.16284920302582861,0.16284920302582861,False,-0.1529210282714324,0.1529210282714324,0.006420659684397324,0.1739266592285702,0.1739266592285702,0.18461809672856688,0.18461809672856688,False,stable_across_methods
cello,A3,57.0,middle,28.061126,30.469872,29.434419,False,29.52604447132664,30.06140892952885,30.238501841496483,29.265499,29.8676855,29.9521455,29.781854687499997,30.2871388203125,30.296839562499997,29.696023875,30.190579156249996,30.382670375,"22.5**2 * Matern(length_scale=20, nu=1.5)",0.4589465536145039,0.39276244735103183,0.4589465536145039,0.2605454713266404,0.2605454713266404,0.008902820051919854,-0.25581021617335864,0.25581021617335864,-0.16997940367336284,0.16997940367336284,False,0.19372342952884836,0.19372342952884836,0.00648605428528596,-0.2257298907836507,0.2257298907836507,-0.12917022672114697,0.12917022672114697,False,0.28635634149648226,0.28635634149648226,0.009560461753782622,-0.05833772100351453,0.05833772100351453,-0.14416853350351744,0.14416853350351744,False,stable_across_methods
cello,A#3,58.0,middle,29.53158,32.065616,32.312727,True,30.930750062234516,31.497567250786574,32.352503045299514,30.798598,31.432107,32.1891715,31.201996650843853,31.778730872824333,32.24546016165615,31.084463624999998,31.646506218749998,32.475037125,"25.1**2 * Matern(length_scale=29.1, nu=1.5)",0.3492212134293589,0.3264008268061154,0.34922121342919615,0.1321520622345176,0.1321520622345176,0.004290846688362814,-0.2712465886093369,0.2712465886093369,-0.15371356276548198,0.15371356276548198,False,0.06546025078657536,0.06546025078657536,0.002082591879270943,-0.28116362203775935,0.28116362203775935,-0.14893896796342432,0.14893896796342432,False,0.16333154529951344,0.16333154529951344,0.00507411460712847,0.10704288364336634,0.10704288364336634,-0.12253407970048613,0.12253407970048613,True,stable_across_methods
cello,B3,59.0,middle,31.007174,33.043154,31.378385,False,32.32191826231085,32.75949596111877,32.51458541517054,32.025164000000004,32.534159,32.2107695,32.510958312499994,32.907204992187495,32.6501624375,32.487757625,32.881104218750004,32.673363125,"24.2**2 * Matern(length_scale=20.1, nu=1.5)",0.48320489603491273,0.40738611770320177,0.4832048960347951,0.29675426231084856,0.29675426231084856,0.009266283923193916,-0.18904005018914205,0.18904005018914205,-0.16583936268914812,0.16583936268914812,False,0.22533696111877077,0.22533696111877077,0.006926165238166161,-0.14770903106872169,0.14770903106872169,-0.12160825763123029,0.12160825763123029,False,0.30381591517053863,0.30381591517053863,0.009432122233855315,-0.13557702232946411,0.13557702232946411,-0.15877770982946515,0.15877770982946515,False,stable_across_methods
cello,C4,60.0,middle,32.13304,29.713103,33.581535,False,30.452114979391858,29.878082102420255,31.215675684815324,30.9230715,30.31808725,31.647319000000003,30.227556312500003,29.8303999609375,30.770741937500002,30.137025374999997,29.72855265625,30.861272875,"33.2**2 * Matern(length_scale=14.9, nu=1.5)",0.9098728409894082,0.6797925769425768,0.9098728409894082,-0.47095652060814075,0.47095652060814075,0.015229939904518888,0.22455866689185555,0.22455866689185555,0.3150896043918614,0.3150896043918614,False,-0.44000514757974685,0.44000514757974685,0.014512958682106399,0.04768214148275618,0.04768214148275618,0.14952944617025565,0.14952944617025565,False,-0.43164331518467947,0.43164331518467947,0.013639174780798317,0.4449337473153214,0.4449337473153214,0.3544028098153227,0.3544028098153227,False,moderate_method_sensitivity
cello,C#4,61.0,middle,30.851691,30.217607,30.727582,False,30.59787132041267,30.597870975264716,30.597869926140962,30.534649,30.376128,30.4725945,30.3838848125,30.260146054687503,30.337343937500002,30.391641625000002,30.268872468750004,30.329587125000003,"30.6**2 * Matern(length_scale=1e+05, nu=1.5)",0.18257170503789846,0.18257112819080162,0.18257170503820982,0.06322232041266673,0.06322232041266673,0.002070510796199646,0.2139865079126686,0.2139865079126686,0.20622969541266656,0.20622969541266656,False,0.2217429752647142,0.2217429752647142,0.007299909167643559,0.3377249205772124,0.3377249205772124,0.3289985065147114,0.3289985065147114,False,0.12527542614096276,0.12527542614096276,0.004111084999374201,0.26052598864096055,0.26052598864096055,0.26828280114095904,0.26828280114095904,False,moderate_method_sensitivity
cello,D4,62.0,middle,27.408065,32.600012,30.544124,False,30.584321148403674,31.816106446002085,32.26031663998722,30.0040385,31.30202525,31.572068,31.1060215625,32.20201392968751,32.2820436875,30.910017875,31.981509781249997,32.478047375,"23.1**2 * Matern(length_scale=11.6, nu=1.5)",0.9166983974450852,0.685760431739987,0.9166983974450231,0.5802826484036743,0.5802826484036743,0.019340151440069453,-0.5217004140963262,0.5217004140963262,-0.32569672659632687,0.32569672659632687,False,0.5140811960020848,0.5140811960020848,0.016423256702921635,-0.3859074836854255,0.3859074836854255,-0.1654033352479125,0.1654033352479125,False,0.688248639987215,0.688248639987215,0.02179928916874292,-0.021727047512783315,0.021727047512783315,-0.21773073501278617,0.21773073501278617,False,moderate_method_sensitivity
cello,D#4,63.0,middle,25.017513,23.730312,22.106301,True,24.355873095917982,24.01390908508884,22.927716740505243,24.373912500000003,24.05211225,22.9183065,24.413578317263998,24.080948325671997,22.962843182736005,24.41601375,24.0836881875,22.96040775,"24.7**2 * Matern(length_scale=66.4, nu=1.5)",0.23592268137201008,0.22833771280345092,0.23592268137249195,-0.018039404082021093,0.018039404082021093,0.000740111136528495,-0.057705221346015634,0.057705221346015634,-0.060140654082019296,0.060140654082019296,False,-0.038203164911159604,0.038203164911159604,0.0015883496848040698,-0.06703924058315636,0.06703924058315636,-0.06977910241116092,0.06977910241116092,False,0.009410240505243195,0.009410240505243195,0.00041059929559992555,-0.03512644223076222,0.03512644223076222,-0.03269100949475856,0.03269100949475856,True,stable_across_methods
cello,E4,64.0,middle,25.374612,26.362058,25.998147,False,25.832964847327958,25.872531569488146,25.989395242620354,25.868335000000002,26.1151965,26.1801025,26.0762255625,26.285728523437502,26.3100511875,26.037254625,26.241886218750004,26.349022124999998,"25.8**2 * Matern(length_scale=396, nu=1.5)",0.1992011860353318,0.1871286612844585,0.19920118603561715,-0.03537015267204424,0.03537015267204424,0.0013673146212171846,-0.24326071517204184,0.24326071517204184,-0.2042897776720416,0.2042897776720416,False,-0.24266493051185378,0.24266493051185378,0.00929209667297942,-0.41319695394935607,0.41319695394935607,-0.369354649261858,0.369354649261858,False,-0.19070725737964622,0.19070725737964622,0.00728443509262984,-0.3206559448796469,0.3206559448796469,-0.3596268823796436,0.3596268823796436,False,moderate_method_sensitivity
cello,F4,65.0,middle,23.812493,27.377078,25.174546,False,26.068239550526915,26.890542885389866,26.79338697227557,25.5947855,26.48593175,26.275812000000002,26.4008034375,27.1223683203125,26.9115733125,26.315675125000002,27.02659896875,26.996701625000004,"19.3**2 * Matern(length_scale=12.1, nu=1.5)",0.7311606677597952,0.5637063115020398,0.7311606677596786,0.47345405052691447,0.47345405052691447,0.018498066745935984,-0.3325638869730838,0.3325638869730838,-0.24743557447308717,0.24743557447308717,False,0.40461113538986737,0.40461113538986737,0.015276454655587768,-0.23182543492263363,0.23182543492263363,-0.13605608336013475,0.13605608336013475,False,0.5175749722755683,0.5175749722755683,0.019697772699681676,-0.11818634022442964,0.11818634022442964,-0.2033146527244334,0.2033146527244334,False,moderate_method_sensitivity
cello,F#4,66.0,middle,23.406723,25.293875,23.627172,False,24.62996290266602,25.031814658577414,24.74504768275323,24.350299,24.822087,24.4605235,24.8083089375,25.1707612265625,24.8909773125,24.794530875,25.155260906249996,24.904755375,"18.3**2 * Matern(length_scale=17, nu=1.5)",0.47050969046683094,0.39978784985557164,0.4705096904669518,0.2796639026660195,0.2796639026660195,0.011485029513026492,-0.17834603483398226,0.17834603483398226,-0.16456797233398035,0.16456797233398035,False,0.20972765857741393,0.20972765857741393,0.008449235496492053,-0.1389465679850872,0.1389465679850872,-0.12344624767258239,0.12344624767258239,False,0.28452418275323055,0.28452418275323055,0.01163197438326414,-0.14592962974676738,0.14592962974676738,-0.15970769224676928,0.15970769224676928,False,stable_across_methods
cello,G4,67.0,middle,26.705474,27.900364,24.397454,False,27.731907777997964,27.94594646359725,26.5157553791016,27.302919,27.6016415,26.148909,27.74589275,27.87977759375,26.88038525,27.890144,28.04206025,26.736134,"20.2**2 * Matern(length_scale=14.5, nu=1.5)",0.6074153268663307,0.48427194843560095,0.6074153268662371,0.4289887779979651,0.4289887779979651,0.015712194655742306,-0.013984972002035079,0.013984972002035079,-0.15823622200203502,0.15823622200203502,False,0.34430496359724927,0.34430496359724927,0.012474075630510935,0.06616886984724957,0.06616886984724957,-0.09611378640274992,0.09611378640274992,True,0.3668463791015988,0.3668463791015988,0.014029127528861674,-0.36462987089840126,0.36462987089840126,-0.22037862089840132,0.22037862089840132,True,moderate_method_sensitivity
cello,G#4,68.0,high,23.661194,26.39996,25.565962,False,25.29612206788021,25.918149735456808,26.289803274666127,25.030577,25.7152685,25.982961,25.5962205,26.184144125,26.29571025,25.4771725,26.050215124999998,26.429556500000004,"19.4**2 * Matern(length_scale=17.4, nu=1.5)",0.4781272257553978,0.4043857463540352,0.4781272257553978,0.2655450678802076,0.2655450678802076,0.010608827270749995,-0.3000984321197926,0.3000984321197926,-0.18105043211979321,0.18105043211979321,False,0.20288123545680747,0.20288123545680747,0.007889524290084993,-0.26599438954319155,0.26599438954319155,-0.13206538954318958,0.13206538954318958,False,0.3068422746661277,0.3068422746661277,0.011809365170741229,-0.005906975333871856,0.005906975333871856,-0.13975322533387668,0.13975322533387668,False,moderate_method_sensitivity
cello,A4,69.0,high,24.484158,24.394897,23.141183,True,24.33305216428645,24.190303672215638,23.7154068248433,24.4395275,24.41721225,23.76804,24.460359564140063,24.43228010340757,23.97670049835994,24.585084124999998,24.52637971875,23.913596625,"22.7**2 * Matern(length_scale=107, nu=1.5)",0.21742390952519625,0.20070097576401869,0.21742390952545768,-0.10647533571355083,0.10647533571355083,0.004356685525673556,-0.1273073998536134,0.1273073998536134,-0.2520319607135484,0.2520319607135484,True,-0.2269085777843607,0.2269085777843607,0.009292976424217335,-0.24197643119193302,0.24197643119193302,-0.3360760465343624,0.3360760465343624,True,-0.05263317515669996,0.05263317515669996,0.0022144516399627383,-0.26129367351664,0.26129367351664,-0.19818980015670107,0.19818980015670107,True,moderate_method_sensitivity
cello,A#4,70.0,high,23.062029,22.203401,23.208422,False,22.82315645534844,22.82315668666308,22.823157370419274,22.632714999999997,22.418058,22.7059115,22.4089084375,22.253634164062497,22.4638058125,22.399758875000003,22.24334090625,22.472955374999998,"22.8**2 * Matern(length_scale=1e+05, nu=1.5)",0.1825687727983993,0.18256845184158374,0.18256877279808795,0.19044145534844148,0.19044145534844148,0.008414432618819329,0.4142480178484398,0.4142480178484398,0.42339758034843555,0.42339758034843555,False,0.4050986866630808,0.4050986866630808,0.01807019531589582,0.5695225226005824,0.5695225226005824,0.5798157804130781,0.5798157804130781,False,0.11724587041927492,0.11724587041927492,0.005163671602405168,0.3593515579192754,0.3593515579192754,0.3502019954192761,0.3502019954192761,False,moderate_method_sensitivity
cello,B4,71.0,high,24.662608,24.188591,24.804567,False,24.55056380859487,24.550564068028855,24.550564835340975,24.425599499999997,24.30709525,24.496578999999997,24.2982228125,24.2148898984375,24.3514574375,24.289350374999998,24.20490840625,24.360329874999998,"24.6**2 * Matern(length_scale=1e+05, nu=1.5)",0.18256963298907494,0.18256926161333448,0.18256963298845222,0.12496430859487262,0.12496430859487262,0.005116120429096229,0.25234099609486904,0.25234099609486904,0.2612134335948717,0.2612134335948717,False,0.24346881802885534,0.24346881802885534,0.010016368287726824,0.33567416959135343,0.33567416959135343,0.3456556617788564,0.3456556617788564,False,0.05398583534097767,0.05398583534097767,0.0022038112073109344,0.19910739784097586,0.19910739784097586,0.19023496034097676,0.19023496034097676,False,moderate_method_sensitivity
cello,C5,72.0,high,19.519031,18.605971,18.344225,True,19.07102289453301,18.94472407952806,18.56975254647481,19.062500999999997,18.834236,18.475098000000003,18.958518666067633,18.747786218076083,18.42424070893237,18.981086750000003,18.773175312499998,18.39368375,"19.2**2 * Matern(length_scale=124, nu=1.5)",0.21255256648785695,0.19480892134142952,0.21255256648799067,0.00852189453301122,0.00852189453301122,0.00044705018155861195,0.11250422846537589,0.11250422846537589,0.0899361445330058,0.0899361445330058,False,0.11048807952806072,0.11048807952806072,0.005866342522630635,0.19693786145197834,0.19693786145197834,0.17154876702806376,0.17154876702806376,False,0.09465454647480698,0.09465454647480698,0.005123358288806206,0.1455118375424398,0.1455118375424398,0.17606879647480866,0.17606879647480866,True,moderate_method_sensitivity
cello,C#5,73.0,high,17.603872,18.687587,16.895725,False,18.360161014516176,18.5583139731692,17.990867555102156,18.1457295,18.41665825,17.791656,18.460917437499997,18.6364520078125,18.1953623125,18.505176625,18.68624359375,18.151103125,"13.5**2 * Matern(length_scale=16.2, nu=1.5)",0.4014811974050196,0.35808772696814634,0.40148119740498417,0.21443151451617481,0.21443151451617481,0.011817188970891184,-0.10075642298382093,0.10075642298382093,-0.14501561048382428,0.14501561048382428,False,0.1416557231691975,0.1416557231691975,0.00769171699046962,-0.07813803464330249,0.07813803464330249,-0.12792962058080093,0.12792962058080093,False,0.19921155510215627,0.19921155510215627,0.011196909107401598,-0.20449475739784262,0.20449475739784262,-0.16023556989784282,0.16023556989784282,False,stable_across_methods
cello,D5,74.0,high,20.732172,20.250356,19.715251,True,20.437626210134926,20.336534648132186,20.028647157268008,20.491264,20.37081,19.9828035,20.497750595862474,20.375609498470283,19.989639154137528,20.497925125000002,20.375805843749998,19.989464625000004,"20.3**2 * Matern(length_scale=155, nu=1.5)",0.20995557477338592,0.1923150799700497,0.20995557477325055,-0.053637789865074836,0.053637789865074836,0.0026175930320879587,-0.06012438572754775,0.06012438572754775,-0.06029891486507566,0.06029891486507566,False,-0.034275351867812276,0.034275351867812276,0.0016825718696415251,-0.03907485033809621,0.03907485033809621,-0.03927119561781112,0.03927119561781112,False,0.04584365726800854,0.04584365726800854,0.00229415543559784,0.03900800313047981,0.03900800313047981,0.03918253226800417,0.03918253226800417,True,stable_across_methods
cello,D#5,75.0,high,17.020979,18.006603,17.415438,False,17.479099113460524,17.47909947700297,17.479100559727556,17.513790999999998,17.760196999999998,17.7110205,17.7355433125,17.9357563671875,17.8834654375,17.710889625,17.90802096875,17.908119125,"17.5**2 * Matern(length_scale=1e+05, nu=1.5)",0.18256447902538875,0.18256429076955757,0.18256447902538875,-0.034691886539473415,0.034691886539473415,0.0019808325073351293,-0.2564441990394748,0.2564441990394748,-0.23179051153947583,0.23179051153947583,False,-0.2810975229970296,0.2810975229970296,0.015827387669012323,-0.4566568901845329,0.4566568901845329,-0.4289214917470332,0.4289214917470332,False,-0.23191994027244434,0.23191994027244434,0.013094668388670452,-0.40436487777244423,0.40436487777244423,-0.4290185652724432,0.4290185652724432,False,moderate_method_sensitivity
cello,E5,76.0,high,18.499672,19.790989,15.964334,False,19.619597481557506,19.856559313162688,18.257592011806874,19.1453305,19.468159749999998,17.8776615,19.626618375,19.769703671875003,18.675866625,19.785077,19.947969625,18.517408,"14**2 * Matern(length_scale=10.3, nu=1.5)",0.6754974090565565,0.5284951187053072,0.6754974090565775,0.4742669815575056,0.4742669815575056,0.0247719401635561,-0.007020893442494014,0.007020893442494014,-0.16547951844249553,0.16547951844249553,False,0.38839956316268953,0.38839956316268953,0.01995050216098055,0.0868556412876842,0.0868556412876842,-0.0914103118373113,0.0914103118373113,True,0.37993051180687587,0.37993051180687587,0.021251689534835184,-0.41827461319312675,0.41827461319312675,-0.25981598819312524,0.25981598819312524,True,moderate_method_sensitivity
cello,F5,77.0,high,16.721475,17.01077,16.93639,False,16.887571018408277,16.88757120419712,16.887571753957204,16.866122500000003,16.938446250000002,16.97358,16.9250140625,16.9876519921875,17.001472500000002,16.911581875000003,16.97254078125,17.019039375,"16.9**2 * Matern(length_scale=1e+05, nu=1.5)",0.18256375261145633,0.18256357688207245,0.182563752611612,0.021448518408273998,0.021448518408273998,0.0012716923174413083,-0.03744304409172372,0.03744304409172372,-0.024010856591726082,0.024010856591726082,False,-0.05087504580288282,0.05087504580288282,0.0030035249427250634,-0.10008078799038245,0.10008078799038245,-0.0849695770528811,0.0849695770528811,False,-0.08600824604279467,0.08600824604279467,0.005067183590191031,-0.11390074604279832,0.11390074604279832,-0.13146762104279475,0.13146762104279475,False,stable_across_methods
cello,F#5,78.0,high,16.902298,17.924348,16.436373,False,17.58176190222091,17.76301730440098,17.340304431281535,17.413323,17.6688355,17.1803605,17.6979558125,17.8713899921875,17.523233937499995,17.727076124999996,17.904150343749997,17.494113624999997,"13.1**2 * Matern(length_scale=17.8, nu=1.5)",0.36237577820402583,0.33414462441254067,0.362375778204065,0.16843890222091318,0.16843890222091318,0.00967299017085442,-0.11619391027908677,0.11619391027908677,-0.1453142227790849,0.1453142227790849,False,0.09418180440097856,0.09418180440097856,0.00533039115118699,-0.10837268778652032,0.10837268778652032,-0.14113303934901822,0.14113303934901822,False,0.1599439312815356,0.1599439312815356,0.009309695875213773,-0.1829295062184606,0.1829295062184606,-0.15380919371846247,0.15380919371846247,False,stable_across_methods
cello,G5,79.0,high,15.204808,16.612415,16.843463,True,15.888684064961447,16.130753961945096,16.688064222174013,15.9086115,16.26051325,16.727939,16.108479671487093,16.43021373979798,16.777556641012904,16.055681375,16.37081565625,16.875008875,"14.3**2 * Matern(length_scale=44.5, nu=1.5)",0.23764058132285676,0.23064700632783378,0.23764058132285676,-0.019927435038551877,0.019927435038551877,0.001252619377784911,-0.21979560652564523,0.21979560652564523,-0.16699731003855156,0.16699731003855156,False,-0.12975928805490256,0.12975928805490256,0.007980024127153708,-0.2994597778528849,0.2994597778528849,-0.24006169430490232,0.24006169430490232,False,-0.03987477782598603,0.03987477782598603,0.002383723292270855,-0.08949241883889059,0.08949241883889059,-0.1869446528259857,0.1869446528259857,True,moderate_method_sensitivity
cello,G#5,80.0,high,15.708329,15.15652,14.667928,True,15.388852290593007,15.28455428746241,14.966812149306369,15.4324245,15.29447225,14.912224,15.424282299953877,15.28827557182311,14.904561950046125,15.424522375,15.288545656250001,14.904321874999999,"15.3**2 * Matern(length_scale=114, nu=1.5)",0.21081804706585106,0.19353626716478317,0.21081804706591847,-0.04357220940699236,0.04357220940699236,0.0028234195739621055,-0.03543000936086926,0.03543000936086926,-0.03567008440699304,0.03567008440699304,False,-0.009917962537590697,0.009917962537590697,0.0006484671308348476,-0.0037212843607008494,0.0037212843607008494,-0.003991368787591654,0.003991368787591654,False,0.054588149306368905,0.054588149306368905,0.0036606309901439857,0.06225019926024444,0.06225019926024444,0.06249027430637,0.06249027430637,True,stable_across_methods
cello,A5,81.0,high,15.375056,14.799811,15.14316,False,15.103802684767926,15.103802527743486,15.10380204989012,15.0874335,14.94362225,14.9714855,14.958115750000001,14.841198874999998,14.87115475,14.972609250000001,14.857504062499999,14.85666125,"15.1**2 * Matern(length_scale=1e+05, nu=1.5)",0.18256103793479408,0.18256089736546338,0.1825610379346384,0.01636918476792637,0.01636918476792637,0.0010849548909644818,0.14568693476792482,0.14568693476792482,0.13119343476792444,0.13119343476792444,False,0.16018027774348553,0.16018027774348553,0.01071897262014138,0.26260365274348807,0.26260365274348807,0.24629846524348764,0.24629846524348764,False,0.13231654989012043,0.13231654989012043,0.008837903886699848,0.2326472998901199,0.2326472998901199,0.24714079989012028,0.24714079989012028,False,moderate_method_sensitivity
cello,A#5,82.0,high,14.568753,14.453939,13.841093,True,14.401528871497115,14.345527415152457,14.173369228607351,14.511346,14.4826425,14.147516,14.53552051166891,14.499075013127525,14.23107423833109,14.573599999999999,14.529333000000001,14.20977,"14.2**2 * Matern(length_scale=169, nu=1.5)",0.2036063645464224,0.18904629962750896,0.2036063645464922,-0.10981712850288439,0.10981712850288439,0.00756767349513163,-0.13399164017179466,0.13399164017179466,-0.17207112850288375,0.17207112850288375,True,-0.13711508484754376,0.13711508484754376,0.009467546053666915,-0.15354759797506823,0.15354759797506823,-0.18380558484754417,0.18380558484754417,True,0.025853228607351397,0.025853228607351397,0.0018274040903966038,-0.0577050097237386,0.0577050097237386,-0.036400771392649744,0.036400771392649744,True,moderate_method_sensitivity
cello,B5,83.0,high,12.775905,12.870832,13.373471,True,12.93993360812458,12.972389346674698,13.069264567011398,12.8233685,12.84710025,13.122151500000001,12.803406683082287,12.833542612217574,13.053801441917713,12.7724045,12.80887725,13.0711875,"13**2 * Matern(length_scale=230, nu=1.5)",0.19708614461825055,0.18664433271436964,0.19708614461832263,0.1165651081245791,0.1165651081245791,0.009090053687888568,0.13652692504229336,0.13652692504229336,0.16752910812457955,0.16752910812457955,True,0.12528909667469712,0.12528909667469712,0.009752324978914765,0.1388467344571236,0.1388467344571236,0.16351209667469746,0.16351209667469746,True,-0.05288693298860281,0.05288693298860281,0.004030355310910928,0.015463125093685193,0.015463125093685193,-0.001922932988602355,0.001922932988602355,True,moderate_method_sensitivity
cello,C6,84.0,high,12.848026,12.548691,13.470347,False,12.878696654723235,12.915735458787223,13.027559731792918,12.698358500000001,12.62352475,13.009519000000001,12.586107875,12.553368109375,12.8180000625,12.545734625,12.50905684375,12.856895125,"13**2 * Matern(length_scale=209, nu=1.5)",0.19860321229573882,0.18715397362139138,0.19860321229581038,0.1803381547232341,0.1803381547232341,0.014201690299044093,0.2925887797232356,0.2925887797232356,0.33296202972323563,0.33296202972323563,True,0.29221070878722344,0.29221070878722344,0.023148107566963297,0.3623673494122226,0.3623673494122226,0.40667861503722236,0.40667861503722236,True,0.018040731792916986,0.018040731792916986,0.0013867331907441763,0.20955966929291847,0.20955966929291847,0.1706646067929185,0.1706646067929185,True,moderate_method_sensitivity
double_bass,E1,28.0,low,45.692536,48.759456,51.32876,True,47.23600487905972,47.97031517077927,50.056207317800684,47.225995999999995,47.992726,50.044108,47.290943872984464,48.04246660710753,50.10356412701553,47.288198,48.0393775,50.10631000000001,"52.9**2 * Matern(length_scale=79.7, nu=1.5)",0.2617801040049466,0.26019796879642243,0.2617801040049466,0.010008879059725473,0.010008879059725473,0.0002119357961179998,-0.05493899392474333,0.05493899392474333,-0.052193120940280835,0.052193120940280835,False,-0.022410829220724793,0.022410829220724793,0.0004669630397890879,-0.07215143632825516,0.07215143632825516,-0.06906232922072775,0.06906232922072775,False,0.01209931780068274,0.01209931780068274,0.00024177307347915443,-0.04735680921484686,0.04735680921484686,-0.05010268219932357,0.05010268219932357,True,stable_across_methods
double_bass,F1,29.0,low,43.859157,48.201482,49.472531,True,46.24030415955882,47.27160497810454,49.118728068355445,46.030319500000004,47.11590075,48.8370065,46.51925425161534,47.52198628306726,49.082817123384665,46.414229,47.403832875000006,49.220915999999995,"38.9**2 * Matern(length_scale=29.8, nu=1.5)",0.44688270253149764,0.3854812830996349,0.44688270253175205,0.2099846595588133,0.2099846595588133,0.004561877081014249,-0.2789500920565189,0.2789500920565189,-0.17392484044118106,0.17392484044118106,False,0.15570422810453977,0.15570422810453977,0.003304706598537008,-0.2503813049627155,0.2503813049627155,-0.13222789689546488,0.13222789689546488,False,0.2817215683554437,0.2817215683554437,0.005768608449730507,0.03591094497078018,0.03591094497078018,-0.10218793164455064,0.10218793164455064,True,stable_across_methods
double_bass,F#1,30.0,low,40.629677,41.759047,46.155967,True,40.934734106234814,41.280616130972504,43.771116391296104,41.194362,41.476704500000004,43.957507,40.969719901033066,41.3298605761622,43.42831222396694,40.78591825,41.1703716875,43.549063249999996,"44.6**2 * Matern(length_scale=29.6, nu=1.5)",0.49778187692810866,0.416001262490796,0.4977818769285654,-0.2596278937651846,0.2596278937651846,0.006302510371812157,-0.03498579479825281,0.03498579479825281,0.14881585623481186,0.14881585623481186,False,-0.1960883690274997,0.1960883690274997,0.004727674760840743,-0.049244445189692954,0.049244445189692954,0.11024444347250295,0.11024444347250295,False,-0.18639060870389557,0.18639060870389557,0.004240245214631839,0.3428041673291631,0.3428041673291631,0.22205314129610798,0.22205314129610798,True,stable_across_methods
double_bass,G1,31.0,low,33.355233,37.36637,37.954466,True,35.601658069824886,36.54975046781391,37.978288519859305,35.3608015,36.36358575,37.660418,35.94790939308221,36.86362708284249,37.78864229441779,35.788681624999995,36.68449584375001,38.088298125,"29.1**2 * Matern(length_scale=22.9, nu=1.5)",0.4787606357206358,0.4046469662433149,0.47876063572039834,0.24085656982488501,0.24085656982488501,0.006811400183473924,-0.3462513232573272,0.3462513232573272,-0.18702355517510938,0.18702355517510938,False,0.18616471781390942,0.18616471781390942,0.005119536865637884,-0.3138766150285832,0.3138766150285832,-0.1347453759360988,0.1347453759360988,False,0.31787051985930503,0.31787051985930503,0.008440440567051195,0.1896462254415141,0.1896462254415141,-0.11000960514069646,0.11000960514069646,True,stable_across_methods
double_bass,G#1,32.0,low,30.40499,31.431595,30.68436,False,30.839232562323573,30.839233362886233,30.83923575056465,30.9182925,31.17494375,31.0579775,31.157483125,31.360884453125,31.262246875000002,31.140022500000004,31.34124125,31.2797075,"30.8**2 * Matern(length_scale=1e+05, nu=1.5)",0.1825717679175109,0.18257118193064142,0.18257176791782226,-0.07905993767642627,0.07905993767642627,0.002557060279975884,-0.3182505626764254,0.3182505626764254,-0.3007899376764307,0.3007899376764307,False,-0.33571038711376744,0.33571038711376744,0.010768596402480034,-0.5216510902387661,0.5216510902387661,-0.5020078871137663,0.5020078871137663,False,-0.21874174943534896,0.21874174943534896,0.007043013326780502,-0.4230111244353516,0.4230111244353516,-0.44047174943534984,0.44047174943534984,False,moderate_method_sensitivity
double_bass,A1,33.0,low,32.494237,32.588041,32.968252,True,32.66974957058722,32.67615179514178,32.69530132546825,32.541139,32.564589999999995,32.7781465,32.522328776355174,32.55222262339957,32.73152991114482,32.505338124999994,32.537739343750005,32.742345625,"32.7**2 * Matern(length_scale=1.45e+03, nu=1.5)",0.18623335008936226,0.1835027536123849,0.18623335008936226,0.12861057058722025,0.12861057058722025,0.003952245512587013,0.14742079423204757,0.14742079423204757,0.16441144558722698,0.16441144558722698,True,0.11156179514178177,0.11156179514178177,0.003425862114087166,0.12392917174220486,0.12392917174220486,0.1384124513917726,0.1384124513917726,True,-0.082845174531748,0.082845174531748,0.002527451469281462,-0.03622858567656806,0.03622858567656806,-0.04704429953174838,0.04704429953174838,True,stable_across_methods
double_bass,A#1,34.0,low,43.125778,39.526377,41.366478,False,40.94272515661188,40.07452486394945,40.02743359460516,41.3260775,40.42622725,40.4464275,40.53618349999999,39.79257315624999,39.876446,40.64613974999999,39.916273937499994,39.76648975,"42.5**2 * Matern(length_scale=20.1, nu=1.5)",0.7656454942261564,0.5842681067814832,0.7656454942264532,-0.3833523433881183,0.3833523433881183,0.009276281867983197,0.40654165661188557,0.40654165661188557,0.29658540661188937,0.29658540661188937,False,-0.3517023860505475,0.3517023860505475,0.008699856750806433,0.28195170769945577,0.28195170769945577,0.1582509264494547,0.1582509264494547,False,-0.41899390539484216,0.41899390539484216,0.010359231489476844,0.1509875946051551,0.1509875946051551,0.2609438446051584,0.2609438446051584,False,stable_across_methods
double_bass,B1,35.0,low,41.340508,48.740543,49.027758,True,45.58072493641517,47.37479866669545,49.62177308444998,45.0405255,46.89053425,48.884150500000004,46.340960143747765,48.02010978671624,48.95327148125224,45.929628,47.557361125,49.773253,"36.7**2 * Matern(length_scale=15.8, nu=1.5)",0.9218102948023164,0.6874041714411915,0.9218102948020697,0.5401994364151719,0.5401994364151719,0.011993630856175776,-0.7602352073325918,0.7602352073325918,-0.34890306358482803,0.34890306358482803,False,0.48426441669544573,0.48426441669544573,0.010327551699743018,-0.6453111200207928,0.6453111200207928,-0.18256245830455242,0.18256245830455242,False,0.7376225844499729,0.7376225844499729,0.01508919715092467,0.6685016031977398,0.6685016031977398,-0.15147991555001994,0.15147991555001994,True,moderate_method_sensitivity
double_bass,C2,36.0,low,34.331537,34.52781,38.002027,True,34.18457582565106,34.29458343009566,36.07390829865094,34.4296735,34.47874175,36.2649185,34.38322908840638,34.44489238070719,35.672214286593615,34.0199305,34.1714345,35.8551755,"36.6**2 * Matern(length_scale=26.3, nu=1.5)",0.487770564897373,0.4100177881360635,0.48777056489760606,-0.2450976743489406,0.2450976743489406,0.007118791711717527,-0.1986532627553217,0.1986532627553217,0.16464532565105827,0.16464532565105827,True,-0.18415831990433418,0.18415831990433418,0.005341213471177039,-0.1503089506115245,0.1503089506115245,0.12314893009566674,0.12314893009566674,True,-0.19101020134905866,0.19101020134905866,0.005267079294526986,0.4016940120573267,0.4016940120573267,0.2187327986509402,0.2187327986509402,True,stable_across_methods
double_bass,C#2,37.0,low,27.704072,27.529526,28.011784,False,27.74725797211269,27.747258685938164,27.74726081497581,27.616799,27.573162500000002,27.770654999999998,27.553930500000003,27.533223125,27.6693225,27.5346985,27.511587125000002,27.6885545,"27.7**2 * Matern(length_scale=1e+05, nu=1.5)",0.18257086641983453,0.1825703920393674,0.18257086641983453,0.1304589721126881,0.1304589721126881,0.004723899106217491,0.19332747211268497,0.19332747211268497,0.21255947211268733,0.21255947211268733,True,0.17409618593816134,0.17409618593816134,0.006313972361282872,0.21403556093816434,0.21403556093816434,0.23567156093816166,0.23567156093816166,True,-0.023394185024187664,0.023394185024187664,0.0008424066707892798,0.07793831497581039,0.07793831497581039,0.05870631497581158,0.05870631497581158,True,stable_across_methods
double_bass,D2,38.0,low,29.981785,30.737617,33.128265,True,30.318985915564173,30.595211409480253,31.907398944122637,30.359701,30.548659,31.932941,30.216133564394497,30.45800488494381,31.6755014356055,30.155349,30.395395,31.728589,"32**2 * Matern(length_scale=45.1, nu=1.5)",0.2913933032037647,0.28671106275163855,0.2913933032037647,-0.04071508443582772,0.04071508443582772,0.0013410897701472,0.10285235116967684,0.10285235116967684,0.16363691556417237,0.16363691556417237,False,0.04655240948025252,0.04655240948025252,0.0015238773486015383,0.13720652453644178,0.13720652453644178,0.1998164094802526,0.1998164094802526,False,-0.025542055877362912,0.025542055877362912,0.0007998654391827834,0.23189750851713598,0.23189750851713598,0.17880994412263718,0.17880994412263718,True,stable_across_methods
double_bass,D#2,39.0,low,30.738294,30.263302,30.762622,False,30.586982763861545,30.58698283556153,30.58698303697345,30.500798,30.38205,30.512962,30.380529499999998,30.2924188125,30.389652499999997,30.379009,30.290708249999998,30.391173000000002,"30.6**2 * Matern(length_scale=1e+05, nu=1.5)",0.18257170216975646,0.18257112573425452,0.1825717021700678,0.08618476386154583,0.08618476386154583,0.0028256560323944913,0.2064532638615475,0.2064532638615475,0.20797376386154554,0.20797376386154554,False,0.20493283556152875,0.20493283556152875,0.006745194467178112,0.29456402306152896,0.29456402306152896,0.2962745855615303,0.2962745855615303,False,0.07402103697344842,0.07402103697344842,0.002425888282279787,0.19733053697345326,0.19733053697345326,0.19581003697344812,0.19581003697344812,False,stable_across_methods
double_bass,E2,40.0,low,32.324084,29.425969,31.686857,False,30.514327332248524,29.820223355214765,30.18069444862894,30.875026499999997,30.15049775,30.556413,30.1903244375,29.6220361953125,29.951364312499997,30.230151124999995,29.66684121875,29.911537625,"32.2**2 * Matern(length_scale=17.1, nu=1.5)",0.7396292146294509,0.5679598970859743,0.7396292146296046,-0.3606991677514735,0.3606991677514735,0.011682554110568084,0.3240028947485243,0.3240028947485243,0.2841762072485281,0.2841762072485281,False,-0.3302743947852349,0.3302743947852349,0.01095419377563128,0.19818715990226465,0.19818715990226465,0.15338213646476362,0.15338213646476362,False,-0.37571855137105814,0.37571855137105814,0.012295898454149646,0.2293301361289437,0.2293301361289437,0.2691568236289399,0.2691568236289399,False,moderate_method_sensitivity
double_bass,F2,41.0,low,27.455279,28.625265,28.796328,True,27.999137112365553,28.15755611311103,28.606296662019254,28.040272,28.3327685,28.7107965,28.21164234796934,28.478735625840507,28.748107089530656,28.165137375,28.426417531249996,28.835661875,"27.4**2 * Matern(length_scale=139, nu=1.5)",0.21515339723375565,0.19725744584695,0.21515339723375565,-0.04113488763444906,0.04113488763444906,0.0014669931744759486,-0.2125052356037891,0.2125052356037891,-0.1660002626344479,0.1660002626344479,False,-0.175212386888969,0.175212386888969,0.0061840898777318215,-0.32117951272947565,0.32117951272947565,-0.2688614181389646,0.2688614181389646,False,-0.10449983798074669,0.10449983798074669,0.0036397401228749154,-0.14181042751140183,0.14181042751140183,-0.22936521298074553,0.22936521298074553,False,moderate_method_sensitivity
double_bass,F#2,42.0,low,28.816945,29.647234,28.523662,False,28.99479888807753,28.994798151709276,28.994795929413872,29.2320895,29.43966175,29.085448,29.4579919375,29.6022147578125,29.3480108125,29.476322125000003,29.622836218750003,29.329680625,"29**2 * Matern(length_scale=1e+05, nu=1.5)",0.18257125731235108,0.1825707393180481,0.18257125731235108,-0.23729061192247158,0.23729061192247158,0.008117470081037881,-0.46319304942247186,0.46319304942247186,-0.4815232369224738,0.4815232369224738,False,-0.4448635982907234,0.4448635982907234,0.015111029537923391,-0.6074166061032251,0.6074166061032251,-0.6280380670407268,0.6280380670407268,False,-0.09065207058612756,0.09065207058612756,0.0031167500182953194,-0.35321488308612814,0.35321488308612814,-0.33488469558612977,0.33488469558612977,False,moderate_method_sensitivity
double_bass,G2,43.0,middle,27.01621,26.550696,27.23857,False,26.933920149348317,26.933920636272767,26.93392208500139,26.783453,26.6670745,26.894633,26.653177,26.5745790625,26.736562,26.639279499999997,26.558944374999996,26.750459499999998,"26.9**2 * Matern(length_scale=1e+05, nu=1.5)",0.18257058760112643,0.18257014062350627,0.18257058760112643,0.15046714934831584,0.15046714934831584,0.0056179145141709635,0.2807431493483179,0.2807431493483179,0.29464064934832024,0.29464064934832024,False,0.2668461362727683,0.2668461362727683,0.010006577072140716,0.35934157377276676,0.35934157377276676,0.37497626127277073,0.37497626127277073,False,0.03928908500139272,0.03928908500139272,0.0014608522451818816,0.19736008500139235,0.19736008500139235,0.18346258500139356,0.18346258500139356,False,moderate_method_sensitivity
double_bass,G#2,44.0,middle,22.32278,22.467897,21.365374,False,22.250177188199007,22.157153970716127,21.863124584271286,22.3953385,22.43161775,21.916635499999998,22.449757375,22.465629546875004,22.132428375,22.551293500000003,22.548584,22.072590500000004,"21.5**2 * Matern(length_scale=162, nu=1.5)",0.21005269513944877,0.19230385027623484,0.21005269513944877,-0.1451613118009938,0.1451613118009938,0.006481764577972053,-0.19958018680099343,0.19958018680099343,-0.3011163118009961,0.3011163118009961,True,-0.2744637792838738,0.2744637792838738,0.012235576691024604,-0.30847557615887666,0.30847557615887666,-0.3914300292838746,0.3914300292838746,True,-0.053510915728711694,0.053510915728711694,0.00244156616688322,-0.26930379072871347,0.26930379072871347,-0.20946591572871753,0.20946591572871753,True,moderate_method_sensitivity
double_bass,A2,45.0,middle,35.799729,36.515959,25.111009,False,37.460717308849276,37.43886415663441,31.607697737515977,36.157844,36.3369015,30.813484000000003,36.42643025,36.504767906249995,32.9966765,37.672991499999995,37.47326212500001,32.3286315,"26.4**2 * Matern(length_scale=8.24, nu=1.5)",1.662397655570382,1.1992019978788695,1.6623976555704163,1.3028733088492785,1.3028733088492785,0.03603293683244163,1.034287058849273,1.034287058849273,-0.2122741911507191,0.2122741911507191,True,1.1019626566344058,1.1019626566344058,0.03032626919591385,0.9340962503844139,0.9340962503844139,-0.03439796836560305,0.03439796836560305,True,0.7942137375159746,0.7942137375159746,0.025774876268972846,-1.3889787624840224,1.3889787624840224,-0.7209337624840231,0.7209337624840231,True,moderate_method_sensitivity
double_bass,A#2,46.0,middle,28.707792,29.613193,24.90087,False,29.704099836127302,29.832192348890494,27.68576055429156,29.1604925,29.38684275,27.2570315,29.500017874999998,29.599046109375,28.197179624999997,29.862708000000005,29.913504374999995,27.959246999999998,"21.5**2 * Matern(length_scale=13.1, nu=1.5)",0.7277716089641362,0.5612177801680523,0.7277716089642533,0.5436073361273017,0.5436073361273017,0.018641912036544025,0.20408196112730437,0.20408196112730437,-0.15860816387270305,0.15860816387270305,True,0.44534959889049475,0.44534959889049475,0.015154727667724521,0.23314623951549507,0.23314623951549507,-0.08131202610950083,0.08131202610950083,True,0.4287290542915585,0.4287290542915585,0.015729117614717455,-0.5114190707084383,0.5114190707084383,-0.27348644570843916,0.27348644570843916,True,moderate_method_sensitivity
double_bass,B2,47.0,middle,28.130357,31.876408,32.585356,True,30.205087030656216,31.088534332565192,32.50705431408699,30.0033825,30.93989525,32.230882,30.512425491485565,31.370204412296257,32.37991432101444,30.383020375,31.22462365625,32.610519875,"25.1**2 * Matern(length_scale=22.4, nu=1.5)",0.4418711257862259,0.3824952185887733,0.4418711257860972,0.2017045306562153,0.2017045306562153,0.006722726367809206,-0.30733846082934946,0.30733846082934946,-0.17793334434378494,0.17793334434378494,False,0.1486390825651931,0.1486390825651931,0.004804123652137868,-0.2816700797310645,0.2816700797310645,-0.13608932368480708,0.13608932368480708,False,0.27617231408699183,0.27617231408699183,0.008568562104102265,0.12713999307255364,0.12713999307255364,-0.1034655609130084,0.1034655609130084,True,stable_across_methods
double_bass,C3,48.0,middle,31.438615,34.697354,33.551868,False,33.417966191105826,34.16660407905263,34.52054603626049,33.067984499999994,33.88266925,34.124611,33.75059093749999,34.4441534453125,34.5430608125,33.618512624999994,34.29556534374999,34.675139125,"25.4**2 * Matern(length_scale=18, nu=1.5)",0.5664988262046318,0.4583929562327381,0.5664988262046318,0.34998169110583177,0.34998169110583177,0.01058370192189463,-0.33262474639416695,0.33262474639416695,-0.20054643389416782,0.20054643389416782,False,0.2839348290526331,0.2839348290526331,0.008379942765360292,-0.27754936625986915,0.27754936625986915,-0.12896126469735947,0.12896126469735947,False,0.3959350362604894,0.3959350362604894,0.011602624166484693,-0.022514776239511036,0.022514776239511036,-0.15459308873951016,0.15459308873951016,False,stable_across_methods
double_bass,C#3,49.0,middle,28.026625,26.008411,32.690429,False,26.332216114705812,25.851591956254374,28.837917448811645,27.017518,26.5129645,29.349420000000002,26.26068775,26.039945593749998,27.970403249999997,25.929989,25.697317749999996,28.261891000000002,"30.9**2 * Matern(length_scale=10.8, nu=1.5)",1.3339274985781318,0.9686111109229046,1.3339274985779612,-0.6853018852941872,0.6853018852941872,0.02536509405838787,0.07152836470581292,0.07152836470581292,0.40222711470581274,0.40222711470581274,False,-0.6613725437456246,0.6613725437456246,0.024945250605439638,-0.18835363749562362,0.18835363749562362,0.15427420625437804,0.15427420625437804,True,-0.5115025511883573,0.5115025511883573,0.017428029282635135,0.8675141988116479,0.8675141988116479,0.5760264488116427,0.5760264488116427,True,moderate_method_sensitivity
double_bass,D3,50.0,middle,28.453359,31.625899,33.875396,True,30.065075356261335,30.814627980338866,32.79793173692834,30.039628999999998,30.832764,32.7506475,30.164830503800957,30.93034805115108,32.85620674619904,30.155009374999995,30.919299281249998,32.866027875,"32.3**2 * Matern(length_scale=47.4, nu=1.5)",0.28489676877798414,0.28143581354665664,0.28489676877798414,0.0254463562613374,0.0254463562613374,0.0008470928939014993,-0.09975514753962145,0.09975514753962145,-0.08993401873865992,0.08993401873865992,False,-0.018136019661135094,0.018136019661135094,0.0005882060933990573,-0.11572007081221258,0.11572007081221258,-0.10467130091113219,0.10467130091113219,False,0.04728423692834127,0.04728423692834127,0.0014437649493293614,-0.058275009270701617,0.058275009270701617,-0.0680961380716596,0.0680961380716596,True,stable_across_methods
double_bass,D#3,51.0,middle,30.632268,31.928445,32.315729,True,31.24591894279836,31.454934872892586,32.03965753873135,31.2803565,31.60440075,32.122087,31.424637326924227,31.72411232091476,32.19663411057577,31.393968125000004,31.68960946875,32.235698625,"30.5**2 * Matern(length_scale=121, nu=1.5)",0.21929650956349084,0.2031018785933124,0.21929650956349084,-0.034437557201638214,0.034437557201638214,0.0011009323759349806,-0.17871838412586527,0.17871838412586527,-0.14804918220164254,0.14804918220164254,False,-0.14946587710741355,0.14946587710741355,0.0047292742010751005,-0.26917744802217314,0.26917744802217314,-0.23467459585741324,0.23467459585741324,False,-0.08242946126865291,0.08242946126865291,0.0025661303161482914,-0.15697657184442448,0.15697657184442448,-0.19604108626865013,0.19604108626865013,True,stable_across_methods
double_bass,E3,52.0,middle,32.005419,29.218822,28.027067,True,30.58183715276599,29.957214113028837,28.56889570056824,30.612120500000003,29.91547125,28.6229445,30.372806477420237,29.721001193347764,28.463548022579765,30.41276525,29.7659548125,28.423589249999996,"31.4**2 * Matern(length_scale=41.9, nu=1.5)",0.30163635232830044,0.294547474667348,0.3016363523284889,-0.030283347234014713,0.030283347234014713,0.0009892600296674877,0.20903067534575115,0.20903067534575115,0.16907190276598882,0.16907190276598882,False,0.04174286302883701,0.04174286302883701,0.0013953603698901118,0.23621291968107272,0.23621291968107272,0.19125930052883788,0.19125930052883788,False,-0.054048799431758,0.054048799431758,0.0018883032607549513,0.10534767798847611,0.10534767798847611,0.14530645056824554,0.14530645056824554,True,stable_across_methods
double_bass,F3,53.0,middle,30.230214,33.036176,29.564063,False,32.19096309878744,32.80594709538722,31.83770516853714,31.633195,32.3346855,31.3001195,32.3763199375,32.8764162890625,32.1265133125,32.417954375,32.923255031249994,32.084878875,"23.4**2 * Matern(length_scale=13.1, nu=1.5)",0.7836099788898531,0.5974283517829927,0.7836099788898531,0.5577680987874416,0.5577680987874416,0.01763236684715033,-0.1853568387125577,0.1853568387125577,-0.22699127621255855,0.22699127621255855,False,0.4712615953872188,0.4712615953872188,0.014574491389044708,-0.07046919367527948,0.07046919367527948,-0.11730793586277599,0.11730793586277599,False,0.5375856685371403,0.5375856685371403,0.017175195402597113,-0.2888081439628607,0.2888081439628607,-0.24717370646285985,0.24717370646285985,False,moderate_method_sensitivity
double_bass,F#3,54.0,middle,23.581715,24.482596,25.400805,True,24.065065150359974,24.2799619288774,24.918461652721856,24.032155500000002,24.25737575,24.9417005,24.029999816270223,24.255762855803997,24.939524183729777,24.0299895,24.255751250000003,24.9395345,"25.1**2 * Matern(length_scale=104, nu=1.5)",0.21957789944695866,0.20375749772722956,0.21957789944669978,0.032909650359972176,0.032909650359972176,0.0013694006915015249,0.03506533408975088,0.03506533408975088,0.03507565035997473,0.03507565035997473,False,0.02258617887739689,0.02258617887739689,0.0009311056195927083,0.024199073073400967,0.024199073073400967,0.024210678877395253,0.024210678877395253,False,-0.023238847278143737,0.023238847278143737,0.0009317266590601446,-0.02106253100792088,0.02106253100792088,-0.021072847278144735,0.021072847278144735,True,stable_across_methods
double_bass,G3,55.0,middle,22.896427,24.936973,25.601737,True,23.944228213652803,24.37357994213392,25.303725260021732,23.9167,24.4268365,25.269354999999997,24.132401012923747,24.605010358289217,25.39470861207625,24.08867275,24.555816062499996,25.44132775,"21.2**2 * Matern(length_scale=39.7, nu=1.5)",0.27086018575743886,0.26864867711765483,0.27086018575743886,0.027528213652804112,0.027528213652804112,0.0011510038447111897,-0.18817279927094432,0.18817279927094432,-0.14444453634719778,0.14444453634719778,False,-0.05325655786608152,0.05325655786608152,0.002180247854284427,-0.23143041615529825,0.23143041615529825,-0.18223612036607761,0.18223612036607761,False,0.03437026002173482,0.03437026002173482,0.001360155810139785,-0.09098335205451846,0.09098335205451846,-0.13760248997826707,0.13760248997826707,True,stable_across_methods
double_bass,G#3,56.0,middle,22.000157,19.188369,20.390599,False,20.34936926181333,19.67388191117681,19.50348450240421,20.594263,19.891316000000003,19.789484,19.991913375,19.401829765625003,19.388329125000002,20.092510750000002,19.515001812500003,19.287731750000003,"21.4**2 * Matern(length_scale=15.3, nu=1.5)",0.5979474167641272,0.47822760062715935,0.5979474167640797,-0.24489373818667204,0.24489373818667204,0.01189135722830538,0.3574558868133302,0.3574558868133302,0.2568585118133271,0.2568585118133271,False,-0.21743408882319315,0.21743408882319315,0.010931106258791179,0.27205214555180746,0.27205214555180746,0.15888009867680708,0.15888009867680708,False,-0.28599949759579246,0.28599949759579246,0.014452094738589062,0.11515537740420712,0.11515537740420712,0.21575275240420666,0.21575275240420666,False,moderate_method_sensitivity
double_bass,A3,57.0,middle,21.818441,24.246429,21.116295,False,23.5168031221126,24.045183527868307,23.141672662649896,23.032435,23.639432,22.681362,23.683316124999997,24.111136296875,23.420011375,23.727200249999996,24.1605059375,23.376127249999996,"17**2 * Matern(length_scale=11.4, nu=1.5)",0.7085933385227073,0.5493961365822484,0.7085933385226673,0.48436812211259905,0.48436812211259905,0.021029826942422676,-0.1665130028873989,0.1665130028873989,-0.21039712788739706,0.21039712788739706,False,0.4057515278683077,0.4057515278683077,0.01716418261946005,-0.06595276900669234,0.06595276900669234,-0.11532240963169471,0.11532240963169471,False,0.4603106626498956,0.4603106626498956,0.020294665842813833,-0.27833871235010577,0.27833871235010577,-0.2344545873501005,0.2344545873501005,False,moderate_method_sensitivity
double_bass,A#3,58.0,high,20.329953,21.091049,22.009155,True,20.75532589576003,20.950159378167537,21.533687172284527,20.710501,20.900775000000003,21.550102000000003,20.691792304145512,20.8870875609137,21.52955819585449,20.690874750000003,20.8860553125,21.53047575,"21.7**2 * Matern(length_scale=97.7, nu=1.5)",0.21861467554811972,0.20249917941238021,0.21861467554824973,0.044824895760029904,0.044824895760029904,0.002164355935186208,0.06353359161451877,0.06353359161451877,0.06445114576002808,0.06445114576002808,False,0.04938437816753449,0.04938437816753449,0.0023628012917001635,0.0630718172538387,0.0630718172538387,0.06410406566753579,0.06410406566753579,False,-0.016414827715475866,0.016414827715475866,0.0007617053374260532,0.0041289764300351806,0.0041289764300351806,0.0032114222845258666,0.0032114222845258666,True,stable_across_methods
double_bass,B3,59.0,high,22.951565,24.01,25.000726,True,23.505842652799192,23.752690579177514,24.48135994473508,23.4807825,23.74539125,24.505363000000003,23.489385953833636,23.751896276187843,24.513686796166365,23.489246125,23.751738968750004,24.513826625,"24.7**2 * Matern(length_scale=91.7, nu=1.5)",0.22263123889252423,0.20847154515298633,0.2226312388922689,0.025060152799191826,0.025060152799191826,0.001067262251553662,0.01645669896555546,0.01645669896555546,0.016596527799190852,0.016596527799190852,False,0.007299329177513414,0.007299329177513414,0.0003073998276408022,0.0007943029896715359,0.0007943029896715359,0.000951610427510019,0.000951610427510019,False,-0.024003055264923745,0.024003055264923745,0.0009795021304080966,-0.032326851431285775,0.032326851431285775,-0.032466680264921166,0.032466680264921166,True,stable_across_methods
double_bass,C4,60.0,high,22.204619,24.129324,27.249829,True,23.12830071029475,23.67387364047093,25.679912775460302,23.166971500000002,23.64814775,25.6895765,23.035210550059364,23.555969806316785,25.522387449940634,23.0174965,23.536041500000003,25.5401015,"28**2 * Matern(length_scale=40.2, nu=1.5)",0.29576691677548217,0.2900251127695454,0.29576691677548217,-0.03867078970525384,0.03867078970525384,0.0016692207570270388,0.09309016023538419,0.09309016023538419,0.11080421029474863,0.11080421029474863,False,0.025725890470930324,0.025725890470930324,0.0010878606960213332,0.11790383415414496,0.11790383415414496,0.13783214047092684,0.13783214047092684,False,-0.009663724539699103,0.009663724539699103,0.0003761729797180231,0.1575253255196678,0.1575253255196678,0.13981127546030336,0.13981127546030336,True,stable_across_methods
double_bass,C#4,61.0,high,22.557771,26.083986,25.616712,False,24.613447641852243,25.439130008605407,26.218083271992406,24.3208785,25.20243225,25.850349,25.011248437499997,25.7919036328125,26.02557675,24.820064625,25.57682184375,26.349535125,"19.2**2 * Matern(length_scale=15.7, nu=1.5)",0.5349905844719016,0.4391544707325794,0.5349905844720079,0.29256914185224403,0.29256914185224403,0.012029546623994032,-0.39780079564775406,0.39780079564775406,-0.20661698314775734,0.20661698314775734,False,0.23669775860540554,0.23669775860540554,0.009391861716259768,-0.35277362420709224,0.35277362420709224,-0.1376918351445937,0.1376918351445937,False,0.36773427199240416,0.36773427199240416,0.0142255051176448,0.19250652199240648,0.19250652199240648,-0.13145185300759366,0.13145185300759366,True,moderate_method_sensitivity
double_bass,D4,62.0,high,25.964438,27.139644,28.19303,True,26.57209456996108,26.843494436676277,27.641908019546094,26.552041000000003,26.8458425,27.666337,26.56768468520797,26.85773133335897,27.68114831479203,26.5672685,26.857263125000003,27.6815645,"28**2 * Matern(length_scale=95.5, nu=1.5)",0.22400284720955002,0.2105106701257513,0.22400284720929625,0.02005356996107821,0.02005356996107821,0.0007552553101691207,0.004409884753112436,0.004409884753112436,0.004826069961080037,0.004826069961080037,False,-0.0023480633237227266,0.0023480633237227266,8.746469117975071e-05,-0.014236896682692901,0.014236896682692901,-0.013768688323725797,0.013768688323725797,False,-0.02442898045390507,0.02442898045390507,0.0008829857184890458,-0.03924029524593564,0.03924029524593564,-0.039656480453906795,0.039656480453906795,True,stable_across_methods
double_bass,D#4,63.0,high,22.064995,20.088756,23.199377,False,20.713520640582153,20.248578970680494,21.314634896774812,21.0768755,20.58281575,21.6440665,20.511916874999997,20.185683859375,20.937310125,20.441018,20.105922625,21.008209,"22.8**2 * Matern(length_scale=13.3, nu=1.5)",0.7559825497818419,0.5794195687066901,0.7559825497819923,-0.3633548594178464,0.3633548594178464,0.01723950304768116,0.2016037655821563,0.2016037655821563,0.2725026405821538,0.2725026405821538,False,-0.33423677931950735,0.33423677931950735,0.01623863242906925,0.06289511130549386,0.06289511130549386,0.1426563456804928,0.1426563456804928,False,-0.3294316032251885,0.3294316032251885,0.015220411710765557,0.3773247717748127,0.3773247717748127,0.3064258967748117,0.3064258967748117,False,moderate_method_sensitivity
double_bass,E4,64.0,high,22.037818,24.801778,24.41331,False,23.63906596024948,24.269673149694306,24.87436337495324,23.419798,24.110788,24.607543999999997,23.96231975,24.573354906249996,24.7532195,23.813851500000002,24.406328124999998,25.0015975,"18.5**2 * Matern(length_scale=18.4, nu=1.5)",0.43732045006760867,0.3797617282076056,0.4373204500677387,0.21926796024947848,0.21926796024947848,0.009362504332850286,-0.3232537897505203,0.3232537897505203,-0.17478553975052336,0.17478553975052336,False,0.15888514969430645,0.15888514969430645,0.006589794978675374,-0.3036817565556902,0.3036817565556902,-0.13665497530569226,0.13665497530569226,False,0.2668193749532435,0.2668193749532435,0.010842990871142748,0.12114387495324053,0.12114387495324053,-0.12723412504675835,0.12723412504675835,True,moderate_method_sensitivity
double_bass,F4,65.0,high,20.533597,22.831556,23.344372,True,21.75802536746682,22.263110043064952,23.18920027703296,21.6825765,22.25706625,23.087964,21.976579180801977,22.504140687777227,23.192777631698018,21.905719375,22.42442340625,23.311106875,"18.5**2 * Matern(length_scale=28.2, nu=1.5)",0.3085339154058446,0.2991123693943167,0.3085339154057525,0.07544886746682167,0.07544886746682167,0.0034797002776317506,-0.21855381333515567,0.21855381333515567,-0.14769400753317896,0.14769400753317896,False,0.00604379306495062,0.00604379306495062,0.0002715449105944329,-0.24103064471227498,0.24103064471227498,-0.16131336318504808,0.16131336318504808,False,0.10123627703296023,0.10123627703296023,0.00438480747080861,-0.0035773546650581522,0.0035773546650581522,-0.1219065979670404,0.1219065979670404,True,moderate_method_sensitivity
double_bass,F#4,66.0,high,24.351259,22.274062,25.765555,False,22.906212399823254,22.41532194554171,23.655714793111862,23.3126605,22.79336125,24.0198085,22.704967749999998,22.37073925,23.23532875,22.61657425,22.2712965625,23.32372225,"25.3**2 * Matern(length_scale=13.4, nu=1.5)",0.8237034845505252,0.6235627813382421,0.8237034845504563,-0.40644810017674615,0.40644810017674615,0.017434651020493613,0.20124464982325563,0.20124464982325563,0.2896381498232543,0.2896381498232543,False,-0.3780393044582908,0.3780393044582908,0.016585500502182004,0.04458269554170968,0.04458269554170968,0.14402538304170776,0.14402538304170776,False,-0.3640937068881378,0.3640937068881378,0.01515806035206891,0.42038604311186134,0.42038604311186134,0.33199254311186266,0.33199254311186266,False,moderate_method_sensitivity
double_bass,G4,67.0,high,17.319363,21.336434,20.589314,False,19.672441267868095,20.62815051856233,21.41623199211177,19.3278985,20.33216625,20.962874,20.1277943125,21.0087275859375,21.243044,19.923422375,20.77880915625,21.558397875000004,"15.4**2 * Matern(length_scale=11.6, nu=1.5)",0.6361568946120896,0.5029895995979546,0.6361568946121119,0.344542767868095,0.344542767868095,0.017826188805166534,-0.45535304463190585,0.45535304463190585,-0.25098110713190636,0.25098110713190636,False,0.2959842685623286,0.2959842685623286,0.01455743893311558,-0.38057706737517094,0.38057706737517094,-0.15065863768766974,0.15065863768766974,False,0.4533579921117692,0.4533579921117692,0.021626709778047093,0.17318799211176739,0.17318799211176739,-0.14216588288823573,0.14216588288823573,True,moderate_method_sensitivity
double_bass,G#4,68.0,high,20.537812,23.276959,24.577983,True,21.958808932812314,22.584865683809547,24.00920000484518,21.9073855,22.59217225,23.927471,22.119145154498458,22.76298984568577,24.075242095501544,22.087150875000003,22.726996281250003,24.107236375,"20.7**2 * Matern(length_scale=31.9, nu=1.5)",0.30017701014360143,0.2931064750536525,0.3001770101436961,0.05142343281231376,0.05142343281231376,0.0023473103539586575,-0.16033622168614414,0.16033622168614414,-0.12834194218768857,0.12834194218768857,False,-0.007306566190454333,0.007306566190454333,0.00032341140593305866,-0.17812416187622304,0.17812416187622304,-0.14213059744045609,0.14213059744045609,False,0.08172900484517953,0.08172900484517953,0.0034156975822969143,-0.06604209065636368,0.06604209065636368,-0.09803637015481925,0.09803637015481925,True,stable_across_methods
double_bass,A4,69.0,high,19.063634,21.923079,21.945566,True,20.675731276033275,21.333533762535392,22.173397943500245,20.4933565,21.208217750000003,21.9343225,21.022519115119735,21.670543285759706,21.939900384880264,20.847976250000002,21.4741825625,22.288942249999998,"16.6**2 * Matern(length_scale=18.2, nu=1.5)",0.4119107285502122,0.36445503705341237,0.4119107285502812,0.18237477603327434,0.18237477603327434,0.008899214534879844,-0.3467878390864598,0.3467878390864598,-0.1722449739667269,0.1722449739667269,False,0.12531601253538938,0.12531601253538938,0.005908842223924703,-0.33700952322431377,0.33700952322431377,-0.14064879996460888,0.14064879996460888,False,0.23907544350024423,0.23907544350024423,0.010899604649299937,0.23349755861998034,0.23349755861998034,-0.11554430649975345,0.11554430649975345,True,moderate_method_sensitivity
double_bass,A#4,70.0,high,20.055631,23.132105,20.826153,False,22.03554363481317,22.73679679993022,22.4473887108728,21.593868,22.362986499999998,21.979129,22.314828874999996,22.921766265625,22.603774625,22.266671249999998,22.867588937499995,22.65193225,"16.2**2 * Matern(length_scale=11.3, nu=1.5)",0.6890927925600764,0.536889728394743,0.6890927925600764,0.4416756348131692,0.4416756348131692,0.020453752649278453,-0.27928524018682666,0.27928524018682666,-0.23112761518682845,0.23112761518682845,False,0.3738102999302235,0.3738102999302235,0.016715580449428055,-0.18496946569477757,0.18496946569477757,-0.13079213756977381,0.13079213756977381,False,0.4682597108728004,0.4682597108728004,0.021304743735422835,-0.15638591412719904,0.15638591412719904,-0.2045435391272008,0.2045435391272008,False,moderate_method_sensitivity
double_bass,B4,71.0,high,18.097398,20.167478,20.701148,True,19.17927539781041,19.621901990802257,20.497139816183463,19.132438,19.649957999999998,20.434313,19.3811516524988,19.857741640311147,20.5403849725012,19.32448925,19.7939964375,20.626364249999998,"16.7**2 * Matern(length_scale=30, nu=1.5)",0.28618943088801907,0.2819086573198789,0.28618943088801907,0.04683739781041041,0.04683739781041041,0.00244806217641528,-0.20187625468838988,0.20187625468838988,-0.14521385218958827,0.14521385218958827,False,-0.02805600919774065,0.02805600919774065,0.0014277897793848035,-0.2358396495088897,0.2358396495088897,-0.17209444669774143,0.17209444669774143,False,0.06282681618346331,0.06282681618346331,0.0030745744270171114,-0.043245156317738065,0.043245156317738065,-0.12922443381653537,0.12922443381653537,True,moderate_method_sensitivity
double_bass,C5,72.0,high,16.953876,19.480369,19.372384,False,18.379905533449932,18.951712914227617,19.635947331466742,18.217122500000002,18.84874575,19.4263765,18.697589,19.26577940625,19.466870874999998,18.54643225,19.0957280625,19.75568625,"14.7**2 * Matern(length_scale=17.8, nu=1.5)",0.38821445737236393,0.35007801140980105,0.3882144573724371,0.16278303344993006,0.16278303344993006,0.008935716024851348,-0.3176834665500685,0.3176834665500685,-0.16652671655006657,0.16652671655006657,False,0.10296716422761776,0.10296716422761776,0.0054628125177834585,-0.3140664920223841,0.3140664920223841,-0.14401514827238415,0.14401514827238415,False,0.20957083146674194,0.20957083146674194,0.010787952733580651,0.16907645646674396,0.16907645646674396,-0.11973891853325824,0.11973891853325824,True,moderate_method_sensitivity
flute,B3,59.0,low,18.8548401,26.4427715,30.301992,True,22.826483942485336,24.72285810687279,28.851363819255084,22.648805799999998,24.54578865,28.37238175,23.190804838111994,24.98075424443849,28.762560436888005,23.1148946625,24.895355296875,28.838470612500004,"24.6**2 * Matern(length_scale=15.1, nu=1.5)",0.6850024724750954,0.5332920435712621,0.6850024724751783,0.17767814248533753,0.17767814248533753,0.007844923218218312,-0.36432089562665837,0.36432089562665837,-0.2884107200146637,0.2884107200146637,False,0.17706945687278974,0.17706945687278974,0.007213842643136657,-0.2578961375657016,0.2578961375657016,-0.1724971900022112,0.1724971900022112,False,0.47898206925508546,0.47898206925508546,0.016881983101580306,0.08880338236707885,0.08880338236707885,0.012893206755080655,0.012893206755080655,True,moderate_method_sensitivity
flute,C4,60.0,low,17.8092305,28.9076478,32.3538286,True,23.730908413469095,26.538470916496756,31.6048026217562,23.358439150000002,26.133043475,30.6307382,24.566594449463178,27.133519600958575,31.288149844286817,24.314968712499997,26.850440646874997,31.587267762499998,"24.3**2 * Matern(length_scale=9.57, nu=1.5)",1.2444675282953492,0.9087237856013778,1.2444675282954862,0.3724692634690925,0.3724692634690925,0.01594581132229002,-0.8356860359940832,0.8356860359940832,-0.5840602990309023,0.5840602990309023,False,0.40542744149675514,0.40542744149675514,0.015513977232870122,-0.595048684461819,0.595048684461819,-0.31196973037824094,0.31196973037824094,False,0.9740644217562,0.9740644217562,0.03180022679819711,0.3166527774693826,0.3166527774693826,0.017534859256201685,0.017534859256201685,True,moderate_method_sensitivity
flute,C#4,61.0,low,19.0988222,29.5450285,31.1659769,True,24.821903000915473,27.44849294726143,31.390928413748043,24.32192535,26.933476925,30.355502700000002,25.828477064790867,28.214663640077227,30.706305391459132,25.4250825875,27.760844853125,31.458659937500002,"23**2 * Matern(length_scale=8.87, nu=1.5)",1.3101938885832067,0.9546798373216925,1.3101938885832503,0.4999776509154721,0.4999776509154721,0.020556664150581817,-1.0065740638753944,1.0065740638753944,-0.6031795865845275,0.6031795865845275,False,0.5150160222614275,0.5150160222614275,0.01912178006930041,-0.7661706928157983,0.7661706928157983,-0.3123519058635722,0.3123519058635722,False,1.0354257137480403,1.0354257137480403,0.03410998407705632,0.6846230222889105,0.6846230222889105,-0.06773152375195934,0.06773152375195934,True,moderate_method_sensitivity
flute,D4,62.0,low,17.7806165,26.995297,30.3965154,True,22.677873091602844,24.995301476439725,29.433725685953135,22.38795675,24.691626875,28.6959062,23.28206883053762,25.42499692966732,29.255159644462385,23.114639512500002,25.236638946875,29.4225889625,"23.3**2 * Matern(length_scale=11.2, nu=1.5)",0.9626634682369333,0.7166071034049923,0.9626634682369333,0.28991634160284363,0.28991634160284363,0.012949656140587445,-0.6041957389347772,0.6041957389347772,-0.43676642089715756,0.43676642089715756,False,0.3036746014397238,0.3036746014397238,0.012298687444819238,-0.4296954532275947,0.4296954532275947,-0.2413374704352762,0.2413374704352762,False,0.7378194859531355,0.7378194859531355,0.025711663566600852,0.1785660414907504,0.1785660414907504,0.011136723453134323,0.011136723453134323,True,moderate_method_sensitivity
flute,D#4,63.0,low,16.8339582,26.9856188,30.0639701,True,22.259946746419082,24.823596895978692,29.415747068261823,21.9097885,24.44770365,28.52479445,23.030307318638727,25.376725947531064,29.11531503761128,22.793952162500002,25.110826396875,29.4089581125,"22.6**2 * Matern(length_scale=9.67, nu=1.5)",1.1432166502384908,0.8396054229742006,1.143216650238466,0.3501582464190811,0.3501582464190811,0.015981817734985488,-0.7703605722196443,0.7703605722196443,-0.5340054160809196,0.5340054160809196,False,0.3758932459786912,0.3758932459786912,0.01537540095217455,-0.5531290515523715,0.5531290515523715,-0.2872295008963093,0.2872295008963093,False,0.8909526182618208,0.8909526182618208,0.03123432212013085,0.30043203065054414,0.30043203065054414,0.006788955761823701,0.006788955761823701,True,moderate_method_sensitivity
flute,E4,64.0,low,18.135346,26.2008456,29.2144058,True,22.43327191348607,24.45062022055523,28.33184991943277,22.1680958,24.1844707,27.7076257,22.943565309709797,24.820064239048524,28.195141040290203,22.799588224999997,24.658090018750002,28.339118125,"22.5**2 * Matern(length_scale=12.3, nu=1.5)",0.8268942540318348,0.6260709395748668,0.8268942540319036,0.2651761134860706,0.2651761134860706,0.011962060967188288,-0.5102933962237266,0.5102933962237266,-0.36631631151392696,0.36631631151392696,False,0.26614952055523133,0.26614952055523133,0.011004976038414244,-0.36944401849329367,0.36944401849329367,-0.20746979819477218,0.20746979819477218,False,0.6242242194327687,0.6242242194327687,0.02252896824114268,0.13670887914256724,0.13670887914256724,-0.007268205567228847,0.007268205567228847,True,moderate_method_sensitivity
flute,F4,65.0,low,19.693768,27.0660792,29.4673292,True,23.665140673450676,25.497019168274857,28.852789967041673,23.379923599999998,25.2230014,28.2667042,24.159331104940705,25.866816349308294,28.719526920059298,24.00130625,25.689038387500002,28.88808685,"22.5**2 * Matern(length_scale=12.9, nu=1.5)",0.773875940928187,0.5911674896620713,0.7738759409282238,0.2852170734506778,0.2852170734506778,0.012199230345247059,-0.49419043149002917,0.49419043149002917,-0.3361655765493232,0.3361655765493232,False,0.2740177682748559,0.2740177682748559,0.010863804982180111,-0.3697971810334373,0.3697971810334373,-0.19201921922514487,0.19201921922514487,False,0.5860857670416735,0.5860857670416735,0.020734138755436282,0.1332630469823748,0.1332630469823748,-0.03529688295832756,0.03529688295832756,True,moderate_method_sensitivity
flute,F#4,66.0,low,19.474942,25.5539927,27.2209279,True,22.783612152720192,24.279409781357852,26.878763376935666,22.514467349999997,24.034230025,26.3874603,23.223053168056445,24.624571156251,26.714513038193555,23.0659817875,24.447865853125,26.9389747375,"20.6**2 * Matern(length_scale=13.7, nu=1.5)",0.6641749103808461,0.5202937549242912,0.6641749103809317,0.26914480272019503,0.26914480272019503,0.01195430469378593,-0.43944101533625357,0.43944101533625357,-0.28236963477980837,0.28236963477980837,False,0.24517975635785305,0.24517975635785305,0.010201273604472505,-0.3451613748931486,0.3451613748931486,-0.16845607176714594,0.16845607176714594,False,0.4913030769356652,0.4913030769356652,0.018618808758024553,0.1642503387421108,0.1642503387421108,-0.060211360564334626,0.060211360564334626,True,moderate_method_sensitivity
flute,G4,67.0,low,19.8208811,25.8162565,27.1307132,True,23.1139736644895,24.585740168038317,26.985502875233767,22.8185688,24.31741265,26.47348485,23.591025490707633,24.967008362983584,26.743007503042374,23.4036836375,24.756248778125002,27.0585996875,"20.4**2 * Matern(length_scale=13.3, nu=1.5)",0.6843293772622896,0.5332542490340378,0.6843293772622066,0.2954048644894982,0.2954048644894982,0.01294581036517497,-0.47705182621813336,0.47705182621813336,-0.28970997301049906,0.28970997301049906,False,0.26832751803831556,0.26832751803831556,0.01103437778929641,-0.3812681949452674,0.3812681949452674,-0.17050861008668505,0.17050861008668505,False,0.5120180252337683,0.5120180252337683,0.019340786758331452,0.24249537219139228,0.24249537219139228,-0.07309681226623255,0.07309681226623255,True,moderate_method_sensitivity
flute,G#4,68.0,low,18.5894626,25.3383937,27.5093811,True,22.227278405817255,23.899889441660797,26.956106198666497,21.96392815,23.651160925,26.423887399999998,22.683016404026276,24.24554409984206,26.834537014723725,22.5361711125,24.080343146875002,26.996130362500004,"21**2 * Matern(length_scale=13.1, nu=1.5)",0.7139239437381897,0.5522943448119021,0.7139239437381499,0.26335025581725446,0.26335025581725446,0.011990125537596718,-0.4557379982090204,0.4557379982090204,-0.3088927066827445,0.3088927066827445,False,0.24872851666079754,0.24872851666079754,0.010516545781813352,-0.34565465818126384,0.34565465818126384,-0.18045370521420523,0.18045370521420523,False,0.5322187986664986,0.5322187986664986,0.020141578360892448,0.12156918394277128,0.12156918394277128,-0.04002416383350749,0.04002416383350749,True,moderate_method_sensitivity
flute,A4,69.0,low,17.9421323,24.4885161,24.9061628,True,21.612395231801372,23.22545954505107,25.35792576234588,21.215324199999998,22.851920149999998,24.69733945,22.318518343666867,23.805729010062727,24.79548935008313,21.9814163375,23.426489253125002,25.463431587499997,"18.4**2 * Matern(length_scale=10.4, nu=1.5)",0.8589374380290923,0.6481338513672847,0.8589374380290592,0.3970710318013744,0.3970710318013744,0.018716236813452723,-0.7061231118654945,0.7061231118654945,-0.36902110569862856,0.36902110569862856,False,0.3735393950510719,0.3735393950510719,0.016346083506294413,-0.5802694650116571,0.5802694650116571,-0.20102970807393206,0.20102970807393206,False,0.6605863123458775,0.6605863123458775,0.0267472661856246,0.5624364122627483,0.5624364122627483,-0.10550582515411833,0.10550582515411833,True,moderate_method_sensitivity
flute,A#4,70.0,low,16.5178772,21.2324344,23.2460212,True,19.018720891430817,20.169487284651474,22.5301920721841,18.8751558,20.0537951,22.239227800000002,19.28054505634201,20.383250025884763,22.50908114365799,19.2127771,20.307011075,22.576849099999997,"18.5**2 * Matern(length_scale=17.1, nu=1.5)",0.47021988702430895,0.3996099242605078,0.47021988702436934,0.14356509143081553,0.14356509143081553,0.007606034776720387,-0.261824164911193,0.261824164911193,-0.19405620856918304,0.19405620856918304,False,0.11569218465147557,0.11569218465147557,0.005769091789088619,-0.21376274123328898,0.21376274123328898,-0.13752379034852424,0.13752379034852424,False,0.29096427218409815,0.29096427218409815,0.013083380178519424,0.021110928526109518,0.021110928526109518,-0.04665702781589687,0.04665702781589687,True,moderate_method_sensitivity
flute,B4,71.0,low,15.7795263,21.502733,23.8769606,True,18.816208851534117,20.23106133690282,23.081111559637797,18.64112965,20.071931325,22.689846799999998,19.14632005241613,20.483287132405646,23.021901172583867,19.0597520375,20.385898115625,23.1084691875,"18.7**2 * Matern(length_scale=14.5, nu=1.5)",0.5725824596160044,0.4625141188485585,0.5725824596161037,0.1750792015341176,0.1750792015341176,0.009392091832488146,-0.33011120088201196,0.33011120088201196,-0.24354318596588342,0.24354318596588342,False,0.15913001190281761,0.15913001190281761,0.007927987064434499,-0.2522257955028273,0.2522257955028273,-0.15483677872218138,0.15483677872218138,False,0.3912647596377994,0.3912647596377994,0.017244045898000486,0.05921038705393045,0.05921038705393045,-0.02735762786220164,0.02735762786220164,True,moderate_method_sensitivity
flute,C5,72.0,low,12.9609161,17.3780317,18.9308009,True,15.32030350211557,16.39792711786974,18.461616142257785,15.1694739,16.2737528,18.1544163,15.613411657913083,16.638916540152216,18.42656514208692,15.527517199999998,16.542285275,18.5124596,"14.7**2 * Matern(length_scale=14.2, nu=1.5)",0.48364091521262836,0.4078486241924117,0.483640915212599,0.15082960211556973,0.15082960211556973,0.009942968563700139,-0.2931081557975137,0.2931081557975137,-0.20721369788442878,0.20721369788442878,False,0.1241743178697412,0.1241743178697412,0.007630343129566353,-0.24098942228247466,0.24098942228247466,-0.14435815713025946,0.14435815713025946,False,0.3071998422577842,0.3071998422577842,0.01692149376665909,0.03505100017086704,0.03505100017086704,-0.050843457742214326,0.050843457742214326,True,moderate_method_sensitivity
flute,C#5,73.0,middle,12.8395151,15.8161476,18.6616384,True,14.32421767785746,15.070771342651293,17.278003255972916,14.32783135,15.071989475,17.238893,14.344408683133581,15.084491707587778,17.255101091866422,14.344224062499999,15.084284009375002,17.2552857125,"19.8**2 * Matern(length_scale=31.4, nu=1.5)",0.2975199099765339,0.2910541904918121,0.29751990997643835,-0.0036136721425403806,0.0036136721425403806,0.00025221347559624787,-0.020191005276121388,0.020191005276121388,-0.020006384642538677,0.020006384642538677,False,-0.0012181323487077123,0.0012181323487077123,8.082093944719346e-05,-0.013720364936485652,0.013720364936485652,-0.013512666723709543,0.013512666723709543,False,0.03911025597291484,0.03911025597291484,0.0022687220097551996,0.022902164106493927,0.022902164106493927,0.02271754347291477,0.02271754347291477,True,stable_across_methods
flute,D5,74.0,middle,12.4441855,16.0277339,15.101387,False,14.5504693599883,15.40195716014269,15.982442626796242,14.2359597,15.131846800000002,15.564560450000002,14.96577170625,15.741483964843752,15.911940537500001,14.799696612499998,15.554649484375002,16.1282973625,"11.3**2 * Matern(length_scale=9.68, nu=1.5)",0.613259204097425,0.4890333920755622,0.6132592040973555,0.3145096599882997,0.3145096599882997,0.022092620842998012,-0.4153023462617007,0.4153023462617007,-0.24922725251169808,0.24922725251169808,False,0.27011036014268797,0.27011036014268797,0.017850455645816343,-0.33952680470106245,0.33952680470106245,-0.15269232423231216,0.15269232423231216,False,0.4178821767962404,0.4178821767962404,0.02684831210869436,0.07050208929624091,0.07050208929624091,-0.1458547357037574,0.1458547357037574,False,moderate_method_sensitivity
flute,D#5,75.0,middle,12.0543747,14.4858329,13.0787861,False,13.551604603173644,14.101974119436125,14.100239187447437,13.270103800000001,13.87796835,13.7823095,13.8139426375,14.3098571203125,14.1980969125,13.749916925,14.237828193750001,14.262122625,"10.1**2 * Matern(length_scale=10.3, nu=1.5)",0.5189022761500922,0.42981500427161007,0.5189022761500648,0.28150080317364257,0.28150080317364257,0.02121315759215407,-0.2623380343263566,0.2623380343263566,-0.19831232182635716,0.19831232182635716,False,0.2240057694361255,0.2240057694361255,0.016141106809493877,-0.20788300087637523,0.20788300087637523,-0.13585407431387608,0.13585407431387608,False,0.3179296874474371,0.3179296874474371,0.023067954427190673,-0.09785772505256318,0.09785772505256318,-0.16188343755256263,0.16188343755256263,False,moderate_method_sensitivity
flute,E5,76.0,middle,12.1945917,14.4353801,14.4573663,True,13.431597432658846,13.93050538172108,14.605470000609756,13.3149859,13.875183,14.4463732,13.728316444608074,14.236173509559084,14.451816342891926,13.592336174999998,14.083195706249999,14.723723474999998,"11**2 * Matern(length_scale=16.5, nu=1.5)",0.3503273618832308,0.32642535838122344,0.3503273618832308,0.11661153265884572,0.11661153265884572,0.008757916345885557,-0.2967190119492287,0.2967190119492287,-0.16073874234115237,0.16073874234115237,False,0.05532238172107995,0.05532238172107995,0.00398714609537618,-0.305668127838004,0.305668127838004,-0.15269032452891906,0.15269032452891906,False,0.15909680060975617,0.15909680060975617,0.011012923341185466,0.15365365771783068,0.15365365771783068,-0.11825347439024192,0.11825347439024192,True,moderate_method_sensitivity
flute,F5,77.0,middle,11.9693758,13.6648314,14.0028491,True,12.839773721832788,13.18096134190623,13.861063439065653,12.8171036,13.2409675,13.833840250000002,13.04341789142912,13.431941176295261,13.90429777732088,12.9867833375,13.368227303125,14.003519987500002,"11.3**2 * Matern(length_scale=26.5, nu=1.5)",0.2677886914316329,0.2650524010974927,0.26778869143173906,0.022670121832788936,0.022670121832788936,0.0017687398448420857,-0.20364416959633225,0.20364416959633225,-0.14700961566721205,0.14700961566721205,False,-0.06000615809377052,0.06000615809377052,0.004531856006275261,-0.2509798343890317,0.2509798343890317,-0.18726596121877037,0.18726596121877037,False,0.027223189065651354,0.027223189065651354,0.0019678692665004104,-0.04323433825522649,0.04323433825522649,-0.14245654843434963,0.14245654843434963,True,moderate_method_sensitivity
flute,F#5,78.0,middle,12.1099795,13.9314512,13.9452325,True,13.092362523354314,13.474673862552388,14.03172676801797,13.02071535,13.476083275,13.93834185,13.357960509168604,13.77074859156468,13.941761303331393,13.24667665,13.64555425,14.16430315,"10.8**2 * Matern(length_scale=19.9, nu=1.5)",0.3047829489727637,0.2957516366980387,0.304782948972787,0.07164717335431448,0.07164717335431448,0.005502552772902333,-0.2655979858142903,0.2655979858142903,-0.15431412664568533,0.15431412664568533,False,-0.0014094124476127234,0.0014094124476127234,0.00010458620793976381,-0.29607472901229137,0.29607472901229137,-0.17088038744761214,0.17088038744761214,False,0.09338491801796955,0.09338491801796955,0.006699858492706544,0.08996546468657662,0.08996546468657662,-0.13257638198203026,0.13257638198203026,True,moderate_method_sensitivity
flute,G5,79.0,middle,12.3344416,13.445254,14.8697272,True,12.92696949097181,13.228892730801833,14.161176040659397,12.8898478,13.1675509,14.1574906,12.853065545527556,13.140873713718502,14.115857654472443,12.8506402,13.1381452,14.118283,"14.9**2 * Matern(length_scale=47.1, nu=1.5)",0.23598755018040848,0.22839199509715688,0.23598755018034828,0.037121690971810395,0.037121690971810395,0.0028799169352341303,0.07390394544425405,0.07390394544425405,0.07632929097180963,0.07632929097180963,False,0.0613418308018332,0.0613418308018332,0.004658560370693779,0.08801901708333126,0.08801901708333126,0.09074753080183307,0.09074753080183307,False,0.0036854406593977984,0.0036854406593977984,0.0002603173658047704,0.045318386186954385,0.045318386186954385,0.04289304065939703,0.04289304065939703,True,stable_across_methods
flute,G#5,80.0,middle,11.6728941,12.8878573,12.4478486,False,12.320327632524865,12.533090043590954,12.711896841907974,12.2803757,12.5841165,12.66785295,12.53568184375,12.793759103906252,12.826289781249999,12.487247187500001,12.739270115624999,12.874724437500001,"9.73**2 * Matern(length_scale=22.3, nu=1.5)",0.27647342190499574,0.27290694436067797,0.27647342190499574,0.03995193252486473,0.03995193252486473,0.0032533151672928646,-0.21535421122513476,0.21535421122513476,-0.1669195549751361,0.1669195549751361,False,-0.051026456409045906,0.051026456409045906,0.004054830262342685,-0.2606690603152977,0.2606690603152977,-0.20618007203404431,0.20618007203404431,False,0.04404389190797353,0.04404389190797353,0.0034768237428879794,-0.1143929393420251,0.1143929393420251,-0.1628275955920273,0.1628275955920273,False,moderate_method_sensitivity
flute,A5,81.0,middle,11.1671253,11.28279,12.4215309,True,11.337310684665207,11.46933916372523,11.890408134310091,11.22495765,11.253873825,11.85216045,11.198707742359236,11.23518624452914,11.672125482640764,11.097073125000001,11.15796043125,11.724275925,"12**2 * Matern(length_scale=69.2, nu=1.5)",0.21645184364534772,0.20045543562249485,0.21645184364528208,0.11235303466520641,0.11235303466520641,0.010009216797820738,0.1386029423059707,0.1386029423059707,0.24023755966520532,0.24023755966520532,True,0.215465338725231,0.215465338725231,0.019145881860394058,0.23415291919608983,0.23415291919608983,0.3113787324752302,0.3113787324752302,True,0.0382476843100914,0.0382476843100914,0.003227064337463589,0.2182826516693268,0.2182826516693268,0.16613220931009032,0.16613220931009032,True,moderate_method_sensitivity
flute,A#5,82.0,middle,10.9975133,11.1075395,12.2136256,True,11.165625303649627,11.292805014686616,11.695844724812423,11.0525264,11.08003295,11.66058255,11.027508469818752,11.062202734796097,11.485085973931247,10.928018912499999,10.986652334375,11.5360750625,"11.8**2 * Matern(length_scale=71, nu=1.5)",0.2156237717970966,0.19941228305660988,0.2156237717970966,0.11309890364962705,0.11309890364962705,0.010232855327052379,0.1381168338308747,0.1381168338308747,0.23760639114962778,0.23760639114962778,True,0.21277206468661625,0.21277206468661625,0.019203197828632473,0.23060227989051896,0.23060227989051896,0.3061526803116159,0.3061526803116159,True,0.035262174812421776,0.035262174812421776,0.003024049155453367,0.21075875088117613,0.21075875088117613,0.1597696623124225,0.1597696623124225,True,moderate_method_sensitivity
flute,B5,83.0,middle,8.65712315,10.9565673,11.1362798,True,9.90852649979545,10.427817134341588,11.202693814139492,9.806845225,10.3817062625,11.04642355,10.185087658284663,10.707866578851494,11.088094863590337,10.071811681249999,10.580431104687499,11.311390006249999,"8.43**2 * Matern(length_scale=13.7, nu=1.5)",0.3511316970785496,0.32664460263875994,0.3511316970785091,0.10168127479544964,0.10168127479544964,0.010368398038570007,-0.2765611584892138,0.2765611584892138,-0.1632851814545493,0.1632851814545493,False,0.04611087184158791,0.04611087184158791,0.004441550422992225,-0.2800494445099062,0.2800494445099062,-0.15261397034591084,0.15261397034591084,False,0.15627026413949174,0.15627026413949174,0.014146684076720175,0.11459895054915492,0.11459895054915492,-0.10869619211050718,0.10869619211050718,True,moderate_method_sensitivity
flute,C6,84.0,middle,11.9068555,11.2762622,11.8475868,False,11.674046903504557,11.674046880577572,11.674046806557044,11.59155885,11.433910525,11.5619245,11.437614818749998,11.317063391406249,11.41538905625,11.4413191125,11.321230721875,11.4116847625,"11.7**2 * Matern(length_scale=1e+05, nu=1.5)",0.1825519796020254,0.18255189562054097,0.1825519796020254,0.0824880535045569,0.0824880535045569,0.007116217462378401,0.23643208475455957,0.23643208475455957,0.23272779100455665,0.23272779100455665,False,0.2401363555775724,0.2401363555775724,0.02100211953316579,0.3569834891713235,0.3569834891713235,0.35281615870257177,0.35281615870257177,False,0.11212230655704403,0.11212230655704403,0.009697547026625545,0.2586577503070444,0.2586577503070444,0.2623620440570438,0.2623620440570438,False,moderate_method_sensitivity
flute,C#6,85.0,high,10.582675,10.6338616,10.681514,True,10.629548472772704,10.629548507479507,10.629548606817098,10.608268299999999,10.62106495,10.6576878,10.60871797330535,10.621405166843518,10.658121676694648,10.608710075000001,10.62139628125,10.658129575,"10.6**2 * Matern(length_scale=1e+05, nu=1.5)",0.18254736119917728,0.1825472915715085,0.1825473611992162,0.02128017277270544,0.02128017277270544,0.0020059987333376026,0.020830499467354713,0.020830499467354713,0.020838397772703132,0.020838397772703132,False,0.008483557479507908,0.008483557479507908,0.000798748291197288,0.008143340635989205,0.008143340635989205,0.008152226229507065,0.008152226229507065,False,-0.028139193182902034,0.028139193182902034,0.002640271859239678,-0.028573069877550594,0.028573069877550594,-0.028580968182902566,0.028580968182902566,False,stable_across_methods
flute,D6,86.0,high,10.4180196,11.2769586,10.9467439,False,10.837104891957459,10.858026111011194,10.919331519271775,10.8474891,11.06222385,11.11185125,11.029178581250001,11.21088293671875,11.22745019375,10.9961333125,11.173707009375,11.2604954625,"10.8**2 * Matern(length_scale=248, nu=1.5)",0.19306222417253233,0.1854296153340724,0.19306222417249552,-0.010384208042541587,0.010384208042541587,0.0009572914014305473,-0.19207368929254187,0.19207368929254187,-0.15902842054254052,0.15902842054254052,False,-0.20419773898880678,0.20419773898880678,0.018459013463988688,-0.3528568257075566,0.3528568257075566,-0.31568089836380686,0.31568089836380686,False,-0.19251973072822537,0.19251973072822537,0.017325621662567285,-0.3081186744782247,0.3081186744782247,-0.3411639432282243,0.3411639432282243,False,moderate_method_sensitivity
flute,D#6,87.0,high,10.025042,10.3907882,10.6755081,True,10.276508347874584,10.319594992319958,10.44694700165785,10.2079151,10.299351649999998,10.533148149999999,10.218674210275745,10.307657541247712,10.542645614724254,10.2180433875,10.306947865624998,10.5432764375,"10.4**2 * Matern(length_scale=152, nu=1.5)",0.20023905820517318,0.1878765477923184,0.20023905820520865,0.06859324787458476,0.06859324787458476,0.006719613868515106,0.05783413759883871,0.05783413759883871,0.05846496037458415,0.05846496037458415,False,0.020243342319959723,0.020243342319959723,0.0019654967621150917,0.011937451072245864,0.011937451072245864,0.01264712669495971,0.01264712669495971,False,-0.08620114834214831,0.08620114834214831,0.008183797200474041,-0.09569861306640348,0.09569861306640348,-0.09632943584214892,0.09632943584214892,True,stable_across_methods
flute,E6,88.0,high,10.0160622,10.2184648,10.03221,False,10.085608361146667,10.085608367211115,10.08560838086285,10.1172635,10.16786415,10.1253374,10.1668549125,10.2054361734375,10.1729103375,10.165845675,10.20430078125,10.173919575,"10.1**2 * Matern(length_scale=1e+05, nu=1.5)",0.18254437191334977,0.18254430922830323,0.18254437191338868,-0.03165513885333304,0.03165513885333304,0.0031288241977025745,-0.08124655135333292,0.08124655135333292,-0.08023731385333299,0.08023731385333299,False,-0.08225578278888435,0.08225578278888435,0.008089779876620828,-0.11982780622638423,0.11982780622638423,-0.11869241403888431,0.11869241403888431,False,-0.03972901913714999,0.03972901913714999,0.003923722989927229,-0.08730195663715001,0.08730195663715001,-0.08831119413714994,0.08831119413714994,False,moderate_method_sensitivity
flute,F6,89.0,high,7.90273871,7.98606412,8.10905862,True,7.995120030854816,7.9951200713382455,7.995120189191424,7.944401415,7.9652327675,8.04756137,7.939919476776086,7.962050075591846,8.042126035723916,7.939442778749999,7.9615137903125,8.04260273375,"8**2 * Matern(length_scale=1e+05, nu=1.5)",0.18252667836289888,0.1825266389668397,0.18252667836287942,0.05071861585481585,0.05071861585481585,0.0063841960149512225,0.0552005540787297,0.0552005540787297,0.05567725210481633,0.05567725210481633,True,0.02988730383824567,0.02988730383824567,0.003752219766909112,0.03306999574639935,0.03306999574639935,0.03360628102574559,0.03360628102574559,True,-0.05244118080857607,0.05244118080857607,0.006516406448799293,-0.047005846532491624,0.047005846532491624,-0.04748254455857559,0.04748254455857559,True,stable_across_methods
flute,F#6,90.0,high,7.85220698,8.05352946,7.95544666,False,7.9495367495943565,7.949536770071243,7.949536827923406,7.95286822,8.00319884,8.00448806,7.9967463599999995,8.038527125000002,8.03546124,7.99029388,8.031268085,8.04191372,"7.95**2 * Matern(length_scale=1e+05, nu=1.5)",0.1825261312538162,0.18252609230562564,0.18252613125379674,-0.003331470405643522,0.003331470405643522,0.0004189017488389267,-0.04720961040564298,0.04720961040564298,-0.04075713040564377,0.04075713040564377,False,-0.05366206992875622,0.05366206992875622,0.0067050776822578885,-0.08899035492875829,0.08899035492875829,-0.08173131492875729,0.08173131492875729,False,-0.05495123207659347,0.05495123207659347,0.006865052663542042,-0.08592441207659363,0.08592441207659363,-0.09237689207659372,0.09237689207659372,False,moderate_method_sensitivity
flute,G6,91.0,high,7.61061027,8.48258952,7.71670613,False,7.932435329688457,7.932435350620506,7.932435409838736,8.046599895,8.264594707499999,8.099647825,8.257963716249998,8.425604195156248,8.297749663749999,8.251332725,8.418144329999999,8.304380655,"7.93**2 * Matern(length_scale=1e+05, nu=1.5)",0.18252592357279346,0.1825258847919504,0.18252592357279346,-0.11416456531154306,0.11416456531154306,0.014187926180159982,-0.32552838656154126,0.32552838656154126,-0.3188973953115424,0.3188973953115424,False,-0.33215935687949294,0.33215935687949294,0.04019064075556702,-0.4931688445357425,0.4931688445357425,-0.48570897937949287,0.48570897937949287,False,-0.16721241516126373,0.16721241516126373,0.020644405630224266,-0.3653142539112624,0.3653142539112624,-0.37194524516126304,0.37194524516126304,False,high_method_sensitivity
flute,G#6,92.0,high,7.35545092,7.68750886,7.84479368,True,7.604989596487745,7.615201989235791,7.645344044139046,7.52147989,7.604494375,7.76615127,7.54722789091348,7.625268386027666,7.78409654908652,7.543326529999999,7.6208793550000005,7.78799791,"7.63**2 * Matern(length_scale=264, nu=1.5)",0.1881582022309475,0.18403330527102826,0.1881582022309475,0.08350970648774503,0.08350970648774503,0.0111028291917357,0.057761705574264965,0.057761705574264965,0.06166306648774622,0.06166306648774622,False,0.01070761423579114,0.01070761423579114,0.0014080639300612463,-0.010066396791875043,0.010066396791875043,-0.005677365764209519,0.005677365764209519,False,-0.12080722586095405,0.12080722586095405,0.015555610708694585,-0.13875250494747426,0.13875250494747426,-0.14265386586095374,0.14265386586095374,False,stable_across_methods
flute,A6,93.0,high,7.13851804,7.62962613,7.53931505,False,7.43133680238795,7.431336869663709,7.431337068144852,7.384072085,7.5068491075,7.5844705900000005,7.4817992943750005,7.589538194453126,7.618337245,7.45674948125,7.5613571546875,7.657147986250001,"7.43**2 * Matern(length_scale=1e+05, nu=1.5)",0.1825191890656539,0.18251915502839247,0.1825191890656539,0.04726471738795013,0.04726471738795013,0.006400901405602967,-0.05046249198705066,0.05046249198705066,-0.025412678862050342,0.025412678862050342,False,-0.07551223783629091,0.07551223783629091,0.010059112252682363,-0.15820132478941673,0.15820132478941673,-0.13002028502379126,0.13002028502379126,False,-0.15313352185514884,0.15313352185514884,0.020190403540763,-0.18700017685514858,0.18700017685514858,-0.2258109181051493,0.2258109181051493,False,moderate_method_sensitivity
flute,A#6,94.0,high,7.16910279,7.35562216,7.41446026,True,7.308503601323908,7.308503641485846,7.3085037586826935,7.262362475,7.3089923175000004,7.385041210000001,7.2824753773746425,7.3256342731402215,7.396223308250358,7.278322633750001,7.3209624365625015,7.401001368750001,"7.31**2 * Matern(length_scale=1e+05, nu=1.5)",0.18251732385008906,0.18251729092841285,0.18251732385008906,0.04614112632390821,0.04614112632390821,0.006353459563984131,0.026028223949265517,0.026028223949265517,0.03018096757390687,0.03018096757390687,False,-0.0004886760141546986,0.0004886760141546986,6.685956051488196e-05,-0.017130631654375783,0.017130631654375783,-0.012458795076655704,0.012458795076655704,False,-0.07653745131730716,0.07653745131730716,0.010363848913079681,-0.08771954956766415,0.08771954956766415,-0.09249761006730761,0.09249761006730761,False,stable_across_methods
flute,B6,95.0,high,5.27284893,7.16484117,7.17628794,True,6.291785372777392,6.705350035349211,7.2870088588416,6.2188450500000005,6.69184311,7.170564555,6.570033688823628,6.99877975977033,7.173409038051372,6.45391323375,6.868144247812499,7.40563273875,"5.42**2 * Matern(length_scale=11.1, nu=1.5)",0.32763837270693535,0.31063019995308755,0.3276383727069408,0.07294032277739149,0.07294032277739149,0.011728917860301323,-0.2782483160462359,0.2782483160462359,-0.16212786097260778,0.16212786097260778,False,0.013506925349211052,0.013506925349211052,0.0020184163207632422,-0.29342972442111925,0.29342972442111925,-0.16279421246328862,0.16279421246328862,False,0.11644430384159943,0.11644430384159943,0.01623921002989972,0.11359982079022757,0.11359982079022757,-0.11862387990839984,0.11862387990839984,True,moderate_method_sensitivity
flute,C7,96.0,high,6.56193433,6.75794414,7.03182546,True,6.768666806708869,6.773962773882432,6.7896030176272335,6.6599392349999995,6.7089416875,6.8948848,6.6510118623461825,6.702548620295705,6.884344295153817,6.65020529625,6.7016412334375,6.8851508612500005,"6.78**2 * Matern(length_scale=334, nu=1.5)",0.185565867270521,0.18331309789617567,0.185565867270521,0.1087275717088696,0.1087275717088696,0.016325610170356098,0.11765494436268664,0.11765494436268664,0.11846151045886888,0.11846151045886888,True,0.06502108638243165,0.06502108638243165,0.009691705400209092,0.0714141535867272,0.0714141535867272,0.072321540444932,0.072321540444932,True,-0.10528178237276631,0.10528178237276631,0.015269549155160114,-0.0947412775265839,0.0947412775265839,-0.09554784362276703,0.09554784362276703,True,moderate_method_sensitivity
flute,C#7,97.0,high,6.88706713,6.6815575,7.08464776,False,6.879582223214202,6.8795822520597545,6.879582335503427,6.784312315,6.732934907500001,6.88310263,6.7205861181249995,6.689771055859376,6.794678854375,6.70823732875,6.675878667812501,6.807027643750001,"6.88**2 * Matern(length_scale=1e+05, nu=1.5)",0.18251001081242926,0.18250998164040774,0.18251001081242926,0.09526990821420167,0.09526990821420167,0.01404267725168865,0.15899610508920237,0.15899610508920237,0.17134489446420176,0.17134489446420176,False,0.1466473445597538,0.1466473445597538,0.021780597402835326,0.18981119620037834,0.18981119620037834,0.2037035842472532,0.2037035842472532,False,-0.0035202944965728733,0.0035202944965728733,0.000511440070823537,0.0849034811284266,0.0849034811284266,0.07255469175342633,0.07255469175342633,False,moderate_method_sensitivity
flute,D7,98.0,high,6.43665581,6.4955025,6.82227052,True,6.579747354056766,6.579747404916543,6.579747554536497,6.466079155,6.4807908275,6.65888651,6.453612555648244,6.472282780416775,6.613762023726756,6.43258898875,6.4556732028125,6.625396343749999,"6.58**2 * Matern(length_scale=1e+05, nu=1.5)",0.18250402986720263,0.18250400318167362,0.18250402986718317,0.11366819905676628,0.11366819905676628,0.01757915366205663,0.12613479840852193,0.12613479840852193,0.1471583653067663,0.1471583653067663,True,0.09895657741654329,0.09895657741654329,0.015269213287464846,0.10746462449976857,0.10746462449976857,0.12407420210404307,0.12407420210404307,True,-0.07913895546350336,0.07913895546350336,0.011884713058956062,-0.03401446919025908,0.03401446919025908,-0.04564878921350246,0.04564878921350246,True,moderate_method_sensitivity
clarinet,D3,50.0,low,23.6810972,34.3864529,42.7300255,True,29.063613770783054,31.771727925685266,38.97383715863954,29.033775050000003,31.710113975000002,38.5582392,29.34729955571835,31.952120461120643,38.835160469281654,29.328997937500006,31.931531140624998,38.853462087500006,"41.8**2 * Matern(length_scale=20.1, nu=1.5)",0.7554684240969458,0.577700160580067,0.7554684240973972,0.02983872078305083,0.02983872078305083,0.0010277244599320827,-0.2836857849352974,0.2836857849352974,-0.2653841667169523,0.2653841667169523,False,0.06161395068526332,0.06161395068526332,0.0019430378185912311,-0.18039253543537725,0.18039253543537725,-0.15980321493973193,0.15980321493973193,False,0.4155979586395375,0.4155979586395375,0.010778447544864483,0.13867668935788657,0.13867668935788657,0.12037507113953438,0.12037507113953438,True,stable_across_methods
clarinet,D#3,51.0,low,24.3099558,38.5630291,43.3637747,True,31.90341428375214,35.509721277676526,42.18250545757567,31.436492450000003,34.999760775,40.9634019,32.91110621924646,36.215623404464765,41.851870055753544,32.6180334125,35.885916496875,42.1449428625,"32.8**2 * Matern(length_scale=10.1, nu=1.5)",1.5362224845814072,1.10849441422505,1.5362224845814072,0.4669218337521386,0.4669218337521386,0.014852860397666234,-1.0076919354943215,1.0076919354943215,-0.7146191287478558,0.7146191287478558,False,0.5099605026765275,0.5099605026765275,0.014570399665153926,-0.7059021267882386,0.7059021267882386,-0.3761952191984719,0.3761952191984719,False,1.2191035575756715,1.2191035575756715,0.02976079868932154,0.33063540182212847,0.33063540182212847,0.03756259507566995,0.03756259507566995,True,moderate_method_sensitivity
clarinet,E3,52.0,low,21.9386816,39.4500558,41.2812875,True,31.493484715620085,35.96008525257695,42.23223501885111,30.6943687,35.07221225,40.365671649999996,33.44883372301103,37.43597872119991,40.78013730823897,32.6543865125,36.54222560937501,42.3256894625,"30.2**2 * Matern(length_scale=6.98, nu=1.5)",2.3942590242923036,1.715381179524703,2.394259024292327,0.7991160156200863,0.7991160156200863,0.026034613170593936,-1.955349007390943,1.955349007390943,-1.1609017968799122,1.1609017968799122,False,0.8878730025769528,0.8878730025769528,0.0253155688112304,-1.4758934686229566,1.4758934686229566,-0.5821403567980568,0.5821403567980568,False,1.8665633688511107,1.8665633688511107,0.046241355403065884,1.4520977106121364,1.4520977106121364,-0.09345444364889488,0.09345444364889488,True,moderate_method_sensitivity
clarinet,F3,53.0,low,21.5397153,35.6092737,39.6098659,True,29.068217908542778,32.636274800548335,38.89009873342206,28.5744945,32.0918841,37.6095698,30.183776714481663,33.43034380066687,38.38829277301834,29.833115275000004,33.03584968125,38.868190575,"29.6**2 * Matern(length_scale=9.1, nu=1.5)",1.6145368497808965,1.1642793870471673,1.6145368497809316,0.4937234085427775,0.4937234085427775,0.017278465190093826,-1.1155588059388855,1.1155588059388855,-0.7648973664572267,0.7648973664572267,False,0.5443907005483339,0.5443907005483339,0.016963500767109337,-0.7940690001185331,0.7940690001185331,-0.3995748807016639,0.3995748807016639,False,1.2805289334220546,1.2805289334220546,0.03404795482191489,0.5018059604037148,0.5018059604037148,0.02190815842205751,0.02190815842205751,True,moderate_method_sensitivity
clarinet,F#3,54.0,low,22.7172979,32.8527768,40.9404481,True,27.800474138974952,30.36435579210459,37.2684082121847,27.78503735,30.318907075,36.89661245,28.055395815922722,30.52706936791306,37.13820588407728,28.0410133,30.5108890375,37.1525884,"40.7**2 * Matern(length_scale=20.7, nu=1.5)",0.7088689164596358,0.5477017453349233,0.7088689164596358,0.015436788974952265,0.015436788974952265,0.0005555792054730589,-0.25492167694777024,0.25492167694777024,-0.24053916102504758,0.24053916102504758,False,0.045448717104591196,0.045448717104591196,0.0014990222765010799,-0.16271357580847123,0.16271357580847123,-0.14653324539541046,0.14653324539541046,False,0.37179576218470345,0.37179576218470345,0.010076690988597883,0.13020232810742272,0.13020232810742272,0.11581981218470361,0.11581981218470361,True,stable_across_methods
clarinet,G3,55.0,low,21.5914613,30.821332,35.1041776,True,26.45253546180709,28.76685318622457,33.60180859534035,26.206396650000002,28.513864325,32.9627548,26.937969355475346,29.10499181709726,33.46793836952466,26.824774787500004,28.977647928125005,33.5811329375,"27.9**2 * Matern(length_scale=13.8, nu=1.5)",0.8590805105401497,0.6466410359724428,0.8590805105400173,0.2461388118070893,0.2461388118070893,0.009392318031906507,-0.4854338936682545,0.4854338936682545,-0.37223932569291307,0.37223932569291307,False,0.2529888612245692,0.2529888612245692,0.008872485971771881,-0.3381386308726917,0.3381386308726917,-0.21079474190043612,0.21079474190043612,False,0.6390537953403523,0.6390537953403523,0.019387147682825113,0.1338702258156914,0.1338702258156914,0.02067565784034997,0.02067565784034997,True,moderate_method_sensitivity
clarinet,G#3,56.0,low,17.0413694,24.9867158,29.8974588,True,21.123179480633468,23.120919738539214,27.873173577994926,21.0140426,23.000379199999998,27.442087299999997,21.438136779657672,23.33523811773988,27.776643970342324,21.393368024999997,23.284873268749998,27.821412725,"25.7**2 * Matern(length_scale=15.9, nu=1.5)",0.6680515659089034,0.5223537027447597,0.6680515659088182,0.10913688063346783,0.10913688063346783,0.005193521432828342,-0.3149572990242042,0.3149572990242042,-0.2701885443665297,0.2701885443665297,False,0.12054053853921687,0.12054053853921687,0.00524080657501581,-0.214318379200666,0.214318379200666,-0.16395353021078307,0.16395353021078307,False,0.43108627799492893,0.43108627799492893,0.015708946381601554,0.09652960765260232,0.09652960765260232,0.05176085299492783,0.05176085299492783,True,stable_across_methods
clarinet,A3,57.0,low,16.937688,26.2632888,28.0470952,True,22.016473237020758,24.360340040734194,28.049300329520683,21.600488400000003,23.9318886,27.155192,22.863204249435864,24.99892231811535,27.52953840056414,22.5432127,24.638931825,28.0979163,"20.7**2 * Matern(length_scale=9.13, nu=1.5)",1.1408577639154789,0.8385976467357191,1.1408577639154291,0.41598483702075484,0.41598483702075484,0.01925812182194708,-0.8467310124151055,0.8467310124151055,-0.5267394629792435,0.5267394629792435,False,0.42845144073419306,0.42845144073419306,0.01790295149268717,-0.6385822773811576,0.6385822773811576,-0.27859178426580655,0.27859178426580655,False,0.8941083295206838,0.8941083295206838,0.03292587029105461,0.5197619289565445,0.5197619289565445,-0.048615970479318094,0.048615970479318094,True,moderate_method_sensitivity
clarinet,A#3,58.0,low,17.1246271,24.3343389,27.8046099,True,20.908369679722963,22.709369105898908,26.544415464662755,20.729483000000002,22.53191095,26.069474399999997,21.278745028937564,22.97454444505476,26.45507257106243,21.196913099999996,22.882483525,26.5369045,"22.3**2 * Matern(length_scale=14.3, nu=1.5)",0.6756953059304178,0.5275202522833458,0.6756953059303757,0.1788866797229609,0.1788866797229609,0.00862957748261068,-0.37037534921460136,0.37037534921460136,-0.2885434202770334,0.2885434202770334,False,0.17745815589890768,0.17745815589890768,0.007875859100131393,-0.2651753391558529,0.2651753391558529,-0.17311441910109338,0.17311441910109338,False,0.4749410646627581,0.4749410646627581,0.018218283091382854,0.08934289360032466,0.08934289360032466,0.007510964662756692,0.007510964662756692,True,moderate_method_sensitivity
clarinet,B3,59.0,low,15.9355537,23.6729319,27.1994762,True,19.999565430526836,21.940241195542328,25.98065915968442,19.804242799999997,21.73858735,25.43620405,20.428981515317282,22.24403556566944,25.86417380968272,20.3305970375,22.133353028124997,25.962558287500002,"21.5**2 * Matern(length_scale=12.8, nu=1.5)",0.753012112586978,0.5776518102679243,0.7530121125870157,0.19532263052683874,0.19532263052683874,0.009862665919589652,-0.42941608479044646,0.42941608479044646,-0.3310316069731627,0.3310316069731627,False,0.20165384554232801,0.20165384554232801,0.009276308634761771,-0.3037943701271111,0.3037943701271111,-0.1931118325826695,0.1931118325826695,False,0.5444551096844208,0.5444551096844208,0.021404731170350112,0.11648535000170313,0.11648535000170313,0.01810087218441936,0.01810087218441936,True,moderate_method_sensitivity
clarinet,C4,60.0,low,16.560375,23.0621723,28.2302213,True,19.827443442063487,21.46134742810674,25.866105189501937,19.81127365,21.436722975000002,25.6461968,19.98751932951425,21.57247991289103,25.803388195485752,19.9779921875,21.561761878125,25.8129153375,"28**2 * Matern(length_scale=22, nu=1.5)",0.48582597471699573,0.40892474122650563,0.48582597471711275,0.016169792063486454,0.016169792063486454,0.0008161914447881272,-0.16007588745076262,0.16007588745076262,-0.1505487454365131,0.1505487454365131,False,0.024624453106738997,0.024624453106738997,0.0011487041715964048,-0.11113248478428872,0.11113248478428872,-0.10041445001825977,0.10041445001825977,False,0.21990838950193847,0.21990838950193847,0.008574697886664368,0.06271699401618491,0.06271699401618491,0.05318985200193538,0.05318985200193538,True,stable_across_methods
clarinet,C#4,61.0,low,16.514693,23.4855035,26.5949673,True,20.19090586361137,21.930013530282046,25.521294940938308,20.00009825,21.742800875,25.0402354,20.57521197820728,22.208803192670686,25.43045834679272,20.482766587500002,22.104802128125,25.522903737500002,"21**2 * Matern(length_scale=13.7, nu=1.5)",0.6761436165253862,0.5279296561787238,0.6761436165254282,0.19080761361136922,0.19080761361136922,0.009540333813678602,-0.3843061145959119,0.3843061145959119,-0.2918607238886324,0.2918607238886324,False,0.18721265528204611,0.18721265528204611,0.008610328372979046,-0.27878966238863967,0.27878966238863967,-0.17478859784295508,0.17478859784295508,False,0.4810595409383076,0.4810595409383076,0.01921146240255823,0.09083659414558909,0.09083659414558909,-0.0016087965616939925,0.0016087965616939925,True,moderate_method_sensitivity
clarinet,D4,62.0,low,16.566372,22.9764229,26.1821162,True,19.924302584567357,21.519102136292144,24.97737380274959,19.771397450000002,21.373910175,24.57926955,20.23868105376497,21.74939996673559,24.913075346235033,20.17194215,21.6743187,24.979814249999997,"21.2**2 * Matern(length_scale=15.3, nu=1.5)",0.5930788279824057,0.4751842418755752,0.5930788279823099,0.1529051345673551,0.1529051345673551,0.007733653372455729,-0.3143784691976137,0.3143784691976137,-0.24763956543264243,0.24763956543264243,False,0.14519196129214507,0.14519196129214507,0.006792952721489814,-0.23029783044344754,0.23029783044344754,-0.15521656370785664,0.15521656370785664,False,0.39810425274959016,0.39810425274959016,0.016196748725170726,0.06429845651455679,0.06429845651455679,-0.0024404472504073738,0.0024404472504073738,True,moderate_method_sensitivity
clarinet,D#4,63.0,low,15.7200236,23.5323358,24.8957189,True,19.99455082299711,21.947222153747912,24.95990394458185,19.626179699999998,21.579257749999996,24.21402735,20.71557604936053,22.502535091468097,24.504228094389468,20.4322958375,22.183844853124995,25.0201434875,"18.4**2 * Matern(length_scale=9.53, nu=1.5)",0.9632601230008689,0.7182302423467661,0.9632601230009279,0.36837112299711094,0.36837112299711094,0.018769374816083588,-0.7210252263634196,0.7210252263634196,-0.43774501450289094,0.43774501450289094,False,0.3679644037479157,0.3679644037479157,0.017051763689504833,-0.5553129377201849,0.5553129377201849,-0.23662269937708302,0.23662269937708302,False,0.7458765945818513,0.7458765945818513,0.03080349186860282,0.45567585019238166,0.45567585019238166,-0.06023954291815059,0.06023954291815059,True,moderate_method_sensitivity
clarinet,E4,64.0,low,16.1216899,23.981049,24.5639047,True,20.489932074658565,22.450370117132554,25.083918779663428,20.05136945,22.016209224999997,24.272476849999997,21.352917053965786,23.13936418258651,24.40813059603421,20.960932375,22.69838141875,25.182039775,"18.1**2 * Matern(length_scale=8.84, nu=1.5)",1.0475312930048135,0.7756368080137065,1.047531293004895,0.4385626246585659,0.4385626246585659,0.02187195372127393,-0.8629849793072211,0.8629849793072211,-0.4710003003414336,0.4710003003414336,False,0.4341608921325566,0.4341608921325566,0.019720056604456467,-0.6889940654539579,0.6889940654539579,-0.24801130161744567,0.24801130161744567,False,0.811441929663431,0.811441929663431,0.03343053676301811,0.6757881836292192,0.6757881836292192,-0.09812099533657204,0.09812099533657204,True,moderate_method_sensitivity
clarinet,F4,65.0,low,15.9375833,19.0223017,23.0463298,True,17.409988544010638,18.22645138301289,21.038227238432984,17.4799425,18.2511221,21.034315749999998,17.370285980632733,18.171788657899324,20.909144844367265,17.3625287875,18.163061815625,20.9169020375,"24.9**2 * Matern(length_scale=30.2, nu=1.5)",0.3378186870745603,0.3191449075064229,0.33781868707439205,-0.06995395598936227,0.06995395598936227,0.004001955726648544,0.039702563377904454,0.039702563377904454,0.04745975651063716,0.04745975651063716,False,-0.024670716987110097,0.024670716987110097,0.001351736997426043,0.05466272511356607,0.05466272511356607,0.06338956738789037,0.06338956738789037,False,0.003911488432986943,0.003911488432986943,0.00018595748392656619,0.12908239406571909,0.12908239406571909,0.12132520093298282,0.12132520093298282,True,stable_across_methods
clarinet,F#4,66.0,middle,15.9239823,19.9808851,22.1983636,True,18.035015109619632,19.018132725612134,21.274409729042148,17.9524337,18.966659399999998,21.08962435,18.216065078053177,19.177021686247326,21.285849046946815,18.182361737500003,19.139105428125,21.3195523875,"18.7**2 * Matern(length_scale=21.3, nu=1.5)",0.3836338086905388,0.34741715773775533,0.3836338086905388,0.08258140961963178,0.08258140961963178,0.004600011953790521,-0.1810499684335447,0.1810499684335447,-0.14734662788037056,0.14734662788037056,False,0.05147332561213602,0.05147332561213602,0.002713884639702869,-0.15888896063519198,0.15888896063519198,-0.12097270251286574,0.12097270251286574,False,0.18478537904214676,0.18478537904214676,0.008761909457251511,-0.011439317904667234,0.011439317904667234,-0.045142658457852036,0.045142658457852036,True,stable_across_methods
clarinet,G4,67.0,middle,15.7078432,22.510107,21.7915544,False,19.604102927890093,21.284966488371996,22.931421371216253,19.108975100000002,20.80954105,22.1508307,20.4293091,21.94237853125,22.420287925,20.049077150000002,21.514617587500002,23.09093275,"16.1**2 * Matern(length_scale=8.24, nu=1.5)",1.0342226514568296,0.7673225140392493,1.034222651456857,0.4951278278900908,0.4951278278900908,0.025910747452389048,-0.8252061721099082,0.8252061721099082,-0.44497422210990933,0.44497422210990933,False,0.475425438371996,0.475425438371996,0.022846512435313705,-0.6574120428780041,0.6574120428780041,-0.22965109912800585,0.22965109912800585,False,0.7805906712162525,0.7805906712162525,0.03523979221313142,0.5111334462162525,0.5111334462162525,-0.15951137878374766,0.15951137878374766,True,moderate_method_sensitivity
clarinet,G#4,68.0,middle,15.608355,19.5059884,20.8002634,True,17.701337331122033,18.637582097307167,20.408071398713577,17.557171699999998,18.53158005,20.1531259,17.96417849119733,18.867430265097,20.396033183802665,17.882591499999997,18.775644900000003,20.478545699999998,"16.2**2 * Matern(length_scale=17, nu=1.5)",0.4309109085867541,0.3758956732518747,0.4309109085867541,0.14416563112203562,0.14416563112203562,0.00821121041505994,-0.2628411600752969,0.2628411600752969,-0.1812541688779632,0.1812541688779632,False,0.10600204730716811,0.10600204730716811,0.005720076055099691,-0.2298481677898323,0.2298481677898323,-0.13806280269283633,0.13806280269283633,False,0.2549454987135782,0.2549454987135782,0.01265041959141327,0.012038214910912615,0.012038214910912615,-0.07047430128642063,0.07047430128642063,True,moderate_method_sensitivity
clarinet,A4,69.0,middle,16.1795844,17.4293272,20.1126925,True,16.756771165056172,17.14251668740694,18.754051548081915,16.8044558,17.1168915,18.77100985,16.657912804816398,17.01923168510595,18.559147220183604,16.625252987499998,16.982489390625,18.5918070375,"19.8**2 * Matern(length_scale=30.9, nu=1.5)",0.3009832909122688,0.29366603123542345,0.30098329091217435,-0.047684634943827575,0.047684634943827575,0.002837618516859533,0.0988583602397739,0.0988583602397739,0.131518177556174,0.131518177556174,False,0.025625187406937755,0.025625187406937755,0.0014970701547613217,0.12328500230098882,0.12328500230098882,0.16002729678194072,0.16002729678194072,False,-0.016958301918084118,0.016958301918084118,0.0009034304522558289,0.19490432789831047,0.19490432789831047,0.16224451058191391,0.16224451058191391,True,stable_across_methods
clarinet,A#4,70.0,middle,15.1889233,18.0292742,21.7108135,True,16.555265213639704,17.309057009841705,19.87719264165661,16.60909875,17.319186475,19.870043850000002,16.51073118969964,17.247953675912097,19.758114310300357,16.5039502,17.240325062500002,19.7648953,"23.4**2 * Matern(length_scale=31, nu=1.5)",0.3218959914967084,0.308611358777043,0.32189599149688497,-0.05383353636029753,0.05383353636029753,0.0032412075556054794,0.044534023940062895,0.044534023940062895,0.05131501363970514,0.05131501363970514,False,-0.010129465158293272,0.010129465158293272,0.0005848695706876885,0.06110333392960854,0.06110333392960854,0.0687319473417034,0.0687319473417034,False,0.007148791656607756,0.007148791656607756,0.0003597773467725767,0.11907833135625268,0.11907833135625268,0.11229734165661043,0.11229734165661043,True,stable_across_methods
clarinet,B4,71.0,middle,15.0915808,17.7946963,20.105251,True,16.45288473610579,17.111959666357343,18.981637712467236,16.44313855,17.118917425,18.949973649999997,16.49412969755036,17.157881178494154,18.997122702449634,16.492208649999995,17.15572,18.99904375,"20.4**2 * Matern(length_scale=36.1, nu=1.5)",0.2798455143264036,0.2767518362137516,0.2798455143264036,0.009746186105790144,0.009746186105790144,0.0005927205488267411,-0.04124496144456913,0.04124496144456913,-0.03932391389420431,0.03932391389420431,False,-0.006957758642656131,0.006957758642656131,0.00040643683650785125,-0.04592151213681106,0.04592151213681106,-0.043760333642655524,0.043760333642655524,False,0.03166406246723952,0.03166406246723952,0.001670929102702975,-0.015484989982397224,0.015484989982397224,-0.017406037532762042,0.017406037532762042,True,stable_across_methods
clarinet,C5,72.0,middle,12.3501129,13.1828281,15.682957,True,12.696619168848308,12.979221694652642,14.402420594783543,12.7664705,12.9746493,14.43289255,12.610305429378387,12.877030645550686,14.17232815187161,12.558043787499999,12.818329265625,14.224465837499999,"15**2 * Matern(length_scale=23.3, nu=1.5)",0.3186483967021055,0.3059809636231625,0.3186483967020163,-0.06985133115169262,0.06985133115169262,0.005471467713154753,0.08631373946992049,0.08631373946992049,0.13857538134830882,0.13857538134830882,False,0.004572394652642586,0.004572394652642586,0.0003524098838372908,0.10219104910195576,0.10219104910195576,0.16089242902764234,0.16089242902764234,False,-0.030471955216457403,0.030471955216457403,0.0021112853927854817,0.23009244291193198,0.23009244291193198,0.17795475728354404,0.17795475728354404,True,stable_across_methods
clarinet,C#5,73.0,middle,12.3301758,14.8024308,16.5867157,True,13.582613332189737,14.167040901710896,15.731440255904175,13.5663033,14.184367049999999,15.69457325,13.659249204545144,14.256682594175787,15.773619870454855,13.6522995625,14.248864246875,15.7805695125,"15.7**2 * Matern(length_scale=30.4, nu=1.5)",0.2789270742474162,0.2756795227441661,0.2789270742471105,0.01631003218973781,0.01631003218973781,0.0012022458756128364,-0.07663587235540703,0.07663587235540703,-0.06968623031026233,0.06968623031026233,False,-0.017326148289102505,0.017326148289102505,0.0012214960475872983,-0.08964169246489107,0.08964169246489107,-0.0818233451641035,0.0818233451641035,False,0.0368670059041758,0.0368670059041758,0.0023490288851387405,-0.042179614550679645,0.042179614550679645,-0.049129256595824344,0.049129256595824344,True,stable_across_methods
clarinet,D5,74.0,middle,13.1466965,16.1876303,15.8872721,False,14.886053752545292,15.596757609218681,16.33620652203306,14.6671634,15.42739685,16.0374512,15.256110875,15.933339696874999,16.150085524999998,15.0848249,15.740642974999998,16.4551127,"11.9**2 * Matern(length_scale=12.5, nu=1.5)",0.4739583902212974,0.40203135540161783,0.47395839022123737,0.21889035254529254,0.21889035254529254,0.014923836775779872,-0.3700571224547069,0.3700571224547069,-0.19877114745470692,0.19877114745470692,False,0.16936075921868188,0.16936075921868188,0.010977921995873328,-0.3365820876563177,0.3365820876563177,-0.14388536578131728,0.14388536578131728,False,0.29875532203305966,0.29875532203305966,0.01862860365449216,0.1861209970330613,0.1861209970330613,-0.11890617796694158,0.11890617796694158,True,moderate_method_sensitivity
clarinet,D#5,75.0,middle,13.3214551,14.328156,14.2685091,False,13.78753879575223,13.887907613405766,14.170038856065295,13.82480555,14.076480775,14.29833255,14.0172899,14.243040615625,14.3207001375,13.958099025,14.17645088125,14.431626025,"13.6**2 * Matern(length_scale=102, nu=1.5)",0.21091939140113453,0.19386391334531336,0.21091939140126928,-0.037266754247770706,0.037266754247770706,0.0026956440083723784,-0.2297511042477698,0.2297511042477698,-0.17056022924776926,0.17056022924776926,False,-0.18857316159423476,0.18857316159423476,0.013396328571637235,-0.35513300221923494,0.35513300221923494,-0.28854326784423456,0.28854326784423456,False,-0.12829369393470458,0.12829369393470458,0.008972633241398808,-0.15066128143470436,0.15066128143470436,-0.2615871689347049,0.2615871689347049,False,moderate_method_sensitivity
clarinet,E5,76.0,middle,11.6769929,12.8227432,13.9098197,True,12.275804855043987,12.548923836893815,13.3505794501954,12.24986805,12.536305625,13.366281449999999,12.25729863868813,12.541914702899147,13.37351931131187,12.257202275,12.541806293750001,13.373615675,"13.6**2 * Matern(length_scale=48.1, nu=1.5)",0.23154077656508737,0.22214084816124124,0.23154077656508737,0.025936805043986766,0.025936805043986766,0.0021173130141582844,0.018506216355856253,0.018506216355856253,0.018602580043987516,0.018602580043987516,False,0.01261821189381429,0.01261821189381429,0.0010065335252078533,0.007009133994667849,0.007009133994667849,0.007117543143813521,0.007117543143813521,False,-0.015701999804598188,0.015701999804598188,0.001174747057611763,-0.02293986111646973,0.02293986111646973,-0.023036224804599215,0.023036224804599215,True,stable_across_methods
clarinet,F5,77.0,middle,11.622421,12.7151,13.2176357,True,12.166194636602853,12.363935877892207,12.909410504025175,12.1687605,12.441930249999999,12.966367850000001,12.256173484638834,12.51260689053119,13.026490690361165,12.242528412499999,12.497256184374999,13.0401357625,"12.3**2 * Matern(length_scale=55, nu=1.5)",0.22331482848162768,0.21017207994441658,0.22331482848162768,-0.002565863397146373,0.002565863397146373,0.00021085659440387317,-0.08997884803598133,0.08997884803598133,-0.07633377589714563,0.07633377589714563,False,-0.07799437210779203,0.07799437210779203,0.006268671383026925,-0.1486710126389834,0.1486710126389834,-0.13332030648279236,0.13332030648279236,False,-0.05695734597482627,0.05695734597482627,0.004392698605633517,-0.11708018633598982,0.11708018633598982,-0.13072525847482552,0.13072525847482552,True,moderate_method_sensitivity
clarinet,F#5,78.0,middle,11.2658082,13.2785945,13.9547767,True,12.306203476484827,12.741313150731655,13.66756043330614,12.27220135,12.775397925,13.6166856,12.480800929259633,12.947419134479588,13.742237045740367,12.439276862500002,12.900704559375,13.783761112500002,"11.4**2 * Matern(length_scale=24, nu=1.5)",0.28127820691519123,0.2773192364942557,0.28127820691524175,0.034002126484827144,0.034002126484827144,0.002770662370596384,-0.17459745277480643,0.17459745277480643,-0.13307338601517493,0.13307338601517493,False,-0.03408477426834544,0.03408477426834544,0.0026680009866186178,-0.20610598374793376,0.20610598374793376,-0.1593914086433461,0.1593914086433461,False,0.05087483330613907,0.05087483330613907,0.0037362126732322486,-0.07467661243422796,0.07467661243422796,-0.11620067919386301,0.11620067919386301,True,moderate_method_sensitivity
clarinet,G5,79.0,middle,11.2296583,13.2994375,13.0263749,False,12.393715248488903,12.848633650356764,13.329943456359283,12.2645479,12.7819927,13.1629062,12.6696979125,13.1279657546875,13.265304675,12.557403125,13.00163411875,13.455761425000002,"9.86**2 * Matern(length_scale=14.9, nu=1.5)",0.3583546024001424,0.3313779896088611,0.3583546024001424,0.12916734848890243,0.12916734848890243,0.010531765992687136,-0.2759826640110976,0.2759826640110976,-0.16368787651109784,0.16368787651109784,False,0.06664095035676354,0.06664095035676354,0.005213658927904374,-0.2793321043307362,0.2793321043307362,-0.15300046839323578,0.15300046839323578,False,0.1670372563592828,0.1670372563592828,0.012689998228452223,0.06463878135928347,0.06463878135928347,-0.12581796864071926,0.12581796864071926,True,moderate_method_sensitivity
clarinet,G#5,80.0,middle,11.4969635,14.7555582,14.1307474,False,13.38639748700004,14.156078467527065,14.798211327349208,13.12626085,13.940909524999999,14.4431528,13.77629803125,14.490166721093749,14.677456849999999,13.6116865375,14.304978790625,14.928578487500001,"10.6**2 * Matern(length_scale=10.3, nu=1.5)",0.540178620470674,0.4430118177632688,0.540178620470674,0.2601366370000413,0.2601366370000413,0.019818030433247202,-0.3899005442499597,0.3899005442499597,-0.22528905049995984,0.22528905049995984,False,0.21516894252706642,0.21516894252706642,0.01543435470556692,-0.3340882535666836,0.3340882535666836,-0.14890032309793533,0.14890032309793533,False,0.3550585273492075,0.3550585273492075,0.024583173235500737,0.12075447734920886,0.12075447734920886,-0.13036716015079364,0.13036716015079364,True,moderate_method_sensitivity
clarinet,A5,81.0,high,10.835534,13.1875035,13.2128516,True,12.136441429896387,12.66715808324279,13.376858443087379,12.01151875,12.599511125,13.20017755,12.444659318398687,12.977733886323524,13.206447006601314,12.302346425,12.81763188125,13.491005225000002,"9.98**2 * Matern(length_scale=14.7, nu=1.5)",0.36507125157621817,0.3355876258825375,0.365071251576296,0.12492267989638606,0.12492267989638606,0.010400240177486803,-0.30821788850230014,0.30821788850230014,-0.16590499510361312,0.16590499510361312,False,0.06764695824278988,0.06764695824278988,0.005369014525378252,-0.3105758030807344,0.3105758030807344,-0.1504737980072104,0.1504737980072104,False,0.17668089308737933,0.17668089308737933,0.013384736108142677,0.17041143648606472,0.17041143648606472,-0.1141467819126234,0.1141467819126234,True,moderate_method_sensitivity
clarinet,A#5,82.0,high,11.1910035,12.6019177,13.6075529,True,11.907664331762986,12.218385671089889,13.084909207429842,11.896460600000001,12.24918915,13.1047353,11.951368553578513,12.291963144650827,13.151147096421484,11.947120474999998,12.28718405625,13.155395174999999,"12.9**2 * Matern(length_scale=41.3, nu=1.5)",0.23789180574241522,0.23096717123658708,0.23789180574241522,0.011203731762984503,0.011203731762984503,0.000941770173473655,-0.04370422181552769,0.04370422181552769,-0.03945614323701285,0.03945614323701285,False,-0.03080347891011037,0.03080347891011037,0.002514736161953248,-0.07357747356093824,0.07357747356093824,-0.06879838516011105,0.06879838516011105,False,-0.019826092570157883,0.019826092570157883,0.001512895309694495,-0.06623788899164218,0.06623788899164218,-0.07048596757015702,0.07048596757015702,True,stable_across_methods
clarinet,B5,83.0,high,11.603599,13.2111978,13.4083515,True,12.430904426899193,12.747083028403727,13.337466833327804,12.407398400000002,12.809298100000001,13.309774650000001,12.65259698058063,13.01903188909071,13.353678738169371,12.5837040375,12.941527328125,13.4860802875,"10.7**2 * Matern(length_scale=25.5, nu=1.5)",0.26797238813218976,0.2651628036559225,0.26797238813218976,0.023506026899191568,0.023506026899191568,0.001894516976193137,-0.2216925536814376,0.2216925536814376,-0.15279961060080716,0.15279961060080716,False,-0.06221507159627393,0.06221507159627393,0.004857024257736177,-0.2719488606869831,0.2719488606869831,-0.19444429972127253,0.19444429972127253,False,0.027692183327802766,0.027692183327802766,0.002080589946562526,-0.016211904841567204,0.016211904841567204,-0.14861345417219596,0.14861345417219596,True,moderate_method_sensitivity
clarinet,C6,84.0,high,10.832359,14.6307017,13.1711571,False,13.100776800245624,14.010536087348143,14.381079211743554,12.73153035,13.681116025,13.900929399999999,13.53494114375,14.338489700781249,14.41199043125,13.388766262499999,14.174042959374999,14.558165312499998,"10.1**2 * Matern(length_scale=7.88, nu=1.5)",0.7128191751280399,0.5538721306227997,0.7128191751280399,0.3692464502456243,0.3692464502456243,0.02900251895056939,-0.43416434350437605,0.43416434350437605,-0.28798946225437483,0.28798946225437483,False,0.32942006234814336,0.32942006234814336,0.024078449575764296,-0.32795361343310603,0.32795361343310603,-0.163506872026856,0.163506872026856,False,0.480149811743555,0.480149811743555,0.034540842408965475,-0.030911219506446486,0.030911219506446486,-0.17708610075644415,0.17708610075644415,False,moderate_method_sensitivity
clarinet,C#6,85.0,high,11.1914246,12.501458,12.9263494,True,11.833604520311397,12.068471505454522,12.6661585638572,11.846441299999999,12.173949649999999,12.7139037,11.985308485151453,12.288684202045385,12.794112064848544,11.957084049999999,12.2569317125,12.82454645,"11.5**2 * Matern(length_scale=42.3, nu=1.5)",0.23210077888554145,0.22297406587023935,0.23210077888548022,-0.012836779688601752,0.012836779688601752,0.0010835979652895214,-0.15170396484005622,0.15170396484005622,-0.12347952968860199,0.12347952968860199,False,-0.10547814454547755,0.10547814454547755,0.008664250106002167,-0.2202126965908633,0.2202126965908633,-0.1884602070454786,0.1884602070454786,False,-0.04774513614279918,0.04774513614279918,0.0037553482604087353,-0.12795350099134417,0.12795350099134417,-0.15838788614279942,0.15838788614279942,True,moderate_method_sensitivity
clarinet,D6,86.0,high,10.3140361,11.6965232,12.82434,True,11.02203278733568,11.34004090735974,12.246848295227375,11.005279649999999,11.350901425,12.2604316,11.038728206176565,11.376593380386137,12.290650618823433,11.0371134375,11.374776765624999,12.292265387499999,"12.4**2 * Matern(length_scale=39.2, nu=1.5)",0.2392696756384507,0.2327951675367454,0.2392696756385101,0.016753137335681956,0.016753137335681956,0.0015222818382158929,-0.016695418840884102,0.016695418840884102,-0.01508065016431992,0.01508065016431992,False,-0.010860517640260525,0.010860517640260525,0.0009567978113474389,-0.03655247302639708,0.03655247302639708,-0.03473585826525927,0.03473585826525927,False,-0.013583304772625482,0.013583304772625482,0.001107897765411903,-0.043802323596057846,0.043802323596057846,-0.045417092272623805,0.045417092272623805,True,stable_across_methods
clarinet,D#6,87.0,high,9.96430152,10.9529672,11.4633773,True,10.46445112000849,10.645907315569245,11.152673832219568,10.45863436,10.70580078,11.20817225,10.527952533205395,10.76136549454357,11.258417971794605,10.518416307499999,10.750637240625,11.2679541975,"10.8**2 * Matern(length_scale=52.2, nu=1.5)",0.22184040453602794,0.20818465843279282,0.22184040453602794,0.005816760008491073,0.005816760008491073,0.000556168215492627,-0.06350141319690472,0.06350141319690472,-0.05396518749150836,0.05396518749150836,False,-0.05989346443075583,0.05989346443075583,0.005594487106713733,-0.11545817897432542,0.11545817897432542,-0.1047299250557554,0.1047299250557554,False,-0.05549841778043252,0.05549841778043252,0.004951602861067068,-0.10574413957503737,0.10574413957503737,-0.11528036528043195,0.11528036528043195,True,moderate_method_sensitivity
clarinet,E6,88.0,high,9.97827841,10.9714002,10.4283112,False,10.451436933288697,10.453843773222799,10.460957048279594,10.474839305,10.7231197525,10.6998557,10.694992703125,10.898782444609376,10.863754999375,10.666865653750001,10.8671395140625,10.89188204875,"10.5**2 * Matern(length_scale=769, nu=1.5)",0.18399544757990302,0.18291673202871903,0.18399544757982578,-0.02340237171130255,0.02340237171130255,0.0022341509048383963,-0.243555769836302,0.243555769836302,-0.21542872046130412,0.21542872046130412,False,-0.2692759792772019,0.2692759792772019,0.025111719862535586,-0.44493867138657706,0.44493867138657706,-0.41329574083970044,0.41329574083970044,False,-0.23889865172040636,0.23889865172040636,0.022327277901552107,-0.4027979510954065,0.4027979510954065,-0.43092500047040616,0.43092500047040616,False,moderate_method_sensitivity
clarinet,F6,89.0,high,8.92868195,8.95531662,9.6264601,True,9.065977103726533,9.116480546281148,9.268172408290168,8.941999285,8.9486579525,9.29088836,8.93559478340001,8.94394988851251,9.17311812597499,8.861435683749999,8.8882352515625,9.21032475875,"9.25**2 * Matern(length_scale=121, nu=1.5)",0.20225002465982392,0.188824263300036,0.20225002465982392,0.12397781872653368,0.12397781872653368,0.013864664352467982,0.13038232032652353,0.13038232032652353,0.2045414199765343,0.2045414199765343,True,0.16782259378114794,0.16782259378114794,0.01875393993959319,0.17253065776863785,0.17253065776863785,0.22824529471864707,0.22824529471864707,True,-0.022715951709832538,0.022715951709832538,0.0024449709037115733,0.09505428231517854,0.09505428231517854,0.05784764954016808,0.05784764954016808,True,moderate_method_sensitivity
clarinet,F#6,90.0,high,9.01596373,8.5704047,9.35357008,False,8.9762673781228,8.976267460767048,8.976267704669667,8.793184215,8.681794457499999,8.96198739,8.660694060624998,8.590339490546874,8.787296441875,8.63959366375,8.566601544062499,8.808396838750001,"8.98**2 * Matern(length_scale=1e+05, nu=1.5)",0.18253651378802419,0.18253646413218313,0.18253651378798527,0.18308316312280049,0.18308316312280049,0.02082103122671819,0.3155733174978028,0.3155733174978028,0.33667371437280025,0.33667371437280025,False,0.29447300326704884,0.29447300326704884,0.03391844908429737,0.3859279702201732,0.3859279702201732,0.4096659167045491,0.4096659167045491,False,0.014280314669665728,0.014280314669665728,0.0015934316852085782,0.18897126279466647,0.18897126279466647,0.1678708659196655,0.1678708659196655,False,moderate_method_sensitivity
clarinet,G6,91.0,high,8.82949313,8.1334091,9.16350434,False,8.704974491933944,8.704974568871481,8.70497479577807,8.481451114999999,8.3074301075,8.648456719999999,8.286554406875,8.169085964140626,8.411808610625,8.265678706249998,8.145600800937501,8.432684311249998,"8.71**2 * Matern(length_scale=1e+05, nu=1.5)",0.18253412278044506,0.18253407608015487,0.18253412278044506,0.22352337693394553,0.22352337693394553,0.026354378973974146,0.4184200850589441,0.4184200850589441,0.4392957856839459,0.4392957856839459,False,0.39754446137148136,0.39754446137148136,0.04785408438315668,0.5358886047308555,0.5358886047308555,0.5593737679339803,0.5593737679339803,False,0.05651807577807055,0.05651807577807055,0.006535047535980565,0.29316618515306914,0.29316618515306914,0.2722904845280709,0.2722904845280709,False,high_method_sensitivity
clarinet,G#6,92.0,high,8.64402513,10.1209025,9.10111751,False,9.532270983508424,9.83447846221727,9.773107953991426,9.382463815,9.7516831575,9.611010005,9.72311488375,10.01788456171875,9.894524526249999,9.69454661,9.98574525375,9.9230928,"7.12**2 * Matern(length_scale=11.5, nu=1.5)",0.36799449726065864,0.3370737627030136,0.3679944972606779,0.14980716850842413,0.14980716850842413,0.01596671955919759,-0.1908439002415765,0.1908439002415765,-0.16227562649157612,0.16227562649157612,False,0.08279530471726915,0.08279530471726915,0.00849036042086657,-0.18340609950148057,0.18340609950148057,-0.1512667915327306,0.1512667915327306,False,0.16209794899142516,0.16209794899142516,0.016865859977993555,-0.12141657225857294,0.12141657225857294,-0.1499848460085733,0.1499848460085733,False,moderate_method_sensitivity
clarinet,A6,93.0,high,9.28254984,9.52723062,9.43609995,False,9.411753044753294,9.41175308663118,9.411753208027566,9.40489023,9.466060424999998,9.481665284999998,9.456463543125,9.508339240546874,9.514044834375,9.446866661249999,9.4975427484375,9.52364171625,"9.41**2 * Matern(length_scale=1e+05, nu=1.5)",0.1825399296262712,0.1825398750365211,0.1825399296262712,0.006862814753294089,0.006862814753294089,0.0007297070551023421,-0.04471049837170682,0.04471049837170682,-0.03511361649670519,0.03511361649670519,False,-0.05430733836881885,0.05430733836881885,0.005737058071739369,-0.0965861539156947,0.0965861539156947,-0.08578966180632008,0.08578966180632008,False,-0.0699120769724324,0.0699120769724324,0.0073733964310081015,-0.1022916263474336,0.1022916263474336,-0.11188850822243346,0.11188850822243346,False,moderate_method_sensitivity
clarinet,A#6,94.0,high,7.25611786,9.53418302,8.0014222,False,8.658371431202205,9.178083602973636,9.066481614043406,8.39515044,8.964666730000001,8.76780261,8.91808520875,9.374335877031251,9.197574336250002,8.871503687499999,9.321931665625,9.244155857500001,"6.42**2 * Matern(length_scale=7.35, nu=1.5)",0.5322801701273803,0.4387723003483138,0.5322801701273736,0.2632209912022052,0.2632209912022052,0.03135393380779073,-0.2597137775477947,0.2597137775477947,-0.21313225629779353,0.21313225629779353,False,0.2134168729736352,0.2134168729736352,0.023806448070115283,-0.19625227405761514,0.19625227405761514,-0.1438480626513634,0.1438480626513634,False,0.2986790040434055,0.2986790040434055,0.034065434331602217,-0.13109272220659562,0.13109272220659562,-0.177674243456595,0.177674243456595,False,moderate_method_sensitivity
clarinet,B6,95.0,high,7.25905947,8.66855157,10.4766714,True,7.979739901933865,8.361690540550486,9.585168807167802,7.96380552,8.316178545,9.572611485,7.917063660964099,8.28227962842836,9.5196964115359,7.913977053750001,8.278807195312499,9.522783018750001,"10.5**2 * Matern(length_scale=27.3, nu=1.5)",0.25947131151357633,0.2565748117333608,0.25947131151354896,0.01593438193386465,0.01593438193386465,0.002000850208339172,0.06267624096976565,0.06267624096976565,0.06576284818386391,0.06576284818386391,False,0.045511995550485906,0.045511995550485906,0.00547270543846722,0.0794109121221247,0.0794109121221247,0.08288334523798646,0.08288334523798646,False,0.012557322167802809,0.012557322167802809,0.0013117969101200612,0.0654723956319021,0.0654723956319021,0.06238578841780118,0.06238578841780118,True,stable_across_methods
clarinet,C7,96.0,high,8.38137142,6.77654097,7.77973786,False,7.464603006762471,7.105831023607564,7.1445152647205115,7.578956195,7.1777485825000005,7.278139415,7.215350679999999,6.8909436596875,6.989738095,7.252952777500001,6.933246019375,6.9521359975,"8.06**2 * Matern(length_scale=10.7, nu=1.5)",0.42563373966928053,0.3725994259668861,0.42563373966924717,-0.11435318823752905,0.11435318823752905,0.015088250320403,0.24925232676247155,0.24925232676247155,0.21165022926247,0.21165022926247,False,-0.07191755889243634,0.07191755889243634,0.010019514903012602,0.2148873639200639,0.2148873639200639,0.1725850042325643,0.1725850042325643,False,-0.1336241502794886,0.1336241502794886,0.01835965796479437,0.1547771697205116,0.1547771697205116,0.19237926722051135,0.19237926722051135,False,moderate_method_sensitivity
oboe,A#3,58.0,low,34.6496348,35.2979185,35.550482,True,34.99650842134204,35.08217575544165,35.33645691982177,34.973776650000005,35.135847575,35.42420025,35.034106064424755,35.18516878185285,35.46280088557524,35.023241675,35.17294634375,35.473665275,"35.1**2 * Matern(length_scale=310, nu=1.5)",0.2074557846779038,0.1900836854176873,0.2074557846779038,0.022731771342037632,0.022731771342037632,0.0006499661609189589,-0.037597643082712295,0.037597643082712295,-0.026733253657958755,0.026733253657958755,False,-0.053671819558353207,0.053671819558353207,0.0015275515822917559,-0.10299302641120534,0.10299302641120534,-0.09077058830835227,0.09077058830835227,False,-0.08774333017822755,0.08774333017822755,0.0024769318589832542,-0.1263439657534704,0.1263439657534704,-0.13720835517823105,0.13720835517823105,True,stable_across_methods
oboe,B3,59.0,low,32.4470048,33.4080323,31.9222142,False,33.08973532311597,33.253064553017666,32.82137002688798,32.92751855,33.167775425,32.66512325,33.2005748375,33.360267860937505,33.0037783625,33.233374250000004,33.3971672,32.97097895,"25.2**2 * Matern(length_scale=28.9, nu=1.5)",0.3518927214205742,0.3280787723439292,0.3518927214205742,0.16221677311596494,0.16221677311596494,0.00492648035015578,-0.11083951438403261,0.11083951438403261,-0.14363892688403723,0.14363892688403723,False,0.08528912801766353,0.08528912801766353,0.0025714455348542125,-0.10720330791983912,0.10720330791983912,-0.14410264698233277,0.14410264698233277,False,0.15624677688798272,0.15624677688798272,0.004783290596890147,-0.18240833561201697,0.18240833561201697,-0.14960892311201945,0.14960892311201945,False,stable_across_methods
oboe,C4,60.0,low,31.8148814,27.5962582,28.924141,False,29.3487593552544,28.307215364720754,27.828042828751467,29.7055698,28.650914,28.2601996,28.831585275000002,27.927673878125002,27.76224355,29.01225655,28.130929062499998,27.566886350000004,"30.8**2 * Matern(length_scale=15.5, nu=1.5)",0.810551694791084,0.6143210225663536,0.8105516947911541,-0.356810444745598,0.356810444745598,0.012011567094922312,0.5171740802543994,0.5171740802543994,0.33650280525440124,0.33650280525440124,False,-0.34369863527924593,0.34369863527924593,0.011996079262226886,0.3795414865957518,0.3795414865957518,0.17628630222075614,0.17628630222075614,False,-0.4321567712485326,0.4321567712485326,0.01529206365720547,0.06579927875146652,0.06579927875146652,0.2611564787514631,0.2611564787514631,False,moderate_method_sensitivity
oboe,C#4,61.0,low,32.4328073,30.4138095,34.1419018,False,30.98837370430997,30.520508073989514,31.885723829318838,31.4233084,30.918558949999998,32.27785565,30.811740543750002,30.49993996015625,31.45265098125,30.704922137499995,30.379769253124998,31.5594693875,"33.6**2 * Matern(length_scale=16.2, nu=1.5)",0.8271759173351851,0.625011133804912,0.8271759173350478,-0.4349346956900284,0.4349346956900284,0.013841149065323383,0.17663316055996958,0.17663316055996958,0.2834515668099762,0.2834515668099762,False,-0.3980508760104833,0.3980508760104833,0.012874172973397368,0.020568113833263624,0.020568113833263624,0.1407388208645166,0.1407388208645166,False,-0.39213182068116126,0.39213182068116126,0.012148632949263508,0.4330728480688393,0.4330728480688393,0.3262544418188398,0.3262544418188398,False,moderate_method_sensitivity
oboe,D4,62.0,low,31.2888311,31.5396631,29.0474906,False,31.629141639078302,31.61494289574116,30.476358917211016,31.414247099999997,31.476955099999998,30.29357685,31.5083091,31.53574385,30.776536193749997,31.757122662500002,31.734111771875003,30.6364524125,"24**2 * Matern(length_scale=24.7, nu=1.5)",0.38994215399922183,0.35133891438189957,0.3899421539995134,0.2148945390783048,0.2148945390783048,0.006840671316878539,0.12083253907830027,0.12083253907830027,-0.12798102342170026,0.12798102342170026,True,0.13798779574116082,0.13798779574116082,0.004383772042206231,0.07919904574115932,0.07919904574115932,-0.11916887613384475,0.11916887613384475,True,0.18278206721101498,0.18278206721101498,0.00603369051188866,-0.30017727653898163,0.30017727653898163,-0.16009349528898298,0.16009349528898298,True,stable_across_methods
oboe,D#4,63.0,low,29.676698,27.649286,27.2580373,True,28.647077648346475,28.233485499504873,27.428210203903372,28.662992,28.156139,27.45366165,28.3892951228075,27.924925167845938,27.371671820942495,28.458471587499997,28.002748690624998,27.2491412375,"28.3**2 * Matern(length_scale=44.3, nu=1.5)",0.2819737976843854,0.27887046796975745,0.28197379768458697,-0.015914351653524506,0.015914351653524506,0.0005552229737050657,0.25778252553897474,0.25778252553897474,0.18860606084647813,0.18860606084647813,False,0.07734649950487338,0.07734649950487338,0.0027470563170921046,0.3085603316589349,0.3085603316589349,0.23073680887987535,0.23073680887987535,False,-0.025451446096628416,0.025451446096628416,0.0009270692711632663,0.05653838296087699,0.05653838296087699,0.17906896640337067,0.17906896640337067,True,moderate_method_sensitivity
oboe,E4,64.0,low,28.7147014,24.2626432,27.6542959,False,25.967999706674952,24.84624029165434,25.399474913232858,26.488672299999998,25.37565775,25.95846955,25.441933093750002,24.56575009140625,25.04428103125,25.5082084375,24.640309853124997,24.9780056875,"28.4**2 * Matern(length_scale=11.1, nu=1.5)",1.1801819304464192,0.8633919692318642,1.1801819304465637,-0.5206725933250453,0.5206725933250453,0.019656424732357968,0.52606661292495,0.52606661292495,0.4597912691749535,0.4597912691749535,False,-0.5294174583456588,0.5294174583456588,0.020863201401967946,0.2804902002480887,0.2804902002480887,0.205930438529343,0.205930438529343,False,-0.5589946367671423,0.5589946367671423,0.021534190823169787,0.3551938819828564,0.3551938819828564,0.4214692257328565,0.4214692257328565,False,moderate_method_sensitivity
oboe,F4,65.0,low,27.9000168,24.6345199,23.5868258,True,26.179160782147708,25.41222814710511,23.968605376756802,26.267268350000002,25.450894125,24.11067285,25.91876964838388,25.16279259193187,23.91237176411612,25.990043,25.2429751125,23.8334475,"27**2 * Matern(length_scale=27.9, nu=1.5)",0.3764962812668617,0.34325145542460916,0.3764962812668617,-0.08810756785229401,0.08810756785229401,0.0033542721945159556,0.2603911337638287,0.2603911337638287,0.1891177821477079,0.1891177821477079,False,-0.03866597789489035,0.03866597789489035,0.0015192384874568858,0.24943555517324256,0.24943555517324256,0.16925303460510932,0.16925303460510932,False,-0.14206747324319835,0.14206747324319835,0.00589230645395275,0.05623361264068194,0.05623361264068194,0.13515787675680357,0.13515787675680357,True,stable_across_methods
oboe,F#4,66.0,low,26.6583534,26.1337973,27.7240207,False,26.307254084467328,26.25596944961415,26.849998503366635,26.39607535,26.264936325,26.928909,26.199366812500003,26.141993489062504,26.59795735625,26.1317279125,26.066675746875,26.6645615625,"26.7**2 * Matern(length_scale=32.7, nu=1.5)",0.32977855889733065,0.31396448655355197,0.32977855889733065,-0.08882126553267256,0.08882126553267256,0.003364942111845902,0.10788727196732495,0.10788727196732495,0.17552617196732712,0.17552617196732712,False,-0.008966875385851836,0.008966875385851836,0.0003414009946529667,0.11397596055164527,0.11397596055164527,0.1892937027391497,0.1892937027391497,False,-0.07891049663336602,0.07891049663336602,0.002930326536190754,0.2520411471166355,0.2520411471166355,0.18543694086663365,0.18543694086663365,True,stable_across_methods
oboe,G4,67.0,low,27.8998781,28.5775217,28.0201026,False,28.164650078959394,28.164650368242036,28.16465122333451,28.2386999,28.4081108,28.29881215,28.400596768749995,28.53235121328125,28.445680956249998,28.3930827375,28.523897928125,28.453194987499998,"28.2**2 * Matern(length_scale=1e+05, nu=1.5)",0.18257100181121727,0.18257051305667307,0.18257100181121727,-0.07404982104060664,0.07404982104060664,0.0026222815250997672,-0.23594668979060174,0.23594668979060174,-0.2284326585406049,0.2284326585406049,False,-0.2434604317579634,0.2434604317579634,0.00857010286505794,-0.36770084503921296,0.36770084503921296,-0.359247559882963,0.359247559882963,False,-0.13416092666549062,0.13416092666549062,0.004740867777571739,-0.2810297329154885,0.2810297329154885,-0.2885437641654889,0.2885437641654889,False,moderate_method_sensitivity
oboe,G#4,68.0,low,28.1712428,28.3157858,26.2146603,False,28.392895985164902,28.35075971316447,27.392195403674894,28.2435143,28.27965005,27.26522305,28.297717925,28.313527315625002,27.66821801875,28.524222862500004,28.490181471875,27.545931612500002,"21.8**2 * Matern(length_scale=27.4, nu=1.5)",0.3396392220134636,0.32021827380039697,0.33963922201363095,0.1493816851649008,0.1493816851649008,0.005289061537391641,0.09517806016490127,0.09517806016490127,-0.13132687733510195,0.13132687733510195,True,0.07110966316447076,0.07110966316447076,0.0025145170834414464,0.037232397539469275,0.037232397539469275,-0.13942175871052953,0.13942175871052953,True,0.12697235367489412,0.12697235367489412,0.0046569343460732895,-0.2760226150751066,0.2760226150751066,-0.15373620882510863,0.15373620882510863,True,stable_across_methods
oboe,A4,69.0,low,24.3439927,24.3050367,22.8156745,True,24.330939902978248,24.221865193151075,23.568412555672474,24.3245147,24.3147757,23.5603556,24.334005458184915,24.321800677958027,23.827685504315085,24.505815475,24.450751281249996,23.741656374999998,"19.7**2 * Matern(length_scale=43, nu=1.5)",0.25691675635265715,0.2543997410440725,0.2569167563525465,0.006425202978245892,0.006425202978245892,0.00026414516620329085,-0.003065555206667625,0.003065555206667625,-0.17487557202175097,0.17487557202175097,False,-0.09291050684892355,0.09291050684892355,0.0038211541819373456,-0.09993548480695225,0.09993548480695225,-0.2288860880989212,0.2288860880989212,True,0.008056955672472554,0.008056955672472554,0.0003419708857226482,-0.25927294864261086,0.25927294864261086,-0.1732438193275243,0.1732438193275243,True,stable_across_methods
oboe,A#4,70.0,middle,23.092072,21.1999379,19.0569311,True,22.1518445542306,21.66771110665965,20.140398962025838,22.14600495,21.672971425,20.128434499999997,22.17638920921697,21.695394058806592,20.16076841578303,22.1773640375,21.696490740625,20.159793587499998,"23.5**2 * Matern(length_scale=49.6, nu=1.5)",0.25471320265950714,0.25206784371313834,0.25471320265973035,0.005839604230601481,0.005839604230601481,0.00026368657659861495,-0.024544654986371484,0.024544654986371484,-0.02551948326939879,0.02551948326939879,False,-0.005260318340351233,0.005260318340351233,0.00024271329653872015,-0.02768295214694305,0.02768295214694305,-0.02877963396534966,0.02877963396534966,False,0.011964462025840561,0.011964462025840561,0.0005944059894891757,-0.02036945375719057,0.02036945375719057,-0.01939462547415971,0.01939462547415971,True,stable_across_methods
oboe,B4,71.0,middle,23.6091754,22.0736536,23.1193682,False,22.706538473797348,22.38419417129754,22.454462500323977,22.8414145,22.45753405,22.5965109,22.488146999999998,22.18110356875,22.3044693,22.518759950000003,22.2155431375,22.273856350000003,"23.2**2 * Matern(length_scale=24.2, nu=1.5)",0.3898462250743116,0.35126792793489514,0.3898462250744574,-0.13487602620265093,0.13487602620265093,0.005904889393021214,0.21839147379735024,0.21839147379735024,0.18777852379734483,0.18777852379734483,False,-0.07333987870245906,0.07333987870245906,0.003265713792937968,0.2030906025475403,0.2030906025475403,0.16865103379754132,0.16865103379754132,False,-0.14204839967602112,0.14204839967602112,0.006286297929120603,0.14999320032397634,0.14999320032397634,0.18060615032397465,0.18060615032397465,False,stable_across_methods
oboe,C5,72.0,middle,17.0376769,20.2546241,21.6199702,True,18.733328529493257,19.48966076564461,21.087871568196803,18.6461505,19.450387300000003,20.93729715,18.92436252081181,19.676582021850784,21.121985404188194,18.8776006375,19.623974903125,21.1687472875,"17.6**2 * Matern(length_scale=23, nu=1.5)",0.34717337626966327,0.3248526671983391,0.34717337626974515,0.0871780294932556,0.0871780294932556,0.004675390209537116,-0.1910339913185517,0.1910339913185517,-0.14427210800674217,0.14427210800674217,False,0.03927346564460876,0.03927346564460876,0.0020191611117485954,-0.18692125620617261,0.18692125620617261,-0.13431413748038779,0.13431413748038779,False,0.15057441819680406,0.15057441819680406,0.007191683679037056,-0.034113835991391284,0.034113835991391284,-0.08087571930319726,0.08087571930319726,True,stable_across_methods
oboe,C#5,73.0,middle,17.4066093,19.1170859,20.0164218,True,18.260884732120783,18.616552920086512,19.547181815392072,18.2618476,18.68946675,19.566753849999998,18.378996808789758,18.783237389575977,19.65238981621024,18.3632401875,18.765511190625,19.6681464375,"18.3**2 * Matern(length_scale=48.5, nu=1.5)",0.24277711159637544,0.23751387382050698,0.24277711159625837,-0.0009628678792168444,0.0009628678792168444,5.272565516409437e-05,-0.11811207666897516,0.11811207666897516,-0.10235545537921809,0.10235545537921809,False,-0.07291382991348883,0.07291382991348883,0.00390133281429706,-0.16668446948946425,0.16668446948946425,-0.1489582705384862,0.1489582705384862,False,-0.01957203460792556,0.01957203460792556,0.001000269884211047,-0.10520800081816617,0.10520800081816617,-0.1209646221079268,0.1209646221079268,True,stable_across_methods
oboe,D5,74.0,middle,15.5987737,18.3098945,18.5247828,True,17.099984341765744,17.721489917631956,18.619464867684776,16.9543341,17.632114299999998,18.417338649999998,17.39946204567795,18.01587234045019,18.46711533557205,17.2663631625,17.866136096875,18.7293677125,"14.1**2 * Matern(length_scale=17.6, nu=1.5)",0.3820264411049149,0.346286875332432,0.38202644110495215,0.14565024176574326,0.14565024176574326,0.008590737973350616,-0.2994777039122063,0.2994777039122063,-0.16637882073425558,0.16637882073425558,False,0.08937561763195845,0.08937561763195845,0.005068910971837249,-0.29438242281823435,0.29438242281823435,-0.14464617924304335,0.14464617924304335,False,0.20212621768477845,0.20212621768477845,0.010974778795457425,0.1523495321127264,0.1523495321127264,-0.10990284481522394,0.10990284481522394,True,moderate_method_sensitivity
oboe,D#5,75.0,middle,14.6398491,16.964974,14.8801175,False,16.154704089009282,16.671359923921496,16.283527844297513,15.80241155,16.383692775,15.922545750000001,16.368676,16.814022403125,16.45877665,16.353659225,16.797128531250003,16.473793425000004,"11.8**2 * Matern(length_scale=10.4, nu=1.5)",0.5804691310267797,0.4681482266576397,0.5804691310267797,0.3522925390092819,0.3522925390092819,0.022293593474299933,-0.21397191099071833,0.21397191099071833,-0.1989551359907189,0.1989551359907189,False,0.28766714892149636,0.28766714892149636,0.017558138624306347,-0.14266247920350494,0.14266247920350494,-0.12576860732850648,0.12576860732850648,False,0.36098209429751194,0.36098209429751194,0.022671129351128534,-0.1752488057024877,0.1752488057024877,-0.19026558070249067,0.19026558070249067,False,moderate_method_sensitivity
oboe,E5,76.0,middle,12.9940043,14.6333121,13.8000054,False,13.964167113208287,14.30528502983653,14.38379020062353,13.813658199999999,14.22348515,14.21665875,14.17311008125,14.511964711718749,14.47536049375,14.1227350125,14.455292759374998,14.5257355625,"10.6**2 * Matern(length_scale=15.5, nu=1.5)",0.3618593021287941,0.3336411279416269,0.361859302128853,0.15050891320828796,0.15050891320828796,0.010895659283670995,-0.20894296804171297,0.20894296804171297,-0.15856789929171278,0.15856789929171278,False,0.08179987983652914,0.08179987983652914,0.005751043360602035,-0.2066796818822194,0.2066796818822194,-0.1500077295384692,0.1500077295384692,False,0.16713145062352908,0.16713145062352908,0.011756028864625387,-0.09157029312646969,0.09157029312646969,-0.1419453618764699,0.1419453618764699,False,moderate_method_sensitivity
oboe,F5,77.0,middle,15.2160305,14.3903606,13.8967101,True,14.790577656920505,14.645340856551734,14.209155416455646,14.80319555,14.596778075,14.14353535,14.756470887002678,14.55977623850301,14.107255162997323,14.761693124999997,14.565651256249998,14.102032925,"14.9**2 * Matern(length_scale=85.7, nu=1.5)",0.2154129303097378,0.19868473928388566,0.21541293030980377,-0.012617893079495346,0.012617893079495346,0.0008523763019191721,0.034106769917826796,0.034106769917826796,0.028884531920507328,0.028884531920507328,False,0.04856278155173399,0.04856278155173399,0.003326952105609374,0.08556461804872306,0.08556461804872306,0.07968960030173555,0.07968960030173555,False,0.06562006645564544,0.06562006645564544,0.004639580192066012,0.10190025345832332,0.10190025345832332,0.10712249145564634,0.10712249145564634,True,stable_across_methods
oboe,F#5,78.0,middle,15.2934164,14.7740456,15.1639289,False,15.074919615237702,15.074919528641336,15.074919262085457,15.033731,14.903888299999998,14.96898725,14.91198126875,14.80954113828125,14.86342345625,14.9200742375,14.818645728125,14.855330487499998,"15.1**2 * Matern(length_scale=1e+05, nu=1.5)",0.1825609860698989,0.18256084603786982,0.1825609860698989,0.041188615237702564,0.041188615237702564,0.0027397467227332035,0.16293834648770122,0.16293834648770122,0.15484537773770235,0.15484537773770235,False,0.17103122864133802,0.17103122864133802,0.011475611276645037,0.2653783903600857,0.2653783903600857,0.2562738005163361,0.2562738005163361,False,0.10593201208545722,0.10593201208545722,0.007076765469584939,0.21149580583545635,0.21149580583545635,0.21958877458545878,0.21958877458545878,False,moderate_method_sensitivity
oboe,G5,79.0,middle,14.2282373,14.1091543,16.0774252,False,14.073520375567592,14.118865939809496,15.024722820242845,14.1686958,14.138925050000001,15.09328975,14.124039675,14.111014971874999,14.71679626875,13.9077765625,13.943235621875,14.832370512499999,"15.3**2 * Matern(length_scale=21.4, nu=1.5)",0.34103466464687016,0.3208203534572136,0.34103466464687016,-0.09517542443240856,0.09517542443240856,0.006717303114970438,-0.05051929943240907,0.05051929943240907,0.165743813067591,0.165743813067591,True,-0.020059110190505436,0.020059110190505436,0.001418715363407732,0.007850967934496467,0.007850967934496467,0.17563031793449468,0.17563031793449468,False,-0.06856692975715539,0.06856692975715539,0.0045428750718282205,0.3079265514928444,0.3079265514928444,0.19235230774284595,0.19235230774284595,True,stable_across_methods
oboe,G#5,80.0,middle,12.6492112,13.0993786,15.7176686,True,12.746901049320417,12.92732015306326,14.335569470356441,12.874294899999999,12.98683675,14.408523599999999,12.778263845295934,12.921005007207924,14.041760742204065,12.603279575,12.78357525625,14.137508275,"14.8**2 * Matern(length_scale=18.9, nu=1.5)",0.3714876335088234,0.33986792671049537,0.37148763350886166,-0.12739385067958153,0.12739385067958153,0.009895209925600007,-0.03136279597551628,0.03136279597551628,0.14362147432041716,0.14362147432041716,False,-0.059516596936740385,0.059516596936740385,0.004582840154415615,0.006315145855335658,0.006315145855335658,0.14374489681325997,0.14374489681325997,False,-0.07295412964355741,0.07295412964355741,0.005063261973874784,0.293808728152376,0.293808728152376,0.1980611953564413,0.1980611953564413,True,stable_across_methods
oboe,A5,81.0,middle,14.4357296,14.6987738,15.3334056,True,14.653788254836897,14.737600044758059,14.988814877195585,14.5672517,14.633012749999999,15.0160897,14.530416778744904,14.608991632338016,14.960027721255097,14.520803249999998,14.598176412499999,14.96964125,"15**2 * Matern(length_scale=134, nu=1.5)",0.20797518849227223,0.19135983831648476,0.20797518849227223,0.08653655483689704,0.08653655483689704,0.005940486003746131,0.12337147609199306,0.12337147609199306,0.13298500483689857,0.13298500483689857,False,0.10458729475806017,0.10458729475806017,0.007147352123919948,0.12860841242004284,0.12860841242004284,0.13942363225805998,0.13942363225805998,True,-0.027274822804415066,0.027274822804415066,0.0018163731936427542,0.028787155940488418,0.028787155940488418,0.019173627195584686,0.019173627195584686,True,stable_across_methods
oboe,A#5,82.0,high,13.2569745,13.811371,14.4147464,True,13.583520016420062,13.707198418716764,14.073769079976124,13.53417275,13.672771874999999,14.1130587,13.528179889079997,13.668325792402497,14.106806835920004,13.5280503875,13.668180103125,14.106936337499999,"14**2 * Matern(length_scale=92.7, nu=1.5)",0.21306651427336828,0.19598436262052732,0.2130665142733016,0.04934726642006204,0.04934726642006204,0.003646123581514211,0.05534012734006488,0.05534012734006488,0.055469628920061353,0.055469628920061353,False,0.03442654371676568,0.03442654371676568,0.002517890595374662,0.03887262631426758,0.03887262631426758,0.03901831559176472,0.03901831559176472,False,-0.039289620023875926,0.039289620023875926,0.0027839195499042265,-0.03303775594388014,0.03303775594388014,-0.03316725752387484,0.03316725752387484,True,stable_across_methods
oboe,B5,83.0,high,13.5075125,14.28907,13.7140427,False,13.834465803234794,13.834465923396401,13.834466277635757,13.89829125,14.093680625000001,14.001556350000001,14.0807724875,14.2353821046875,14.1582213125,14.06786435,14.220860450000002,14.171129449999999,"13.8**2 * Matern(length_scale=1e+05, nu=1.5)",0.18255844919223543,0.18255833125534646,0.18255844919239114,-0.06382544676520574,0.06382544676520574,0.004592323301989065,-0.24630668426520685,0.24630668426520685,-0.23339854676520666,0.23339854676520666,False,-0.25921470160360016,0.25921470160360016,0.018392264483685937,-0.40091618129109996,0.40091618129109996,-0.38639452660360085,0.38639452660360085,False,-0.16709007236424434,0.16709007236424434,0.011933678527404871,-0.3237550348642433,0.3237550348642433,-0.3366631723642417,0.3366631723642417,False,moderate_method_sensitivity
oboe,C6,84.0,high,13.3811946,13.5526828,14.0160729,True,13.56910360909137,13.608780808676856,13.727110504160635,13.4669387,13.50981075,13.784377849999998,13.438839058220827,13.491881554560932,13.739502016779172,13.4304509625,13.482444946874999,13.747890112499999,"13.7**2 * Matern(length_scale=211, nu=1.5)",0.19923282110180487,0.1873523993661009,0.19923282110180487,0.10216490909136944,0.10216490909136944,0.00758634990232557,0.13026455087054245,0.13026455087054245,0.13865264659136933,0.13865264659136933,True,0.09897005867685671,0.09897005867685671,0.007325791641963357,0.11689925411592483,0.11689925411592483,0.12633586180185752,0.12633586180185752,True,-0.05726734583936377,0.05726734583936377,0.004154510741256543,-0.012391512618536993,0.012391512618536993,-0.020779608339363875,0.020779608339363875,True,stable_across_methods
oboe,C#6,85.0,high,13.5775567,14.6136161,15.2421934,True,14.103469787171885,14.305482692598126,14.879163821817103,14.0955864,14.35460125,14.92790475,14.152755817894853,14.39981612169421,14.972605857105146,14.146521662499998,14.392802696875,14.9788400125,"14.5**2 * Matern(length_scale=64.3, nu=1.5)",0.2220592716736751,0.2081320201243595,0.22205927167354708,0.007883387171885303,0.007883387171885303,0.000559280539891927,-0.049286030722967666,0.049286030722967666,-0.04305187532811239,0.04305187532811239,False,-0.049118557401873986,0.049118557401873986,0.0034217988048866202,-0.09433342909608378,0.09433342909608378,-0.08732000427687403,0.08732000427687403,False,-0.048740928182896326,0.048740928182896326,0.0032650883696786937,-0.09344203528804229,0.09344203528804229,-0.0996761906828958,0.0996761906828958,True,stable_across_methods
oboe,D6,86.0,high,12.0057323,12.2225903,12.8728468,True,12.20750514036167,12.286341084597085,12.522946827619101,12.1141613,12.1683758,12.547718549999999,12.07352523150398,12.142975777629479,12.480004993496017,12.0599864875,12.127744690625,12.493543737500001,"12.5**2 * Matern(length_scale=118, nu=1.5)",0.20746834628917113,0.1912975712173903,0.20746834628917113,0.09334384036167087,0.09334384036167087,0.0077053489754731,0.13397990885768962,0.13397990885768962,0.14751865286167032,0.14751865286167032,False,0.11796528459708533,0.11796528459708533,0.009694414976654924,0.1433653069676062,0.1433653069676062,0.15859639397208447,0.15859639397208447,True,-0.024771722380897643,0.024771722380897643,0.001974201308563591,0.04294183412308428,0.04294183412308428,0.029403090119100028,0.029403090119100028,True,moderate_method_sensitivity
oboe,D#6,87.0,high,10.4484172,12.1517651,11.3347116,False,11.451940607212237,11.81194958396765,11.91658854571021,11.30009115,11.725928125,11.74323835,11.670534725,12.02453333125,12.002895125,11.615141325,11.96221575625,12.058288525000002,"8.7**2 * Matern(length_scale=13.1, nu=1.5)",0.37003741075023044,0.3385476449094979,0.37003741075024965,0.15184945721223642,0.15184945721223642,0.01343789666796063,-0.21859411778776305,0.21859411778776305,-0.16320071778776324,0.16320071778776324,False,0.08602145896765023,0.08602145896765023,0.007336004284748269,-0.2125837472823502,0.2125837472823502,-0.1502661722823504,0.1502661722823504,False,0.17335019571020993,0.17335019571020993,0.014761702908824116,-0.08630657928978991,0.08630657928978991,-0.1416999792897915,0.1416999792897915,False,moderate_method_sensitivity
oboe,E6,88.0,high,10.1800791,10.4688276,12.0629523,True,10.368221318425817,10.548443618843022,11.297123551930973,10.324453349999999,10.396640475,11.265889949999998,10.263336499972878,10.354954190594487,11.04615520002712,10.161281325000001,10.274261456249999,11.102717925,"11.5**2 * Matern(length_scale=33, nu=1.5)",0.2478698549081959,0.24360587296694378,0.24786985490808125,0.04376796842581854,0.04376796842581854,0.00423925286328293,0.1048848184529394,0.1048848184529394,0.20693999342581648,0.20693999342581648,False,0.15180314384302207,0.15180314384302207,0.014601172773844723,0.19348942824853488,0.19348942824853488,0.2741821625930232,0.2741821625930232,True,0.031233601930974686,0.031233601930974686,0.002772404316888848,0.25096835190385214,0.25096835190385214,0.19440562693097263,0.19440562693097263,True,moderate_method_sensitivity
oboe,F6,89.0,high,10.3734823,10.5538953,9.74182527,False,10.304559655953648,10.26440674719127,10.139169073197268,10.4636888,10.50879205,10.147860285,10.531343675,10.551076346875,10.311399228125001,10.587749178750002,10.601837334062502,10.27192066375,"10.1**2 * Matern(length_scale=148, nu=1.5)",0.20023860353511433,0.18789223176279285,0.20023860353511433,-0.1591291440463518,0.1591291440463518,0.015207748155349556,-0.22678401904635237,0.22678401904635237,-0.2831895227963539,0.2831895227963539,True,-0.2443853028087304,0.2443853028087304,0.02325531817985973,-0.28666959968373007,0.28666959968373007,-0.33743058687123195,0.33743058687123195,True,-0.008691211802732468,0.008691211802732468,0.0008564575741724915,-0.17223015492773364,0.17223015492773364,-0.13275159055273278,0.13275159055273278,True,moderate_method_sensitivity
oboe,F#6,90.0,high,11.2230371,10.8045572,12.4358604,False,10.932947839860269,10.905136625654643,11.558529285178968,11.01379715,10.909177175,11.6202088,10.8568671875,10.8110959484375,11.288184456249999,10.7575742625,10.717010009374999,11.3639859125,"11.9**2 * Matern(length_scale=18.6, nu=1.5)",0.3337545726738849,0.31583576051288276,0.3337545726739701,-0.0808493101397314,0.0808493101397314,0.007340729908007376,0.07608065236026818,0.07608065236026818,0.17537357736026848,0.17537357736026848,False,-0.004040549345356581,0.004040549345356581,0.00037038076112798867,0.09404067721714249,0.09404067721714249,0.18812661627964467,0.18812661627964467,False,-0.061679514821031844,0.061679514821031844,0.005307952368380149,0.2703448289289696,0.2703448289289696,0.19454337267896804,0.19454337267896804,True,stable_across_methods
oboe,G6,91.0,high,9.98623605,11.2868002,11.6754584,True,10.624487554042636,10.856382811142268,11.435467462050802,10.636518125,10.9616591625,11.4811293,10.78127394582642,11.081763869523472,11.55593811979858,10.750506368749999,11.0471503453125,11.59511754375,"10.3**2 * Matern(length_scale=38.1, nu=1.5)",0.23347426064426408,0.22491388523374403,0.23347426064429452,-0.012030570957364262,0.012030570957364262,0.0011310628925726822,-0.1567863917837844,0.1567863917837844,-0.1260188147073631,0.1260188147073631,False,-0.10527635135773217,0.10527635135773217,0.009604052616221104,-0.22538105838120437,0.22538105838120437,-0.19076753417023262,0.19076753417023262,False,-0.04566183794919709,0.04566183794919709,0.003977120782813333,-0.12047065774777721,0.12047065774777721,-0.1596500816991977,0.1596500816991977,True,moderate_method_sensitivity
oboe,G#6,92.0,high,8.94863503,9.36957917,8.92405917,False,9.077087031169102,9.077087026114869,9.077087006861605,9.1591071,9.264343135,9.14681917,9.265879126249999,9.343846157968748,9.25666317875,9.2674151175,9.345574148125,9.2551271875,"9.08**2 * Matern(length_scale=1e+05, nu=1.5)",0.18253734831340027,0.18253729753605877,0.1825373483133224,-0.0820200688308983,0.0820200688308983,0.008955028905699585,-0.18879209508089723,0.18879209508089723,-0.19032808633089893,0.19032808633089893,False,-0.18725610888513167,0.18725610888513167,0.020212561879070733,-0.26675913185387934,0.26675913185387934,-0.26848712201013036,0.26848712201013036,False,-0.06973216313839536,0.06973216313839536,0.0076236516588307456,-0.17957617188839414,0.17957617188839414,-0.17804018063839422,0.17804018063839422,False,moderate_method_sensitivity
oboe,A6,93.0,high,8.67603445,9.6493567,8.94105353,False,9.085147209959127,9.085147276631002,9.085147472547455,9.162695575,9.4060261375,9.295205115,9.389462445,9.5823126746875,9.4888446,9.3728987525,9.563678520625,9.5054082925,"9.09**2 * Matern(length_scale=1e+05, nu=1.5)",0.18253741348862845,0.18253736262161985,0.18253741348862845,-0.07754836504087415,0.07754836504087415,0.008463488108506119,-0.3043152350408729,0.3043152350408729,-0.28775154254087276,0.28775154254087276,False,-0.32087886086899786,0.32087886086899786,0.034114179163261746,-0.49716539805649873,0.49716539805649873,-0.4785312439939986,0.4785312439939986,False,-0.21005764245254532,0.21005764245254532,0.022598494584435573,-0.4036971274525456,0.4036971274525456,-0.4202608199525457,0.4202608199525457,False,high_method_sensitivity
bassoon,A#1,34.0,low,74.3597121,74.3038261,71.9541193,True,74.482483539635,74.38908428754682,73.26508400791444,74.3317691,74.31779759999999,73.12897269999999,74.34541601836298,74.32791107065837,73.552402931637,74.6184967,74.5328433,73.4157003,"59**2 * Matern(length_scale=53.7, nu=1.5)",0.33966721641863723,0.32079745284319844,0.33966721641863723,0.15071443963499576,0.15071443963499576,0.002027591182879512,0.13706752127201582,0.13706752127201582,-0.1360131603649961,0.1360131603649961,True,0.07128668754683076,0.07128668754683076,0.0009592142104441315,0.06117321688844868,0.06117321688844868,-0.1437590124531738,0.1437590124531738,True,0.13611130791444737,0.13611130791444737,0.0018612501022381705,-0.28731892372256596,0.28731892372256596,-0.1506162920855587,0.1506162920855587,True,stable_across_methods
bassoon,B1,35.0,low,74.8316832,73.8584699,74.3301187,False,74.36512124870801,74.35239180825207,74.31419077320322,74.34507655,74.101773225,74.0942943,74.13312100625002,73.93105114921875,73.94503431875,74.16446878750001,73.966317403125,73.91368653750001,"74.4**2 * Matern(length_scale=2.28e+03, nu=1.5)",0.18940825045523138,0.184317914288039,0.18940825045523138,0.020044698708005626,0.020044698708005626,0.00026961702964317717,0.23200024245798545,0.23200024245798545,0.2006524612079943,0.2006524612079943,False,0.2506185832520629,0.2506185832520629,0.0033820861815424237,0.4213406590333193,0.4213406590333193,0.3860744051270615,0.3860744051270615,False,0.21989647320322092,0.21989647320322092,0.0029677922609382475,0.36915645445321843,0.36915645445321843,0.4005042357032096,0.4005042357032096,False,stable_across_methods
bassoon,C2,36.0,low,64.5910635,62.778859,66.5346389,False,63.24328259157585,62.84333964282404,64.2446627455824,63.68496125,63.231910125,64.65674895000001,63.1104366625,62.84656923281249,63.8392774375,62.988963199999986,62.7099115875,63.960750899999994,"65.2**2 * Matern(length_scale=27, nu=1.5)",0.7610321361612251,0.5805625274876561,0.7610321361618226,-0.4416786584241521,0.4416786584241521,0.006935368252644608,0.1328459290758488,0.1328459290758488,0.25431939157586214,0.25431939157586214,False,-0.38857048217595747,0.38857048217595747,0.006145164386269716,-0.0032295899884502433,0.0032295899884502433,0.133428055324039,0.133428055324039,False,-0.412086204417605,0.412086204417605,0.0063734445531166,0.40538530808240125,0.40538530808240125,0.28391184558240923,0.28391184558240923,False,stable_across_methods
bassoon,C#2,37.0,low,49.389107,46.5847159,47.3092821,False,47.75629944260211,47.10438636025845,46.68983309710551,47.98691145,47.285813675,46.946999,47.41580273125,46.80873623984375,46.675286674999995,47.5457917875,46.954973928125,46.505879337500005,"47.9**2 * Matern(length_scale=30.8, nu=1.5)",0.5020245821462154,0.4185419770827585,0.5020245821462154,-0.23061200739788745,0.23061200739788745,0.0048057272374817,0.3404967113521167,0.3404967113521167,0.21050765510211278,0.21050765510211278,False,-0.18142731474154772,0.18142731474154772,0.0038368233650057353,0.29565012041469885,0.29565012041469885,0.14941243213345246,0.14941243213345246,False,-0.25716590289448504,0.25716590289448504,0.005477792156522828,0.01454642210551782,0.01454642210551782,0.18395375960550808,0.18395375960550808,False,stable_across_methods
bassoon,D2,38.0,low,41.3463346,42.3796552,41.4836907,False,41.73576005130038,41.73576077376611,41.73576292210323,41.862994900000004,42.12132505,41.93167295,42.112740293749994,42.31185337890625,42.16424883125,42.1041555375,42.302195528125004,42.1728335875,"41.7**2 * Matern(length_scale=1e+05, nu=1.5)",0.18257386996103572,0.1825727967761346,0.18257386996103572,-0.1272348486996222,0.1272348486996222,0.003039315486232023,-0.37698024244961204,0.37698024244961204,-0.36839548619961704,0.36839548619961704,False,-0.3855642762338931,0.3855642762338931,0.009153659714555753,-0.5760926051401398,0.5760926051401398,-0.5664347543588946,0.5664347543588946,False,-0.19591002789677248,0.19591002789677248,0.004672125248386315,-0.4284859091467723,0.4284859091467723,-0.4370706653967744,0.4370706653967744,False,moderate_method_sensitivity
bassoon,D#2,39.0,low,48.0146541,51.3770888,51.4183738,True,49.94043897087203,50.71697056079273,51.685685238369075,49.69587145,50.536480125000004,51.397731300000004,50.31355158408405,51.07569138365706,51.407927359665955,50.1110151625,50.847837909375,51.8128750125,"39.7**2 * Matern(length_scale=29.9, nu=1.5)",0.4505404760930133,0.3876648823595869,0.45054047609276093,0.2445675208720317,0.2445675208720317,0.004921284479699605,-0.3731126132120224,0.3731126132120224,-0.17057619162797266,0.17057619162797266,False,0.18049043579272706,0.18049043579272706,0.003571488068545554,-0.3587208228643277,0.3587208228643277,-0.1308673485822709,0.1308673485822709,False,0.28795393836907124,0.28795393836907124,0.005602463982083801,0.2777578787031203,0.2777578787031203,-0.12718977413092603,0.12718977413092603,True,stable_across_methods
bassoon,E2,40.0,low,43.3642774,42.5309407,43.1792639,False,43.02405462405705,43.024053601525665,43.02405051479509,42.94760905,42.739274875,42.8551023,42.75083821875,42.58736049765625,42.68145815625,42.7624015625,42.600369259375,42.669894812500004,"43**2 * Matern(length_scale=1e+05, nu=1.5)",0.1825740627163468,0.18257292225624214,0.1825740627157241,0.07644557405705399,0.07644557405705399,0.0017799727562960574,0.2732164053070534,0.2732164053070534,0.26165306155704826,0.26165306155704826,False,0.2847787265256656,0.2847787265256656,0.006663162333908587,0.4366931038694162,0.4366931038694162,0.42368434215066486,0.42368434215066486,False,0.16894821479509403,0.16894821479509403,0.003942312717220933,0.3425923585450903,0.3425923585450903,0.3541557022950883,0.3541557022950883,False,moderate_method_sensitivity
bassoon,F2,41.0,low,46.1036978,42.4101394,48.0320217,False,43.544660311401245,42.64749082059691,44.563467407265684,44.2569186,43.333529,45.221080549999996,43.21300875625,42.595791708593744,43.93613021875,43.0924885125,42.460206434374996,44.0566504625,"47.6**2 * Matern(length_scale=14.4, nu=1.5)",1.3386345927627243,0.968901651170626,1.338634592763064,-0.7122582885987541,0.7122582885987541,0.01609371621725951,0.33165155515124667,0.33165155515124667,0.45217179890124726,0.45217179890124726,False,-0.6860381794030914,0.6860381794030914,0.015831578808250108,0.05169911200316335,0.05169911200316335,0.18728438622191135,0.18728438622191135,False,-0.6576131427343128,0.6576131427343128,0.014542181096429215,0.627337188515682,0.627337188515682,0.5068169447656814,0.5068169447656814,False,moderate_method_sensitivity
bassoon,F#2,42.0,low,41.4975958,42.5057457,44.423244,True,42.0606714876263,42.399491433543815,43.49915397891042,42.00167075,42.253708225,43.464494849999994,41.905667398787884,42.18833016113637,43.33316110121212,41.888002199999995,42.1684568125,43.350826299999994,"44.8**2 * Matern(length_scale=107, nu=1.5)",0.2319637535250128,0.22258119433242626,0.2319637535245227,0.05900073762629887,0.05900073762629887,0.0014047235877229685,0.15500408883841743,0.15500408883841743,0.17266928762630585,0.17266928762630585,False,0.14578320854381843,0.14578320854381843,0.0034501873248029805,0.21116127240744476,0.21116127240744476,0.23103462104381833,0.23103462104381833,False,0.03465912891042677,0.03465912891042677,0.0007974124404307158,0.16599287769830084,0.16599287769830084,0.14832767891042664,0.14832767891042664,True,stable_across_methods
bassoon,G2,43.0,low,36.2593334,35.6704391,37.4132471,False,35.84493577098817,35.771628211197225,36.432508840716686,35.964886250000006,35.817662675,36.5418431,35.74554306875,35.680200141406246,36.17826070625,35.673423462500004,35.59906558437501,36.2503803125,"36**2 * Matern(length_scale=36.5, nu=1.5)",0.35409789801275665,0.3296475579356523,0.3540978980124356,-0.11995047901183398,0.11995047901183398,0.003335210854777386,0.09939270223816976,0.09939270223816976,0.17151230848816823,0.17151230848816823,False,-0.046034463802776315,0.046034463802776315,0.001285244774916802,0.09142806979097884,0.09142806979097884,0.1725626268222129,0.1725626268222129,False,-0.1093342592833153,0.1093342592833153,0.002992029137230774,0.25424813446668537,0.25424813446668537,0.1821285282166869,0.1821285282166869,True,stable_across_methods
bassoon,G#2,44.0,low,32.3784605,30.5017207,32.989296,False,31.12687364970322,30.701069642948177,31.444617099144434,31.4400906,30.97090565,31.74550835,30.93272843125,30.60470048046875,31.16179174375,30.8945512125,30.561751109375,31.1999689625,"32.8**2 * Matern(length_scale=19.8, nu=1.5)",0.6234698265074117,0.4937242792112275,0.6234698265072294,-0.31321695029678054,0.31321695029678054,0.009962342484368685,0.1941452184532224,0.1941452184532224,0.23232243720321932,0.23232243720321932,False,-0.269836007051822,0.269836007051822,0.008712564304745218,0.0963691624794265,0.0963691624794265,0.13931853357317792,0.13931853357317792,False,-0.30089125085556745,0.30089125085556745,0.009478230669302463,0.2828253553944329,0.2828253553944329,0.2446481366444324,0.2446481366444324,False,stable_across_methods
bassoon,A2,45.0,low,33.1918601,33.9157619,36.8294957,True,33.42862029983219,33.68220328460403,35.28166438200021,33.553810999999996,33.73478645,35.3726288,33.40885027726152,33.639571430669214,35.01650829773848,33.280082,33.5294897,35.0988998,"35.5**2 * Matern(length_scale=35.9, nu=1.5)",0.35621748300523515,0.33095536307818174,0.35621748300523515,-0.1251907001678063,0.1251907001678063,0.0037310426576524,0.01977002257066829,0.01977002257066829,0.14853829983218958,0.14853829983218958,False,-0.05258316539597274,0.05258316539597274,0.001558722343593574,0.0426318539348145,0.0426318539348145,0.1527135846040295,0.1527135846040295,False,-0.0909644179997926,0.0909644179997926,0.0025716046866099077,0.26515608426172577,0.26515608426172577,0.1827645820002104,0.1827645820002104,True,stable_across_methods
bassoon,A#2,46.0,low,32.1443998,33.7109749,34.2209153,True,32.895702891286675,33.17463330301346,33.907308715493066,32.92768735,33.319331125,33.9659451,33.09337096619561,33.456195441657556,34.06212304005439,33.0597666875,33.418390628124996,34.0980244375,"30.9**2 * Matern(length_scale=88.9, nu=1.5)",0.22918774642517836,0.21846211675601562,0.22918774642468231,-0.03198445871332467,0.03198445871332467,0.0009713545434682546,-0.19766807490893257,0.19766807490893257,-0.1640637962133269,0.1640637962133269,False,-0.14469782198654002,0.14469782198654002,0.004342758906044517,-0.28156213864409807,0.28156213864409807,-0.24375732511153814,0.24375732511153814,False,-0.05863638450693287,0.05863638450693287,0.0017263286604950931,-0.15481432456132183,0.15481432456132183,-0.1907157220069351,0.1907157220069351,True,stable_across_methods
bassoon,B2,47.0,low,30.6387029,31.7287151,33.0022022,True,31.220719647050508,31.50459660940268,32.35994133593745,31.183709,31.456212049999998,32.36545865,31.161664817553415,31.44001273068509,32.34163410744658,31.160774637499998,31.439011278125,32.3425242875,"33.2**2 * Matern(length_scale=108, nu=1.5)",0.22398680489104422,0.21037407350901405,0.2239868048915518,0.03701064705050783,0.03701064705050783,0.001186858402587961,0.05905482949709295,0.05905482949709295,0.05994500955051052,0.05994500955051052,False,0.04838455940268105,0.04838455940268105,0.001538155939620869,0.0645838787175883,0.0645838787175883,0.06558533127767774,0.06558533127767774,False,-0.005517314062551293,0.005517314062551293,0.00017046920676192217,0.018307228490868965,0.018307228490868965,0.0174170484374514,0.0174170484374514,True,stable_across_methods
bassoon,C3,48.0,middle,29.8879523,34.8370814,39.0303491,True,32.38171863199736,33.60614409492939,37.02362489051849,32.36251685,33.599799125000004,36.933715250000006,32.46090527359983,33.6750550984248,37.02429217640019,32.456999525,33.67066113125,37.028197925,"41.2**2 * Matern(length_scale=41.9, nu=1.5)",0.3410646101718163,0.3215240865304668,0.34106461017248296,0.01920178199736,0.01920178199736,0.0005933340131226537,-0.07918664160246891,0.07918664160246891,-0.07528089300264185,0.07528089300264185,False,0.006344969929386934,0.006344969929386934,0.00018883951971801954,-0.06891100349540835,0.06891100349540835,-0.06451703632060912,0.06451703632060912,False,0.08990964051848493,0.08990964051848493,0.002434351375427494,-0.0006672858816969551,0.0006672858816969551,-0.004573034481509808,0.004573034481509808,True,stable_across_methods
bassoon,C#3,49.0,middle,28.5629625,31.6113287,31.9242577,True,30.26482130820422,30.96693359482833,31.994692520300777,30.0871456,30.84923715,31.7677932,30.568207195982158,31.262207826729934,31.83874220401784,30.429075250000004,31.105684387500006,32.10972285,"24.6**2 * Matern(length_scale=24.5, nu=1.5)",0.3989605367910932,0.35677560306127026,0.3989605367910932,0.17767570820421952,0.17767570820421952,0.005905369374894092,-0.30338588777793873,0.30338588777793873,-0.1642539417957849,0.1642539417957849,False,0.1176964448283293,0.1176964448283293,0.003815214109057128,-0.2952742319016046,0.2952742319016046,-0.13875079267167578,0.13875079267167578,False,0.22689932030077742,0.22689932030077742,0.0071424325533816875,0.15595031628293654,0.15595031628293654,-0.11503032969921989,0.11503032969921989,True,stable_across_methods
bassoon,D3,50.0,middle,32.1058107,34.5793939,35.5618209,True,33.38849439153132,33.93318907927487,35.13136529157424,33.342602299999996,33.9609981,35.0706074,33.5692084180676,34.14603203595106,35.21679033193239,33.528996825,34.100793993749996,35.257001925,"29.6**2 * Matern(length_scale=44.6, nu=1.5)",0.2853984838141319,0.28178949486305005,0.2853984838141319,0.045892091531321455,0.045892091531321455,0.0013763800173246063,-0.1807140265362861,0.1807140265362861,-0.14050243346868285,0.14050243346868285,False,-0.027809020725129585,0.027809020725129585,0.0008188516910852978,-0.2128429566761909,0.2128429566761909,-0.1676049144751275,0.1676049144751275,False,0.06075789157424083,0.06075789157424083,0.0017324448043132788,-0.08542504035814602,0.08542504035814602,-0.12563663342575637,0.12563663342575637,True,stable_across_methods
bassoon,D#3,51.0,middle,28.921713,30.8687309,36.295533,True,29.589442427460632,30.140064311672234,33.406713020060714,29.89522195,30.381976424999998,33.58213195,29.56288312679915,30.17121013327404,33.04452472320085,29.460248925,30.05574665625,33.147158925,"35**2 * Matern(length_scale=22.4, nu=1.5)",0.5662828823657131,0.4579792514542107,0.5662828823659138,-0.3057795225393676,0.3057795225393676,0.01022837438874969,0.026559300661482155,0.026559300661482155,0.12919350246063388,0.12919350246063388,False,-0.2419121133277642,0.2419121133277642,0.007962356034504237,-0.031145821601807455,0.031145821601807455,0.08431765542223246,0.08431765542223246,False,-0.17541892993928343,0.17541892993928343,0.005223579318920622,0.36218829685986265,0.36218829685986265,0.2595540950607145,0.2595540950607145,True,stable_across_methods
bassoon,E3,52.0,middle,24.6644221,25.4101345,30.7624691,True,24.639839479683417,24.883709293166003,27.837971435602803,25.0372783,25.2237064,28.0863018,24.87364794916107,25.10953279280621,27.292976438338926,24.461450525,24.79183556875,27.510474025,"29.1**2 * Matern(length_scale=16.4, nu=1.5)",0.7137681337871408,0.5514598008980739,0.7137681337872204,-0.39743882031658373,0.39743882031658373,0.01587388275811847,-0.23380846947765477,0.23380846947765477,0.17838895468341676,0.17838895468341676,True,-0.339997106833998,0.339997106833998,0.013479268329653486,-0.22582349964020665,0.22582349964020665,0.09187372441600417,0.09187372441600417,False,-0.2483303643971979,0.2483303643971979,0.008841689666568986,0.5449949972638777,0.5449949972638777,0.3274974106028026,0.3274974106028026,True,moderate_method_sensitivity
bassoon,F3,53.0,middle,30.5917581,31.483153,34.341847,True,30.9384249782344,31.236657102277604,32.84508599316277,31.03745555,31.260304275000003,32.9125,30.86757789374893,31.152760183592548,32.602084712501075,30.791543162500002,31.075869984375004,32.6665876125,"33.2**2 * Matern(length_scale=37.2, nu=1.5)",0.3344999450476002,0.3171909160862992,0.33449994504827996,-0.09903057176559926,0.09903057176559926,0.0031906794552171098,0.07084708448547161,0.07084708448547161,0.14688181573439962,0.14688181573439962,False,-0.02364717272239858,0.02364717272239858,0.000756460094385904,0.08389691868505622,0.08389691868505622,0.16078711790260058,0.16078711790260058,False,-0.06741400683723242,0.06741400683723242,0.0020482797367939965,0.24300128066169435,0.24300128066169435,0.17849838066276646,0.17849838066276646,True,stable_across_methods
bassoon,F#3,54.0,middle,28.0994326,27.4959646,28.5813197,False,28.041747837753423,28.04974921398611,28.073738755981623,27.7976986,27.6468316,28.03864215,27.616713656250003,27.52238712109375,27.79742131875,27.5865957125,27.488504434375002,27.8275392625,"28.1**2 * Matern(length_scale=1.11e+03, nu=1.5)",0.1870733752025102,0.18372146461950223,0.18707337520281403,0.2440492377534227,0.2440492377534227,0.0087794763611626,0.4250341815034204,0.4250341815034204,0.45515212525342363,0.45515212525342363,False,0.40291761398611214,0.40291761398611214,0.014573735602531473,0.5273620928923606,0.5273620928923606,0.5612447796111084,0.5612447796111084,False,0.035096605981621565,0.035096605981621565,0.0012517227401335326,0.27631743723162216,0.27631743723162216,0.2461994934816225,0.2461994934816225,False,moderate_method_sensitivity
bassoon,G3,55.0,middle,30.2754296,31.7019947,32.7378921,True,30.991716308659257,31.29971422287274,32.1857516870917,30.988712149999998,31.345353425,32.219943400000005,31.041419307323356,31.386336428551274,32.26490316767665,31.037545612499997,31.381978521875002,32.268776862500005,"32.1**2 * Matern(length_scale=97.4, nu=1.5)",0.22656648611336705,0.21442601649654452,0.22656648611236346,0.0030041586592588487,0.0030041586592588487,9.694364337302248e-05,-0.049702998664098885,0.049702998664098885,-0.045829303840740465,0.045829303840740465,False,-0.04563920212725847,0.04563920212725847,0.00145601172551649,-0.08662220567853396,0.08662220567853396,-0.08226429900226151,0.08226429900226151,False,-0.03419171290830292,0.03419171290830292,0.0010611971748002175,-0.07915148058494736,0.07915148058494736,-0.08302517540830223,0.08302517540830223,True,stable_across_methods
bassoon,G#3,56.0,middle,24.6893027,26.1275024,27.863552,True,25.440019360022454,25.82350081420247,27.001145476473486,25.408402549999998,25.767952475,26.995527199999998,25.37291807517019,25.74199415487897,26.956549199829805,25.3711713125,25.740029046875,26.9582959625,"28.7**2 * Matern(length_scale=72.9, nu=1.5)",0.2364896273463744,0.2291457554485057,0.2364896273463744,0.031616810022455866,0.031616810022455866,0.001244344659615599,0.06710128485226363,0.06710128485226363,0.06884804752245444,0.06884804752245444,False,0.055548339202466934,0.055548339202466934,0.002155714128096122,0.0815066593234981,0.0815066593234981,0.08347176732746675,0.08347176732746675,False,0.005618276473487782,0.005618276473487782,0.00020811879063757578,0.04459627664368071,0.04459627664368071,0.04284951397348635,0.04284951397348635,True,stable_across_methods
bassoon,A3,57.0,middle,19.7966244,21.3401958,22.1907165,True,20.56295722765493,20.877119553343377,21.730740516561944,20.5684101,20.95430295,21.76545615,20.667580618656878,21.033383031926494,21.83954830634312,20.655041437499996,21.019276453125,21.8520874875,"20.8**2 * Matern(length_scale=61.4, nu=1.5)",0.23377279449461127,0.22528460442902112,0.23377279449461127,-0.005452872345070858,0.005452872345070858,0.0002651090832281129,-0.1046233910019474,0.1046233910019474,-0.0920842098450656,0.0920842098450656,False,-0.077183396656622,0.077183396656622,0.003683415136298867,-0.15626347858311718,0.15626347858311718,-0.1421568997816216,0.1421568997816216,False,-0.03471563343805428,0.03471563343805428,0.0015949876353983183,-0.10880778978117434,0.10880778978117434,-0.12134697093805613,0.12134697093805613,True,stable_across_methods
bassoon,A#3,58.0,middle,16.5014035,18.9104206,20.4283559,True,17.72507311858574,18.277235393262824,19.700366990992894,17.70591205,18.308166325,19.669388249999997,17.82993472723731,18.405922377516973,19.768136022762686,17.817297275,18.391705243749996,19.780773475,"18.7**2 * Matern(length_scale=36, nu=1.5)",0.2722889529890067,0.26987236071078785,0.2722889529892154,0.019161068585741958,0.019161068585741958,0.0010821847827794874,-0.1048616086515679,0.1048616086515679,-0.09222415641426096,0.09222415641426096,False,-0.030930931737174205,0.030930931737174205,0.0016894609317011549,-0.12868698425414848,0.12868698425414848,-0.11446985048717195,0.11446985048717195,False,0.030978740992896547,0.030978740992896547,0.0015749722665063847,-0.06776903176979232,0.06776903176979232,-0.08040648400710637,0.08040648400710637,True,stable_across_methods
bassoon,B3,59.0,middle,17.2353965,17.7932439,18.6716764,True,17.575903719395143,17.736806371150582,18.22238653469605,17.5143202,17.65378205,18.23246015,17.478719328244562,17.628758495837634,18.187914746755435,17.4742470625,17.623727196875002,18.1923870125,"18.4**2 * Matern(length_scale=96.5, nu=1.5)",0.21624137997128498,0.19939147731985643,0.21624137997115356,0.061583519395142616,0.061583519395142616,0.003516180970309234,0.09718439115058075,0.09718439115058075,0.10165665689514114,0.10165665689514114,False,0.08302432115058167,0.08302432115058167,0.004702919800155892,0.10804787531294835,0.10804787531294835,0.11307917427557967,0.11307917427557967,False,-0.01007361530395201,0.01007361530395201,0.0005525099312476495,0.03447178794061401,0.03447178794061401,0.029999522196050066,0.029999522196050066,True,stable_across_methods
bassoon,C4,60.0,middle,19.4622702,20.1394669,21.6629325,True,19.868608688641064,20.118869252650956,20.932129689815074,19.800868549999997,19.970167725,20.9011997,19.715424582839585,19.913712116632034,20.77507644216041,19.695084937499995,19.890830015624996,20.795416087499998,"21.6**2 * Matern(length_scale=70.3, nu=1.5)",0.22868511919910925,0.2178166964543826,0.22868511919910925,0.0677401386410672,0.0677401386410672,0.003421069054118195,0.15318410580147912,0.15318410580147912,0.17352375114106877,0.17352375114106877,False,0.14870152765095668,0.14870152765095668,0.007446183211811591,0.20515713601892216,0.20515713601892216,0.22803923702596052,0.22803923702596052,False,0.030929989815074777,0.030929989815074777,0.0014798188744675157,0.15705324765466244,0.15705324765466244,0.13671360231507634,0.13671360231507634,True,moderate_method_sensitivity
bassoon,C#4,61.0,middle,18.7124353,18.6465619,19.8625876,False,18.81976461748281,18.939338400237595,19.314408477377768,18.6794986,18.66303025,19.25457475,18.654796075,18.647591171875,19.02245284375,18.5192612125,18.542852209375,19.0943373625,"19.4**2 * Matern(length_scale=122, nu=1.5)",0.21293331886309555,0.1951982122561236,0.21293331886322903,0.1402660174828121,0.1402660174828121,0.007509089001072657,0.16496854248281068,0.16496854248281068,0.3005034049828126,0.3005034049828126,True,0.2763081502375968,0.2763081502375968,0.014805106487870416,0.2917472283625955,0.2917472283625955,0.3964861908625963,0.3964861908625963,True,0.05983372737776804,0.05983372737776804,0.0031075070810259284,0.29195563362776866,0.29195563362776866,0.22007111487776854,0.22007111487776854,True,moderate_method_sensitivity
bassoon,D4,62.0,high,18.3566296,18.5005497,19.1567832,True,18.533330250150204,18.60161584499214,18.806599980400065,18.42858965,18.464569675,18.82866645,18.39908119345386,18.444865170760593,18.74412613154614,18.364550475,18.41654029375,18.764627275,"18.8**2 * Matern(length_scale=197, nu=1.5)",0.2053690206166145,0.18961510706715717,0.2053690206164761,0.1047406001502047,0.1047406001502047,0.005683592838055554,0.13424905669634413,0.13424905669634413,0.16877977515020248,0.16877977515020248,True,0.13704616999213926,0.13704616999213926,0.00742211556534091,0.15675067423154587,0.15675067423154587,0.18507555124213937,0.18507555124213937,True,-0.022066469599934635,0.022066469599934635,0.001171961363197585,0.062473848853926484,0.062473848853926484,0.0419727054000667,0.0419727054000667,True,stable_across_methods
bassoon,D#4,63.0,high,20.1087071,22.467851,20.7189785,False,21.615544516579742,22.13836976888937,21.937572094245873,21.28827905,21.878065024999998,21.59341475,21.8399230625,22.306101270312503,22.0687748375,21.8017811,22.263191562499998,22.1069168,"16**2 * Matern(length_scale=13.8, nu=1.5)",0.5363052157264983,0.4401353124128351,0.5363052157264717,0.32726546657974254,0.32726546657974254,0.015373035359555875,-0.2243785459202563,0.2243785459202563,-0.18623658342025706,0.18623658342025706,False,0.2603047438893711,0.2603047438893711,0.01189797834460779,-0.16773150142313398,0.16773150142313398,-0.12482179361062862,0.12482179361062862,False,0.34415734424587185,0.34415734424587185,0.015938069463787417,-0.1312027432541285,0.1312027432541285,-0.16934470575412774,0.16934470575412774,False,moderate_method_sensitivity
bassoon,E4,64.0,high,18.6923205,18.3909433,18.5898184,False,18.555898068665467,18.555897964863917,18.555897645123252,18.5416319,18.4662876,18.49038085,18.472693981249996,18.41218176796875,18.43425569375,18.4791003625,18.419388946875,18.4278493125,"18.6**2 * Matern(length_scale=1e+05, nu=1.5)",0.1825656328371508,0.1825654206747967,0.18256563283699512,0.01426616866546837,0.01426616866546837,0.0007694127864477976,0.0832040874154707,0.0832040874154707,0.07679770616546833,0.07679770616546833,False,0.08961036486391549,0.08961036486391549,0.004852646444427492,0.14371619689516635,0.14371619689516635,0.13650901798891724,0.13650901798891724,False,0.06551679512325137,0.06551679512325137,0.0035432907334221496,0.12164195137325251,0.12164195137325251,0.12804833262325133,0.12804833262325133,False,stable_across_methods
bassoon,F4,65.0,high,19.2309776,21.7520259,24.9236069,True,20.472947666601694,21.14329351561393,23.347158347949453,20.491501749999998,21.121763825,23.3378164,20.414831442490616,21.06600344936444,23.251853532509383,20.410185162499996,21.060776384375004,23.256499812499996,"27**2 * Matern(length_scale=41.2, nu=1.5)",0.288006524735026,0.2838582318172293,0.2880065247352234,-0.018554083398303334,0.018554083398303334,0.0009054525932099309,0.058116224111078196,0.058116224111078196,0.06276250410169837,0.06276250410169837,False,0.021529690613931507,0.021529690613931507,0.001019313102462053,0.07729006624948909,0.07729006624948909,0.08251713123892657,0.08251713123892657,False,0.009341947949451423,0.009341947949451423,0.00040029228910428067,0.09530481544006975,0.09530481544006975,0.09065853544945668,0.09065853544945668,True,stable_across_methods
bassoon,F#4,66.0,high,20.4619138,21.5272584,22.103878,True,20.99380092824793,21.19149436754686,21.757447234151545,20.9945861,21.26092225,21.8155682,21.06476843226838,21.31696838942693,21.867567117731618,21.055676725,21.30674021875,21.876658825,"21.3**2 * Matern(length_scale=93.8, nu=1.5)",0.2192045312041071,0.2034029987721978,0.21920453120397745,-0.0007851717520708235,0.0007851717520708235,3.739877263266569e-05,-0.0709675040204516,0.0709675040204516,-0.06187579675207289,0.06187579675207289,False,-0.06942788245314091,0.06942788245314091,0.003265516031560715,-0.12547402188006984,0.12547402188006984,-0.11524585120314157,0.11524585120314157,False,-0.05812096584845605,0.05812096584845605,0.002664196747736144,-0.1101198835800723,0.1101198835800723,-0.11921159084845456,0.11921159084845456,True,stable_across_methods
bassoon,G4,67.0,high,21.3616707,23.6375447,24.7452387,True,22.522379359162535,23.022410980796717,24.2220866170086,22.4996077,23.0685762,24.1913917,22.67083740199062,23.206451177239448,24.31220699800938,22.6456302,23.178093075,24.337414199999998,"21.4**2 * Matern(length_scale=40.2, nu=1.5)",0.2700426053994531,0.26788203708196706,0.2700426053994531,0.02277165916253665,0.02277165916253665,0.0010120913869327887,-0.14845804282808572,0.14845804282808572,-0.12325084083746418,0.12325084083746418,False,-0.04616521920328154,0.04616521920328154,0.0020012166682086578,-0.18404019644273006,0.18404019644273006,-0.15568209420328216,0.15568209420328216,False,0.030694917008599276,0.030694917008599276,0.0012688363443182674,-0.09012038100078001,0.09012038100078001,-0.115327582991398,0.115327582991398,True,stable_across_methods
bassoon,G#4,68.0,high,19.1195182,22.5992185,22.2084838,False,21.134664134898646,21.951817909228982,22.760975182588798,20.85936835,21.729293425,22.40385115,21.536233075000002,22.309339599999994,22.5503766625,21.343172724999995,22.09214670625,22.887655525,"16.6**2 * Matern(length_scale=14.4, nu=1.5)",0.5262484150450059,0.43388738632265295,0.5262484150450059,0.2752957848986455,0.2752957848986455,0.01319770475689622,-0.401568940101356,0.401568940101356,-0.20850859010134926,0.20850859010134926,False,0.2225244842289804,0.2225244842289804,0.010240760243633205,-0.35752169077101215,0.35752169077101215,-0.14032879702101653,0.14032879702101653,False,0.3571240325887963,0.3571240325887963,0.01594029661229901,0.21059852008879787,0.21059852008879787,-0.12668034241120196,0.12668034241120196,True,moderate_method_sensitivity
bassoon,A4,69.0,high,19.5315426,20.3387554,24.1104379,True,19.705819425455907,19.96840065475839,22.08469429563401,19.935149000000003,20.1369522,22.224596650000002,19.768921657373493,20.02562263954518,21.734084323876505,19.564590287500003,19.859033165625,21.854037937500003,"23**2 * Matern(length_scale=19.5, nu=1.5)",0.4795432439690696,0.40518811401675325,0.4795432439690696,-0.22932957454409575,0.22932957454409575,0.011503780310049136,-0.06310223191758624,0.06310223191758624,0.14122913795590364,0.14122913795590364,False,-0.1685515452416091,0.1685515452416091,0.008370260979296017,-0.05722198478678919,0.05722198478678919,0.10936748913339045,0.10936748913339045,False,-0.13990235436599363,0.13990235436599363,0.006294933337563794,0.3506099717575033,0.3506099717575033,0.23065635813400576,0.23065635813400576,True,stable_across_methods
bassoon,A#4,70.0,high,19.1897739,19.0330481,20.1680016,False,19.264426205017557,19.359969401492098,19.654725714709127,19.111410999999997,19.07222955,19.60052485,19.052638825,19.035496940624995,19.37792570625,18.949951087499997,18.951134615625,19.4390649375,"19.7**2 * Matern(length_scale=153, nu=1.5)",0.20972470700762139,0.19218480323599685,0.2097247070077569,0.15301520501756016,0.15301520501756016,0.008006483928243718,0.21178738001755804,0.21178738001755804,0.31447511751755997,0.31447511751755997,True,0.28773985149209835,0.28773985149209835,0.015086849219057263,0.3244724608671028,0.3244724608671028,0.40883478586709643,0.40883478586709643,True,0.05420086470912722,0.05420086470912722,0.0027652761915264333,0.27680000845912645,0.27680000845912645,0.21566077720912702,0.21566077720912702,True,moderate_method_sensitivity
bassoon,B4,71.0,high,17.5770155,18.1799524,19.2423326,True,17.94354938594822,18.13362294632364,18.715392780905617,17.878483950000003,18.029218175,18.7111425,17.828975757910566,17.995057863586887,18.645789867089437,17.8210535375,17.986145365625,18.6537120875,"19**2 * Matern(length_scale=85.9, nu=1.5)",0.21936867141627514,0.20379640791979547,0.21936867141627514,0.06506543594821679,0.06506543594821679,0.0036393150633008105,0.11457362803765392,0.11457362803765392,0.12249584844822081,0.12249584844822081,False,0.10440477132364023,0.10440477132364023,0.005790865156228009,0.13856508273675416,0.13856508273675416,0.14747758069864148,0.14747758069864148,False,0.004250280905615966,0.004250280905615966,0.00022715239893106293,0.06960291381617978,0.06960291381617978,0.06168069340561644,0.06168069340561644,True,stable_across_methods
bassoon,C5,72.0,high,14.2683579,14.575944,15.1080614,True,14.500412381453021,14.575370445445929,14.798985237418407,14.422150949999999,14.499047475,14.8420027,14.397836926340204,14.482219103070229,14.810183898659794,14.3940845375,14.477997665625,14.8139362875,"14.7**2 * Matern(length_scale=145, nu=1.5)",0.206614729742286,0.1905356593294593,0.206614729742286,0.07826143145302211,0.07826143145302211,0.005426474298067315,0.10257545511281663,0.10257545511281663,0.10632784395302153,0.10632784395302153,False,0.07632297044592917,0.07632297044592917,0.0052639989335526455,0.0931513423757,0.0931513423757,0.09737277982092785,0.09737277982092785,False,-0.043017462581593335,0.043017462581593335,0.002898359705971037,-0.011198661241387242,0.011198661241387242,-0.01495105008159392,0.01495105008159392,True,stable_across_methods
bassoon,C#5,73.0,high,12.907975,13.3973997,13.4953701,True,13.20299849512529,13.23439876472757,13.327266335623841,13.15268735,13.275043525,13.4463849,13.217923800769714,13.330085111803427,13.466792430480286,13.2016191375,13.311742365625,13.4953166875,"13.2**2 * Matern(length_scale=238, nu=1.5)",0.19675877795705385,0.1865331795223662,0.19675877795698163,0.05031114512528845,0.05031114512528845,0.0038251608805472325,-0.01492530564442518,0.01492530564442518,0.0013793576252894013,0.0013793576252894013,False,-0.04064476027242847,0.04064476027242847,0.003061742147653597,-0.09568634707585666,0.09568634707585666,-0.07734360089742864,0.07734360089742864,False,-0.11911856437615853,0.11911856437615853,0.008858779907167356,-0.13952609485644452,0.13952609485644452,-0.16805035187615935,0.16805035187615935,False,stable_across_methods
bassoon,D5,74.0,high,14.3679119,14.6646656,15.6701786,True,14.608847014331712,14.749390353690353,15.183171768380099,14.51628875,14.590477175,15.1674221,14.459005993874065,14.553854733733322,15.054718274875935,14.4276938375,14.524030990624999,15.0788271875,"15.3**2 * Matern(length_scale=88, nu=1.5)",0.21533988197727766,0.1985325720252327,0.21533988197734366,0.09255826433171244,0.09255826433171244,0.006376165831760025,0.14984102045764658,0.14984102045764658,0.18115317683171206,0.18115317683171206,False,0.15891317869035326,0.15891317869035326,0.010891568300633956,0.19553561995703106,0.19553561995703106,0.22535936306535476,0.22535936306535476,True,0.01574966838009928,0.01574966838009928,0.0010383879525644164,0.12845349350416413,0.12845349350416413,0.1043445808800989,0.1043445808800989,True,moderate_method_sensitivity
bassoon,D#5,75.0,high,12.223613,12.1837906,11.8073325,True,12.068817758828027,12.06881757825125,12.068817031084857,12.203701800000001,12.1937462,11.99556155,12.212705023212138,12.200141476113656,12.054655320537863,12.2457812625,12.225305796875,12.0376410125,"12.1**2 * Matern(length_scale=1e+05, nu=1.5)",0.1825534229678001,0.18255333321096248,0.1825534229678001,-0.13488404117197383,0.13488404117197383,0.011052715264803817,-0.14388726438411048,0.14388726438411048,-0.17696350367197233,0.17696350367197233,True,-0.12492862174874908,0.12492862174874908,0.010245302772395663,-0.13132389786240495,0.13132389786240495,-0.15648821862374973,0.15648821862374973,True,0.07325548108485691,0.07325548108485691,0.006106882181339556,0.014161710546993334,0.014161710546993334,0.031176018584856635,0.031176018584856635,True,moderate_method_sensitivity
