instrument,family,note,midi,register_band,pp,mf,ff,gpr_pppp,gpr_ppp,gpr_p,gpr_mp,gpr_mf,gpr_f,gpr_fff,gpr_ffff,linear_anchor_pp_mf_mp,linear_local_p_mf_mp,quadratic_mp,pchip_mp,pchip_available,pchip_mp_extrapolation,gpr_std_p,gpr_std_mp,gpr_std_f,kernel,kernel_theta,log_marginal_likelihood,diagnostic_warnings,abs_gpr_minus_linear,rel_gpr_minus_linear,abs_gpr_minus_quadratic,rel_gpr_minus_quadratic,abs_gpr_minus_pchip,source_pp_le_mf_le_ff,source_pp_ge_mf_ge_ff,local_dynamic_shape,convex_hull_departure_pp_mf,convex_hull_departure_pp_ff,near_pp,near_mf,near_zero,negative_prediction,non_finite_prediction,large_gpr_linear_difference,large_gpr_quadratic_difference,high_relative_deviation_from_linear,high_predictive_uncertainty,classification,interpretation_note
violin,strings,G3,55.0,low,40.392566,43.608262,47.268749,37.32210688302416,38.82539484104558,41.99351056333173,42.8269722535443,43.68222503858465,45.44775016406736,48.865409047179966,50.41538272654225,42.804338,42.80088628166587,42.762638843750004,42.76466184939946,True,False,0.27830486317470204,0.2760902936088131,0.27830486317470204,"53**2 * Matern(length_scale=69.4, nu=1.5)","[7.93922315282272, 4.239703445355311]",-9.199549827825312,[],0.022634253544296712,0.0005287841046460458,0.06433340979429403,0.0015044303049061415,0.06231040414483857,True,False,between_pp_mf,False,False,False,False,False,False,False,False,False,False,False,OK,within expected diagnostic envelope
violin,strings,G#3,56.0,low,26.670223,27.936923,29.850445,25.249540455414568,25.928483395100937,27.344386429771912,27.717655249181174,28.103775677858003,28.912252416091697,30.494786181418085,31.212954368764308,27.620248,27.640654714885954,27.5596084375,27.56885850001813,True,False,0.23811244007025462,0.23141359543890958,0.23811244007049334,"30.7**2 * Matern(length_scale=74.1, nu=1.5)","[6.845284422897849, 4.305950444273084]",-7.788943161521434,[],0.09740724918117394,0.0035266609185107224,0.1580468116811744,0.005734726312951608,0.14879674916304353,True,False,equal_or_near_mf,False,False,False,True,False,False,False,False,False,False,False,REVIEW REQUIRED,mp near mf anchor
violin,strings,A3,57.0,low,21.976319,26.30676,33.911236,18.85734745144643,20.350709491230063,23.788663303101643,24.943106233647892,26.360970010226705,30.005768352692414,37.02723674985113,39.3851491241146,25.224149750000002,25.04771165155082,24.917208968750003,24.98035990189473,True,False,0.6609389575708635,0.5173918308900215,0.6609389575708635,"33.5**2 * Matern(length_scale=19.2, nu=1.5)","[7.024694627527011, 2.9541836772141]",-10.776688386620648,[],0.2810435163521099,0.011141843001154474,0.025897264897889016,0.0010393324922694253,0.03725366824683718,True,False,between_pp_mf,False,False,False,False,False,False,False,False,False,False,False,OK,within expected diagnostic envelope
violin,strings,A#3,58.0,low,24.928702,26.174125,33.796324,24.182695581406517,24.71056267309177,24.965853579156295,25.340179784733987,26.21826326407634,29.671545038336824,36.732200810004684,38.45353841273473,25.86276925,25.569989289578146,25.2649465,25.67844722881624,True,False,1.021020731947972,0.7545659114612252,1.021020731947972,"31.3**2 * Matern(length_scale=13.2, nu=1.5)","[6.887474811922059, 2.578086305023689]",-11.389231064280118,[],0.5225894652660124,0.02020624551897173,0.0752332847339865,0.0029777733641346317,0.33826744408225196,True,False,between_pp_mf,False,False,False,False,False,False,False,False,False,False,False,OK,within expected diagnostic envelope
violin,strings,B3,59.0,low,35.052349,32.235913,35.238657,37.13107516470878,36.38032732488396,33.220381314030384,32.547462212764614,32.29460758925238,33.318063144584976,36.63814791757249,37.44468143463959,32.940022,32.72814715701519,32.394473874999996,32.407573656249994,True,False,0.8307256755585545,0.627207180479266,0.8307256755586913,"35.4**2 * Matern(length_scale=16.7, nu=1.5)","[7.132587237104804, 2.8146989005415914]",-11.252664363417356,[],0.39255978723538476,0.01191741120377469,0.15298833776461862,0.00472266777213151,0.13988855651462018,False,False,equal_or_near_mf,False,False,False,True,False,False,False,False,False,False,False,REVIEW REQUIRED,mp near mf anchor; non-monotonic source anchors
violin,strings,C4,60.0,low,24.968644,24.22797,28.351719,25.514984828196354,25.415020230063035,24.21573132192005,24.07617679417577,24.295432530912457,25.99448373988703,30.0663816765028,31.133858966950875,24.4131385,24.221850660960023,23.957098843749996,24.23954303125,True,False,0.7223464979932815,0.5571391007503272,0.7223464979934389,"27.2**2 * Matern(length_scale=15.5, nu=1.5)","[6.606769825072758, 2.741848211037174]",-10.633589976149986,[],0.3369617058242298,0.013802473853340479,0.11907795042577263,0.0049704662155634115,0.16336623707423215,False,False,equal_or_near_mf,True,True,False,True,False,False,False,False,False,False,False,REVIEW REQUIRED,mp outside pp–mf interval; mp outside pp–mf–ff hull; mp near mf anchor; non-monotonic source anchors
violin,strings,C#4,61.0,low,23.567441,23.995434,24.989969,22.936274452051098,23.24054118407053,23.861415662897578,24.01959245945251,24.179220318600517,24.501607926854597,25.12869283551162,25.42405588919003,23.88843575,23.928424831448787,23.8353224375,23.85118728635906,True,False,0.2150485537019613,0.19729389532846742,0.2150485537019613,"24.7**2 * Matern(length_scale=129, nu=1.5)","[6.414521222039337, 4.863005082496806]",-6.642369934242559,[],0.13115670945251168,0.005490385005745372,0.18427002195251063,0.007730964094809117,0.1684051730934506,True,False,equal_or_near_mf,True,False,False,True,False,False,False,False,False,False,False,REVIEW REQUIRED,mp outside pp–mf interval; mp near mf anchor
violin,strings,D4,62.0,low,25.766,30.660517,36.557972,21.551362438767864,23.578378632324334,28.10605616637618,29.372870851280666,30.717425889963433,33.61349940759177,39.11042142202333,41.37726032382645,29.436887749999997,29.383286583188088,29.342862312499996,29.34941591208092,True,False,0.39565620208629054,0.35493427786206705,0.39565620208657787,"41.4**2 * Matern(length_scale=35.2, nu=1.5)","[7.448562636965701, 3.561907007984932]",-10.016506315549334,[],0.06401689871933058,0.0021747169491221296,0.030008538780670335,0.00102268614633027,0.02345493919974473,True,False,between_pp_mf,False,False,False,False,False,False,False,False,False,False,False,OK,within expected diagnostic envelope
violin,strings,D#4,63.0,low,25.312351,29.459219,31.692791,21.49263893296484,23.357453114772813,27.48225243331248,28.478217800151967,29.370833922822186,30.75020993259306,32.437693961292915,32.960013517710536,28.422502,28.47073571665624,28.601873499999996,28.642214460826843,True,False,0.3704622656221563,0.33957507667325904,0.37046226562261664,"26.8**2 * Matern(length_scale=28.3, nu=1.5)","[6.577638490145476, 3.3422585292859317]",-9.260160049303787,[],0.05571580015196531,0.001960270779538174,0.1236556998480296,0.004323342659634853,0.16399666067487573,True,False,between_pp_mf,False,False,False,False,False,False,False,False,False,False,False,OK,within expected diagnostic envelope
violin,strings,E4,64.0,low,26.297346,30.090046,33.424256,22.872105194788706,24.55828001472416,28.203295671383394,29.138127154314862,30.056751033036974,31.805118128680803,34.86268084728021,36.160240655870226,29.141871000000002,29.146670835691697,29.1848544375,29.18692835273038,True,False,0.3000952822866539,0.2934890773014188,0.3000952822855174,"35.6**2 * Matern(length_scale=46, nu=1.5)","[7.14258943830756, 3.829465004135106]",-8.935220935609959,[],0.003743845685139746,0.00012846964030345704,0.04672728318513819,0.0016010798780992958,0.04880119841551789,True,False,between_pp_mf,False,False,False,False,False,False,False,False,False,False,False,OK,within expected diagnostic envelope
violin,strings,F4,65.0,low,26.191798,28.38248,30.230995,24.263974322262793,25.241720783539257,27.29722210830828,27.817032229038865,28.327984302539434,29.306268047350862,31.062407244526277,31.837559291733015,27.8348095,27.83985105415414,27.86688765625,27.868925701155263,True,False,0.2495764067216209,0.24621868157601115,0.24957640672139314,"30.6**2 * Matern(length_scale=62.9, nu=1.5)","[6.842025146641533, 4.141985575454255]",-7.884870953334497,[],0.01777727096113324,0.0006386704734276425,0.049855427211134895,0.0017890561668071063,0.05189347211639728,True,False,between_pp_mf,False,False,False,False,False,False,False,False,False,False,False,OK,within expected diagnostic envelope
violin,strings,F#4,66.0,low,26.164394,29.167836,28.863879,22.936767342047695,24.525487263878848,27.901937334871715,28.592351187423407,29.076508959141997,29.302519320906757,28.29677095512196,27.592043976968007,28.4169755,28.534886667435856,28.727044156250003,28.916851695312502,True,False,0.4534234972431443,0.3894415040839703,0.45342349724308156,"21.9**2 * Matern(length_scale=19.9, nu=1.5)","[6.171998059190616, 2.9901031262284756]",-9.45570899662913,[],0.1753756874234078,0.006171511370849717,0.1346929688265952,0.00468871660077463,0.3245005078890948,False,False,between_pp_mf,False,False,False,False,False,False,False,False,False,False,False,OK,non-monotonic source anchors
violin,strings,G4,67.0,low,26.616823,32.461862,32.760105,20.812301353687793,23.54890811690042,29.937266170499356,31.354170563336858,32.41225529680171,33.182758121900484,31.922947851294893,30.82761809528458,31.000602250000004,31.19956408524968,31.520614375000008,31.872755279678664,True,False,0.7446516310701135,0.5718573449775503,0.7446516310702661,"24.4**2 * Matern(length_scale=14.1, nu=1.5)","[6.392525945135351, 2.6449149242715495]",-10.505227597915109,[],0.35356831333685435,0.011405207888722688,0.16644381166315014,0.0052804748563264675,0.518584716341806,True,False,between_pp_mf,False,False,False,False,False,False,False,False,False,False,False,OK,within expected diagnostic envelope
violin,strings,G#4,68.0,low,23.873946,24.43389,26.360749,22.951892906617722,23.35383385987829,24.178856210572075,24.4242247200952,24.710716008646724,25.418656678545272,26.92101589458171,27.570615084340144,24.293904,24.30637310528604,24.16575571875,24.224374631293877,True,False,0.2545923802914935,0.25197934761476953,0.25459238029127024,"25.4**2 * Matern(length_scale=52.4, nu=1.5)","[6.472529991702787, 3.958736992883446]",-8.295393566307565,[],0.1303207200951988,0.0053643383169374005,0.2584690013452011,0.010695672188089582,0.19985008880132327,True,False,equal_or_near_mf,False,False,False,True,False,False,False,False,False,False,False,REVIEW REQUIRED,mp near mf anchor
violin,strings,A4,69.0,low,22.033608,21.085446,25.901818,22.572903608476548,22.54475018446998,21.101741395826103,20.902612967876685,21.140825821717474,23.15985476589827,27.756937949936965,28.71959610977976,21.3224865,21.09359369791305,20.7820614375,21.10026103125,True,False,0.8774124730895583,0.659273916363302,0.8774124730895583,"24.5**2 * Matern(length_scale=12.5, nu=1.5)","[6.399564056371399, 2.522532265823647]",-10.78474388792836,[],0.41987353212331513,0.01969158391181606,0.12055153037668376,0.00580074939818798,0.19764806337331464,False,False,equal_or_near_mf,True,True,False,True,False,False,False,False,False,False,False,REVIEW REQUIRED,mp outside pp–mf interval; mp outside pp–mf–ff hull; mp near mf anchor; non-monotonic source anchors
violin,strings,A#4,70.0,low,23.259442,24.548954,27.451847,21.98327065459506,22.58366197286889,23.83854321094716,24.235633305783814,24.719070108585747,25.966575219804504,28.592214342717348,29.65938133510877,24.226575999999998,24.19374860547358,24.07532153125,24.118977455363904,True,False,0.3116026899358389,0.30163067007900735,0.3116026899354741,"27**2 * Matern(length_scale=35.9, nu=1.5)","[6.591445349499329, 3.5815299486117635]",-8.899587997805355,[],0.00905730578381636,0.0003738582696876505,0.16031177453381318,0.006658759440688131,0.11665585041991022,True,False,between_pp_mf,False,False,False,False,False,False,False,False,False,False,False,OK,within expected diagnostic envelope
violin,strings,B4,71.0,low,27.591853,28.541624,27.11315,26.322654559814517,27.004037602013586,28.219692941420437,28.379967735469535,28.401820924319487,27.974555890304188,26.326326788040003,25.469880930728927,28.30418125,28.380658470710216,28.527141718750002,28.493482914062497,True,False,0.3456764139889248,0.3240568699677074,0.3456764139887603,"21.5**2 * Matern(length_scale=26.5, nu=1.5)","[6.131892222290446, 3.277296881636109]",-8.830191542333388,[],0.07578648546953559,0.002677572080257068,0.14717398328046727,0.005159086203989879,0.11351517859296223,False,False,equal_or_near_mf,False,False,False,True,False,False,False,False,False,False,False,REVIEW REQUIRED,mp near mf anchor; non-monotonic source anchors
violin,strings,C5,72.0,low,17.019586,18.54249,19.240948,15.966550143305858,16.55033679103029,17.772474350796454,18.0713280607656,18.35410377939919,18.85607798605453,19.66946651676149,20.006391569296845,18.161764,18.15748217539823,18.239055812500002,18.260570628291518,True,False,0.235538171475771,0.2277787735864917,0.23553817147601233,"17.5**2 * Matern(length_scale=53, nu=1.5)","[5.725365858081732, 3.969350425097329]",-7.013838340299639,[],0.09043593923439985,0.004979468912513115,0.16772775173440024,0.009196076455857394,0.18924256752591617,True,False,between_pp_mf,False,False,False,False,False,False,False,False,False,False,False,OK,within expected diagnostic envelope
violin,strings,C#5,73.0,middle,17.811599,18.894494,20.277116,16.71712206216174,17.2586997581684,18.39323401869492,18.687383773101335,18.985456397159375,19.58798383205213,20.724183106850987,21.229921820719916,18.62377025,18.64386400934746,18.59567084375,18.598232826917357,True,False,0.2304197151914015,0.22041371548976696,0.2304197151914015,"20.4**2 * Matern(length_scale=65.1, nu=1.5)","[6.034066186305545, 4.176051769014423]",-6.876725956917912,[],0.06361352310133483,0.003415716702225471,0.0917129293513348,0.004931950566449152,0.08915094618397745,True,False,between_pp_mf,False,False,False,False,False,False,False,False,False,False,False,OK,within expected diagnostic envelope
violin,strings,D5,74.0,middle,20.665543,21.402023,23.330385,19.60443473642371,20.078778982258434,21.06976632038943,21.351320118967262,21.664635288494576,22.392507042276794,23.884481605629436,24.531881649267998,21.217903,21.235894660194717,21.1061640625,21.14364648030527,True,False,0.2485640497366621,0.24485839193531944,0.2485640497368908,"22.9**2 * Matern(length_scale=52.4, nu=1.5)","[6.261538785187646, 3.957993432252994]",-7.964349239347298,[],0.13341711896726238,0.006287950273279239,0.24515605646726257,0.011615377182765257,0.20767363866199062,True,False,equal_or_near_mf,False,False,False,True,False,False,False,False,False,False,False,REVIEW REQUIRED,mp near mf anchor
violin,strings,D#5,75.0,middle,19.750551,21.634026,22.656961,18.27894567221941,19.056232555136052,20.694570353646768,21.09522405753794,21.472653133140536,22.135553098193327,23.19106475659595,23.622392840860666,21.163157249999998,21.164298176823383,21.243832875,21.261747915119297,True,False,0.24789722488075341,0.24399437182493217,0.24789722488075341,"20.6**2 * Matern(length_scale=49.2, nu=1.5)","[6.052004667534397, 3.895313020871064]",-7.47824166198807,[],0.06793319246205698,0.003209974374785548,0.14860881746205834,0.006995386300413943,0.1665238575813568,True,False,between_pp_mf,False,False,False,False,False,False,False,False,False,False,False,OK,within expected diagnostic envelope
violin,strings,E5,76.0,middle,21.134415,22.654666,23.729301,19.942076768732804,20.576590109566283,21.899015983502427,22.230017380176967,22.553171383122077,23.164882539202857,24.252059281092638,24.73173222101743,22.27460325,22.276840991751214,22.316379749999996,22.3217604132037,True,False,0.2328184069631416,0.2239030857723863,0.23281840696289743,"23**2 * Matern(length_scale=67.1, nu=1.5)","[6.2701544814679995, 4.206704949109357]",-7.116434912132801,[],0.04458586982303103,0.0020016459697449846,0.08636236982302847,0.00386990949206394,0.09174303302673437,True,False,between_pp_mf,False,False,False,False,False,False,False,False,False,False,False,OK,within expected diagnostic envelope
violin,strings,F5,77.0,middle,20.414251,21.553996,21.664903,20.04750603175092,20.342491979380963,20.94298752779914,21.090601079835594,21.233757216674004,21.502777562016686,21.988541765189066,22.2117215534202,21.26905975,21.248491763899573,21.3655133125,21.42502332627804,True,False,0.21533040898542427,0.19799203438005672,0.2153304089848963,"20.4**2 * Matern(length_scale=110, nu=1.5)","[6.032672510445408, 4.699281589274018]",-6.922711788725072,[],0.17845867016440664,0.008390529354002432,0.27491223266440556,0.012867101699988963,0.3344222464424469,True,False,between_pp_mf,False,False,False,False,False,False,False,False,False,False,False,OK,within expected diagnostic envelope
violin,strings,F#5,78.0,middle,18.170121,19.673886,20.109543,17.20134649064265,17.754974684794867,18.904299711831122,19.178155601898794,19.4302044842542,19.85202365144372,20.481127561622973,20.730513885856496,19.29794475,19.289092855915563,19.398079875,19.439440830001093,True,False,0.23659921723112642,0.229251958496244,0.23659921723112642,"17.6**2 * Matern(length_scale=52.1, nu=1.5)","[5.731799698662953, 3.95289683029572]",-7.220018168510389,[],0.119789148101205,0.006207352630191617,0.21992427310120632,0.011337424864645595,0.2612852281022988,True,False,between_pp_mf,False,False,False,False,False,False,False,False,False,False,False,OK,within expected diagnostic envelope
violin,strings,G5,79.0,middle,18.008827,19.141016,20.3697,16.96226364000846,17.494653959092116,18.606943212337324,18.89220512717221,19.17822937696046,19.746289633563315,20.80353174962226,21.274900107244648,18.85796875,18.87397960616866,18.84892234375,18.849199656306975,True,False,0.22864707387870867,0.21778139032661797,0.22864707387870867,"20.4**2 * Matern(length_scale=67.6, nu=1.5)","[6.026556093622646, 4.213840006440438]",-6.761066804374002,[],0.03423637717220984,0.001815485942631538,0.04328278342221026,0.0022963001615082853,0.04300547086523565,True,False,between_pp_mf,False,False,False,False,False,False,False,False,False,False,False,OK,within expected diagnostic envelope
violin,strings,G#5,80.0,middle,18.060239,18.111486,17.584561,17.973432734353636,17.959575303161756,17.93137849489053,17.92423427229334,17.91705616536049,17.90261235793447,17.873532254000008,17.85894508319168,18.09867425,18.021432247445265,18.152877874999998,18.110685265625,True,False,0.18667711904041906,0.18362191591412905,0.18667711904041906,"17.9**2 * Matern(length_scale=746, nu=1.5)","[5.77090185653089, 6.615078057632218]",-5.229328289439746,[],0.1744399777066583,0.009638273792714864,0.22864360270665784,0.012595446533661974,0.18645099333166115,False,False,equal_or_near_pp,True,False,True,False,False,False,False,False,False,False,False,REVIEW REQUIRED,mp outside pp–mf interval; mp near pp anchor; non-monotonic source anchors
violin,strings,A5,81.0,middle,17.222008,18.300677,18.15519,17.120204252968602,17.315276015199657,17.710695765526328,17.808224491343694,17.903444262282168,18.08488609644508,18.419477858242832,18.575611783492437,18.03100975,18.005686382763166,18.145774375000002,18.211388734375003,True,False,0.21011661658185252,0.19270317119446145,0.21011661658171726,"17.4**2 * Matern(length_scale=134, nu=1.5)","[5.709744904851703, 4.894662757020629]",-6.8374665110499055,[],0.22278525865630527,0.012355672907131852,0.3375498836563082,0.018602120619407744,0.40316424303130916,False,False,between_pp_mf,False,False,False,False,False,False,False,False,False,False,False,OK,non-monotonic source anchors
violin,strings,A#5,82.0,middle,16.110255,16.610224,14.781741,15.180616393715647,15.698961803678381,16.51633092570024,16.56484980148804,16.474088907649374,15.829004822926645,13.869101149713867,12.940576041468681,16.485231749999997,16.56327746285012,16.703524124999998,16.602411984375,True,False,0.3487553230084626,0.32554120441874135,0.3487553230084219,"12.3**2 * Matern(length_scale=17.9, nu=1.5)","[5.019274819983797, 2.887050603029649]",-8.041611598801365,[],0.07961805148804402,0.004829659218351239,0.13867432351195674,0.00830209975297394,0.03756218288695834,False,False,equal_or_near_mf,False,False,False,True,False,False,False,False,False,False,False,REVIEW REQUIRED,mp near mf anchor; non-monotonic source anchors
violin,strings,B5,83.0,middle,16.321369,16.844572,16.73763,16.632517003132214,16.632517711529697,16.63251911342587,16.632519460790316,16.63251980690631,16.63252049538719,16.632521857321116,16.63252253076876,16.71377125,16.738545556712936,16.772847343749998,16.8021156953125,True,False,0.18256341603300544,0.18256324557062356,0.18256341603300544,"16.6**2 * Matern(length_scale=1e+05, nu=1.5)","[5.622839154077158, 11.512925464970229]",-5.079102666144253,['The optimal value found for dimension 0 of parameter k2__length_scale is close to the specified upper bound 100000.0. Increasing the bound and calling fit again may find a better value.'],0.08125178920968423,0.00486136779032944,0.14032788295968146,0.008366372153978454,0.16959623452218509,False,False,between_pp_mf,False,False,False,False,False,False,False,False,False,False,False,OK,non-monotonic source anchors
violin,strings,C6,84.0,middle,15.379023,16.9907,17.435072,14.232790561207944,14.861068194339722,16.18376042034118,16.49434170800801,16.771770437855846,17.201820779128767,17.747100768061877,17.930331168235735,16.58778075,16.58723021017059,16.697215593750002,16.743813646720866,True,False,0.24910798588403596,0.24525799148488114,0.2491079858842071,"14.7**2 * Matern(length_scale=38.5, nu=1.5)","[5.377712617029551, 3.650820919948316]",-7.201642240869534,[],0.0934390419919886,0.005633004402471898,0.20287388574199028,0.012150162678496454,0.24947193871285478,True,False,between_pp_mf,False,False,False,False,False,False,False,False,False,False,False,OK,within expected diagnostic envelope
violin,strings,C#6,85.0,middle,14.790798,15.432614,15.921075,14.43048945435856,14.665330502506263,15.145700951184926,15.266477033955548,15.386381617183005,15.621458009731164,16.062771783707234,16.266442391451093,15.27216,15.289157475592463,15.28653703125,15.288000028568803,True,False,0.21245280836343283,0.1951180451907457,0.21245280836349972,"15.5**2 * Matern(length_scale=104, nu=1.5)","[5.477553414403966, 4.646463800793733]",-5.698004130744002,[],0.005682966044451732,0.0003721127885283897,0.02005999729445307,0.0013122656395915416,0.02152299461325491,True,False,between_pp_mf,False,False,False,False,False,False,False,False,False,False,False,OK,within expected diagnostic envelope
violin,strings,D6,86.0,middle,13.318842,13.833863,14.732797,12.733868720247903,13.029962549318164,13.642731752013928,13.79990851788152,13.958412753523511,14.276887946009422,14.879120453807614,15.150843270538282,13.70510775,13.738297376006964,13.66911590625,13.676445207771048,True,False,0.21706919196312396,0.20094662197712734,0.21706919196312396,"14.4**2 * Matern(length_scale=77.3, nu=1.5)","[5.336048052719054, 4.347684842123802]",-5.963203675672887,[],0.09480076788151948,0.006917185155404523,0.13079261163152012,0.009568476302971222,0.12346331011047162,True,False,equal_or_near_mf,False,False,False,True,False,False,False,False,False,False,False,REVIEW REQUIRED,mp near mf anchor
violin,strings,D#6,87.0,middle,14.310147,14.557085,16.332389,13.738088028022208,13.976453260318115,14.430869982408229,14.592552720598743,14.812752041823721,15.44812430109245,16.827445983591193,17.360992049854467,14.4953505,14.493977491204115,14.3520661875,14.457530394465833,True,False,0.27133351957888235,0.26879060844900265,0.2713335195789347,"15.5**2 * Matern(length_scale=31.9, nu=1.5)","[5.482725902637116, 3.463954943350632]",-7.847979962347216,[],0.09720222059874217,0.006705751654555864,0.24048653309874268,0.016756230772416277,0.1350223261329102,True,False,equal_or_near_mf,True,False,False,True,False,False,False,False,False,False,False,REVIEW REQUIRED,mp outside pp–mf interval; mp near mf anchor
violin,strings,E6,88.0,middle,14.44339,15.513604,14.533455,13.30047508791327,13.911398526105582,15.081163414600109,15.269069716863424,15.3476560572093,15.127390622805798,14.035745442891262,13.453854308019082,15.2460505,15.297383707300055,15.438272031250001,15.444604726562499,True,False,0.31496218519474095,0.3031040274155558,0.3149621851946958,"11.4**2 * Matern(length_scale=19.7, nu=1.5)","[4.871397953448652, 2.9804107489037066]",-7.687911116997171,[],0.023019216863422898,0.0015098478693496978,0.1692023143865775,0.010959925699202594,0.17553500969907532,False,False,between_pp_mf,False,False,False,False,False,False,False,False,False,False,False,OK,non-monotonic source anchors
violin,strings,F6,89.0,middle,11.080274,11.745759,11.130585,11.315927546399644,11.315927596950873,11.315927687873202,11.315927708480643,11.315927728237659,11.315927765197985,11.315927828920026,11.315927855687084,11.579387749999999,11.530843343936601,11.69944953125,11.702987023437501,True,False,0.18255053851304792,0.18255045960436925,0.18255053851312575,"11.3**2 * Matern(length_scale=1e+05, nu=1.5)","[4.852679685149992, 11.512925464970229]",-5.303077173195625,['The optimal value found for dimension 0 of parameter k2__length_scale is close to the specified upper bound 100000.0. Increasing the bound and calling fit again may find a better value.'],0.2634600415193553,0.02275250187725645,0.38352182276935665,0.03278118528097793,0.38705931495685775,False,False,between_pp_mf,False,False,False,False,False,False,False,False,False,False,False,OK,non-monotonic source anchors
violin,strings,F#6,90.0,high,10.483588,10.995129,10.653833,10.70773739386158,10.707737522247161,10.707737769393653,10.70773782917335,10.707737888148907,10.707738003686398,10.707738225109775,10.707738330997282,10.86724375,10.851433384696826,10.94719721875,10.959167570312502,True,False,0.18254775405675883,0.18254768340107094,0.18254775405675883,"10.7**2 * Matern(length_scale=1e+05, nu=1.5)","[4.742221601001827, 11.512925464970229]",-4.553362579714962,['The optimal value found for dimension 0 of parameter k2__length_scale is close to the specified upper bound 100000.0. Increasing the bound and calling fit again may find a better value.'],0.15950592082664983,0.014677679501451307,0.23945938957665014,0.02187403632105138,0.25142974113915173,False,False,between_pp_mf,False,False,False,False,False,False,False,False,False,False,False,OK,non-monotonic source anchors
violin,strings,G6,91.0,high,10.117409,10.280374,10.373252,10.253761185462691,10.253761357655199,10.253761692828911,10.253761774702319,10.253761855806964,10.253762015708606,10.25376232627281,10.25376247693297,10.23963275,10.267067846414456,10.24620340625,10.247553406791134,True,False,0.18254534675553558,0.18254528196311778,0.18254534675553558,"10.3**2 * Matern(length_scale=1e+05, nu=1.5)","[4.655604485084806, 11.512925464970229]",-3.999231626534038,['The optimal value found for dimension 0 of parameter k2__length_scale is close to the specified upper bound 100000.0. Increasing the bound and calling fit again may find a better value.'],0.014129024702318915,0.0013798370554177263,0.007558368452318831,0.0007376750346092449,0.006208367911185064,True,False,equal_or_near_mf,False,False,False,True,False,False,False,False,False,False,False,REVIEW REQUIRED,mp near mf anchor
violin,strings,G#6,92.0,high,9.920291,10.282965,10.312349,10.168590327145123,10.168590581105311,10.168591079899237,10.168591202694605,10.168591324727418,10.168591566503155,10.168592040884763,10.168592273487734,10.192296500000001,10.225778039949619,10.2235424375,10.243464155414268,True,False,0.18254485906250667,0.18254479534169624,0.18254485906250667,"10.2**2 * Matern(length_scale=1e+05, nu=1.5)","[4.638929340948934, 11.512925464970229]",-4.300005043391204,['The optimal value found for dimension 0 of parameter k2__length_scale is close to the specified upper bound 100000.0. Increasing the bound and calling fit again may find a better value.'],0.023705297305395945,0.002325805308489205,0.054951234805395544,0.005374970089020627,0.07487295271966232,True,False,between_pp_mf,False,False,False,False,False,False,False,False,False,False,False,OK,within expected diagnostic envelope
violin,strings,A6,93.0,high,9.331229,10.142248,9.965111,9.468755919917465,9.554599552010036,9.727951737878847,9.770944186513493,9.81329153615407,9.895349189995109,10.048993361848112,10.120785318841397,9.93949325,9.935099868939425,10.032132875,10.076702703125,True,False,0.2004160978523314,0.18799194459898055,0.20041609785236686,"9.71**2 * Matern(length_scale=141, nu=1.5)","[4.547269909533042, 4.947646555256949]",-5.4392120364618295,[],0.16854906348650722,0.016957510734916713,0.26118868848650756,0.026035210233049028,0.30575851661150644,False,False,between_pp_mf,False,False,False,False,False,False,False,False,False,False,False,OK,non-monotonic source anchors
violin,strings,A#6,94.0,high,8.277281,9.176195,8.905541,8.439395347284243,8.526136840828851,8.701480075685806,8.744829997707935,8.787346193201497,8.869035245504367,9.019956096278175,9.089707208295938,8.9514665,8.938837537842904,9.061113500000001,9.10528803125,True,False,0.200667690315143,0.188183410060731,0.20066769031510762,"8.66**2 * Matern(length_scale=124, nu=1.5)","[4.317372250983297, 4.82093749132652]",-5.641061206563853,[],0.20663650229206532,0.023084094912500127,0.31628350229206603,0.0349055888431445,0.3604580335420646,False,False,between_pp_mf,False,False,False,False,False,False,False,False,False,False,False,OK,non-monotonic source anchors
violin,strings,B6,95.0,high,8.74534,9.105408,8.943398,8.927649438957715,8.92764954307652,8.92764974328938,8.927649791669715,8.92764983938019,8.92764993279045,8.927650111567146,8.927650196933536,9.015391000000001,9.016528871644692,9.0643358125,9.078261765625001,True,False,0.18253610120206945,0.1825360520825965,0.18253610120206945,"8.93**2 * Matern(length_scale=1e+05, nu=1.5)","[4.378722794703094, 11.512925464970229]",-4.01831384639918,['The optimal value found for dimension 0 of parameter k2__length_scale is close to the specified upper bound 100000.0. Increasing the bound and calling fit again may find a better value.'],0.08774120833028576,0.009732379697151875,0.13668602083028425,0.015079540703003302,0.1506119739552858,False,False,between_pp_mf,False,False,False,False,False,False,False,False,False,False,False,OK,non-monotonic source anchors
violin,strings,C7,96.0,high,7.169442,8.777069,8.152236,5.697046699716867,6.4266458877527795,8.08681761770028,8.422406222501833,8.63356290323877,8.602588042364204,7.714039710806098,7.198600555848368,8.375162249999999,8.43194330885014,8.584455375,8.653558078124998,True,False,0.34483038650145226,0.32220672895519886,0.34483038650142134,"6.25**2 * Matern(length_scale=11.4, nu=1.5)","[3.6645541227981715, 2.4359200520822726]",-7.0001822253847745,[],0.04724397250183365,0.0056409620603867896,0.16204915249816665,0.01887704524274106,0.23115185562316576,False,False,between_pp_mf,False,False,False,False,False,False,False,False,False,False,False,OK,non-monotonic source anchors
violin,strings,C#7,97.0,high,7.851384,9.052773,7.913081,6.552492297108021,7.214148188273703,8.586921196973996,8.816642899352995,8.910020227496025,8.61936230149828,7.294916985090484,6.646513585347188,8.75242575,8.819847098487,8.97190209375,8.9762401640625,True,False,0.35131807442091867,0.3263980198944885,0.35131807442091867,"6.34**2 * Matern(length_scale=11.3, nu=1.5)","[3.692982713431078, 2.4213545518574535]",-7.06889981093442,[],0.06421714935299505,0.007337068738114693,0.1552591943970043,0.01730504777857093,0.15959726470950386,False,False,between_pp_mf,False,False,False,False,False,False,False,False,False,False,False,OK,non-monotonic source anchors
violin,strings,D7,98.0,high,7.742298,8.08543,7.916259,7.910450458237252,7.910450531885408,7.910450672069383,7.91045070563289,7.9104507386028535,7.910450802761469,7.910450923952964,7.910450980985943,7.999647,7.9979403360346915,8.04767540625,8.059907039062502,True,False,0.18252565462867434,0.18252561606244472,0.18252565462867434,"7.91**2 * Matern(length_scale=1e+05, nu=1.5)","[4.136900529617299, 11.512925464970229]",-3.8666223548970495,['The optimal value found for dimension 0 of parameter k2__length_scale is close to the specified upper bound 100000.0. Increasing the bound and calling fit again may find a better value.'],0.08919629436711052,0.011150028790909212,0.13722470061711078,0.017051470603615435,0.14945633342961173,False,False,between_pp_mf,False,False,False,False,False,False,False,False,False,False,False,OK,non-monotonic source anchors
violin,strings,D#7,99.0,high,7.283419,7.930614,7.724403,7.641785201568844,7.641785364177251,7.641785682532373,7.64178576069021,7.641785838274618,7.641785991721547,7.6417862917242365,7.641786438279116,7.76881525,7.786199841266187,7.8488220625,7.87982875,True,False,0.18252217856407485,0.1825221425723113,0.18252217856407485,"7.64**2 * Matern(length_scale=1e+05, nu=1.5)","[4.067832268736994, 11.512925464970229]",-4.630823688165228,['The optimal value found for dimension 0 of parameter k2__length_scale is close to the specified upper bound 100000.0. Increasing the bound and calling fit again may find a better value.'],0.1270294893097903,0.01635120481334529,0.20703630180979005,0.026378009357476122,0.23804298930978973,False,False,between_pp_mf,False,False,False,False,False,False,False,False,False,False,False,OK,non-monotonic source anchors
violin,strings,E7,100.0,high,6.814008,6.859024,6.110714,6.976058719159496,6.892780082619533,6.703777875701375,6.651707749416566,6.597686476315535,6.484582372971034,6.253686005196827,6.14077994092158,6.84777,6.781400937850687,6.9221443124999995,6.858320624999999,True,False,0.20427100812167392,0.19032971314699185,0.20427100812167392,"6.49**2 * Matern(length_scale=77, nu=1.5)","[3.741761311096065, 4.344050696369161]",-4.851534657882401,[],0.19606225058343352,0.028631547289618888,0.27043656308343333,0.03906832202198953,0.2066128755834331,False,False,below_both_pp_mf,True,False,False,False,False,False,False,False,False,False,False,REVIEW REQUIRED,mp outside pp–mf interval; non-monotonic source anchors
violin,strings,F7,101.0,high,3.051986,3.769573,3.383747,3.391969813997219,3.3919698405253147,3.3919698905312714,3.3919699023970136,3.3919699140082424,3.3919699364669453,3.3919699783292723,3.391969997732996,3.59017625,3.5807714452656354,3.6936212187499997,3.7169481640625,True,False,0.18231105436115744,0.18231104726171948,0.18231105436115744,"3.4**2 * Matern(length_scale=1e+05, nu=1.5)","[2.4457135020513037, 11.512925464970229]",-4.017595808130761,['The optimal value found for dimension 0 of parameter k2__length_scale is close to the specified upper bound 100000.0. Increasing the bound and calling fit again may find a better value.'],0.19820634760298628,0.05520797136435469,0.30165131635298614,0.08166817832367537,0.3249782616654864,False,False,between_pp_mf,False,False,False,False,False,False,False,False,False,False,False,OK,non-monotonic source anchors
violin,strings,F#7,102.0,high,3.570454,3.369747,3.019499,3.4728981155931318,3.4384248256898053,3.3578922644166633,3.335574602157693,3.312598145017053,3.265195902961811,3.1688669776802567,3.121246761333851,3.4199237499999997,3.3638196322083314,3.43394321875,3.4310893304428642,True,False,0.19415523505582985,0.18616033105176982,0.19415523505582527,"3.32**2 * Matern(length_scale=70.5, nu=1.5)","[2.397564352558184, 4.255041247758096]",-3.4315670825473985,[],0.08434914784230685,0.02466404341392315,0.09836861659230722,0.02864596480663844,0.09551472828517138,False,True,below_both_pp_mf,True,False,False,False,False,False,False,False,False,False,False,REVIEW REQUIRED,mp outside pp–mf interval
violin,strings,G7,103.0,high,2.881187,3.690796,2.81368,3.117899756274861,3.117899755599055,3.1178997514411124,3.117899749816797,3.1178997479584267,3.1178997435394598,3.1178997318946235,3.1178997246694364,3.48839375,3.404347875720556,3.64652421875,3.6417776328125004,True,False,0.1822630419668273,0.1822630359667914,0.18226304196683218,"3.12**2 * Matern(length_scale=1e+05, nu=1.5)","[2.277727036337127, 11.512925464970229]",-5.026368453981897,['The optimal value found for dimension 0 of parameter k2__length_scale is close to the specified upper bound 100000.0. Increasing the bound and calling fit again may find a better value.'],0.3704940001832031,0.10620762068020649,0.5286244689332031,0.14496666886649978,0.5238778829957034,False,False,between_pp_mf,False,False,False,False,False,False,False,False,False,False,False,OK,non-monotonic source anchors
violin,strings,G#7,104.0,high,2.479848,2.926471,2.951165,2.7154046039734605,2.730589253407617,2.7604177118145636,2.7676673444520192,2.7747670594214915,2.788399842097816,2.8129480522217922,2.823761418234715,2.8148152499999997,2.8434443559072817,2.85437109375,2.880929266271244,True,False,0.18634848959097894,0.18339276399209084,0.18634848959098133,"2.78**2 * Matern(length_scale=115, nu=1.5)","[2.042353472102743, 4.7479529066252635]",-3.22767384218362,[],0.04714790554798043,0.01674991122347388,0.08670374929798097,0.030375780320866335,0.11326192181922456,True,False,between_pp_mf,False,False,False,False,False,False,False,False,False,False,False,OK,within expected diagnostic envelope
violin,strings,A7,105.0,high,2.703889,2.118963,2.421008,2.4008152962545117,2.4008152889367156,2.400815272139626,2.4008152674901386,2.4008152626606494,2.40081525246176,2.4008152299044263,2.400815217546007,2.2651944999999998,2.259889136069813,2.18204096875,2.1621508984375,True,False,0.1820515408118606,0.18205153725017814,0.18205154081185815,"2.41**2 * Matern(length_scale=1e+05, nu=1.5)","[1.7573543861972307, 11.512925464970229]",-3.240730734543498,['The optimal value found for dimension 0 of parameter k2__length_scale is close to the specified upper bound 100000.0. Increasing the bound and calling fit again may find a better value.'],0.13562076749013885,0.05987157724872582,0.21877429874013865,0.1002613158383847,0.23866436905263866,False,False,between_pp_mf,False,False,False,False,False,False,False,False,False,False,False,OK,non-monotonic source anchors
violin,strings,A#7,106.0,high,2.127171,2.463498,2.120485,2.2221505443950984,2.222150546752631,2.22215054925837,2.222150549424472,2.22215054940641,2.2221505488177633,2.2221505454308423,2.2221505426327424,2.3794162500000002,2.342824274629185,2.443104375,2.4426342656249997,True,False,0.18196511988330694,0.18196511651074973,0.18196511988330694,"2.23**2 * Matern(length_scale=9.51e+04, nu=1.5)","[1.6036194473070442, 11.463100660068353]",-2.693392796024612,[],0.15726570057552802,0.06609423659081425,0.22095382557552767,0.0904397813849143,0.22048371620052754,False,False,between_pp_mf,False,False,False,False,False,False,False,False,False,False,False,OK,non-monotonic source anchors
violin,strings,B7,107.0,high,2.821101,2.299766,2.255637,2.6103707857166403,2.5769930631924156,2.494603451304916,2.471331426614047,2.4475028291225596,2.3990604040576313,2.3021695852249264,2.2546033174349067,2.43009975,2.397184725652458,2.3853616875000005,2.3570452007032614,True,False,0.19426531082805798,0.18635988750762558,0.19426531082805798,"2.48**2 * Matern(length_scale=52, nu=1.5)","[1.8148145368960422, 3.9521429967006116]",-3.3388464848424166,[],0.04123167661404681,0.016967071666110334,0.08596973911404637,0.036040546624251234,0.11428622591078552,False,True,between_pp_mf,False,False,False,False,False,False,False,False,False,False,False,OK,within expected diagnostic envelope
viola,strings,C3,48.0,low,43.057912,50.207507,52.317174,35.9355248620523,39.35022490425779,46.99048460323708,48.73487610380896,50.15906974277428,51.801138034105875,52.35831517716595,52.042272310102334,48.42010825,48.59899580161854,48.8926015,49.085489331704565,True,False,0.7041277363718798,0.5446744275879022,0.7041277363723641,"40.4**2 * Matern(length_scale=20.7, nu=1.5)","[7.397142524887068, 3.031045810749465]",-11.15498223406106,[],0.31476785380895933,0.006500767247024058,0.1577253961910401,0.003225956307337013,0.35061322789560734,True,False,between_pp_mf,False,False,False,False,False,False,False,False,False,False,False,OK,within expected diagnostic envelope
viola,strings,C#3,49.0,low,40.667401,44.946599,43.450608,35.55968833227783,38.058400214440965,43.28475142115641,44.28217160032043,44.89261704279255,44.73973604674292,41.92567339479497,40.288153625575035,43.8767995,44.1156752105782,44.41822346874999,44.61391771093751,True,False,0.7208606461647684,0.555790255695153,0.7208606461647684,"32.9**2 * Matern(length_scale=17.7, nu=1.5)","[6.986290126049104, 2.873004310955295]",-10.897863838384307,[],0.40537210032043447,0.00923887122442544,0.1360518684295613,0.003062974108482282,0.3317461106170754,False,False,between_pp_mf,False,False,False,False,False,False,False,False,False,False,False,OK,non-monotonic source anchors
viola,strings,D3,50.0,low,41.794026,44.249471,47.520577,39.339838790674655,40.52739501978639,43.017764967400865,43.685688858950364,44.38705243738517,45.88974711075172,48.88445795500058,50.24703990030188,43.63560975,43.63361798370043,43.55914153125,43.567310341382026,True,False,0.27036604054864105,0.2687757017612823,0.2703660405469591,"50.9**2 * Matern(length_scale=72, nu=1.5)","[7.861526606527379, 4.276320676970651]",-9.112422110914807,[],0.050079108950363604,0.0011476660745038312,0.12654732770036503,0.0029051841531261132,0.11837851756833828,True,False,between_pp_mf,False,False,False,False,False,False,False,False,False,False,False,OK,within expected diagnostic envelope
viola,strings,D#3,51.0,low,38.788507,44.32785,41.997164,32.27375333381694,35.41066538613096,42.21295197532325,43.51836260602638,44.2880395299094,43.9115418237945,39.778656408990315,37.48467830482129,42.94301425,43.270400987661624,43.68082946874999,43.9064381640625,True,False,0.9748210750571353,0.7233960442468106,0.9748210750569604,"31.8**2 * Matern(length_scale=13.8, nu=1.5)","[6.915990323104568, 2.621824497935506]",-11.333561301882536,[],0.5753483560263817,0.01339794995937859,0.16246686272361188,0.0037194088276149484,0.38807555803612104,False,False,between_pp_mf,False,False,False,False,False,False,False,False,False,False,False,OK,non-monotonic source anchors
viola,strings,E3,52.0,low,35.508181,40.821026,41.913046,30.11674671832787,32.71833102180554,38.46627429275365,39.7460016998481,40.758692407901016,41.79215029594909,41.70568560029657,41.239667617336785,39.49281475,39.64365014637683,39.88851709375001,40.084093855913444,True,False,0.583661901675088,0.468835949423688,0.5836619016748933,"32.1**2 * Matern(length_scale=20.6, nu=1.5)","[6.934787690877511, 3.0245915298422004]",-10.487766819055533,[],0.2531869498481001,0.006410962385204516,0.1425153939019097,0.003572842619517684,0.3380921560653434,True,False,between_pp_mf,False,False,False,False,False,False,False,False,False,False,False,OK,within expected diagnostic envelope
viola,strings,F3,53.0,low,26.854975,27.554945,33.962486,26.47236592898791,26.81174224586708,26.701771064746797,26.934716257342725,27.607114296688586,30.448709842882064,36.55438174154085,38.19186540556742,27.3799525,27.1283580323734,26.84486771875,27.268096162212057,True,False,0.8820042097932441,0.6613936893338391,0.8820042097933086,"31.9**2 * Matern(length_scale=14.9, nu=1.5)","[6.9271545201535725, 2.6996789936081234]",-11.191971097738026,[],0.4452362426572769,0.016261395729495035,0.0898485385927259,0.003346954044775215,0.3333799048693322,True,False,equal_or_near_pp,False,False,True,False,False,False,False,False,False,False,False,REVIEW REQUIRED,mp near pp anchor
viola,strings,F#3,54.0,low,32.5187,37.448142,34.074192,26.446391117659005,29.364820756590728,35.68888739595699,36.83609731572809,37.40953211361537,36.52036487460061,31.44526195643493,28.877402567267296,36.2157815,36.56851469797849,36.9942245,37.103595031249995,True,False,1.031391919595625,0.7624341588455603,1.0313919195955699,"26.3**2 * Matern(length_scale=11.6, nu=1.5)","[6.5365860789509425, 2.449910271521581]",-11.129010278747643,[],0.620315815728091,0.017128328867570927,0.15812718427191186,0.00427437488984022,0.2674977155219054,False,False,between_pp_mf,False,False,False,False,False,False,False,False,False,False,False,OK,non-monotonic source anchors
viola,strings,G3,55.0,low,40.86336,45.23719,42.362922,35.25098514596173,37.99672124359172,43.675858241567234,44.68309824921524,45.19330393702169,44.46628010935149,40.05294961868687,37.725341693882946,44.1437325,44.45652412078361,44.823241687499994,44.92867964062499,True,False,0.8902108107533813,0.6667927304486654,0.8902108107533813,"32.4**2 * Matern(length_scale=14.9, nu=1.5)","[6.95773238641934, 2.7032492714392324]",-11.22209937595752,[],0.5393657492152428,0.012218399275938954,0.14014343828475262,0.003126579716429454,0.24558139140975044,False,False,between_pp_mf,False,False,False,False,False,False,False,False,False,False,False,OK,non-monotonic source anchors
viola,strings,G#3,56.0,low,31.179768,31.309125,33.545457,30.927847387768633,31.044307803968046,31.1440188040901,31.254207325515736,31.482944008584237,32.34742041219103,34.443848076369605,35.27242330017963,31.276785750000002,31.226571902045052,31.079256843750002,31.254520678772376,True,False,0.33563254921767277,0.3179034123347699,0.33563254921733404,"32.1**2 * Matern(length_scale=36.2, nu=1.5)","[6.939205217705055, 3.589976779516514]",-9.397691491677245,[],0.022578424484265724,0.000721890819112246,0.1749504817657339,0.005629171979410319,0.0003133532566401698,True,False,equal_or_near_pp,False,False,True,True,False,False,False,False,False,False,False,REVIEW REQUIRED,mp near pp anchor; mp near mf anchor
viola,strings,A3,57.0,low,25.62901,30.734903,27.314746,19.66544692805558,22.481529726357746,28.887221126431537,30.087316976341143,30.69698826365971,29.7987501820224,24.68760364417029,22.177930906295277,29.45842975,29.81106206321577,30.257746937500002,30.376275250000003,True,False,1.0766113448099455,0.7944295141944332,1.0766113448100245,"21.2**2 * Matern(length_scale=9.69, nu=1.5)","[6.110431039303043, 2.27089880996616]",-10.857476856073317,[],0.628887226341142,0.02134829424644204,0.17042996115885956,0.005632605808717266,0.28895827365886007,False,False,between_pp_mf,False,False,False,False,False,False,False,False,False,False,False,OK,non-monotonic source anchors
viola,strings,A#3,58.0,low,28.706901,31.14733,31.452412,26.309712316303717,27.520934836264093,30.042112641206685,30.583804468157844,31.00958674748444,31.442940578612458,31.433054206751628,31.26840344677857,30.537222749999998,30.59472132060334,30.737411531249997,30.85418556169711,True,False,0.3349130969534333,0.3172590165390068,0.334913096953603,"24.6**2 * Matern(length_scale=30.3, nu=1.5)","[6.4047783267777225, 3.412211679552949]",-8.925088827081675,[],0.04658171815784584,0.0015254078125963779,0.15360706309215288,0.004997397485340762,0.2703810935392674,True,False,between_pp_mf,False,False,False,False,False,False,False,False,False,False,False,OK,within expected diagnostic envelope
viola,strings,B3,59.0,low,28.115725,32.583837,32.555484,23.448607257314908,25.69440616855004,30.681850524757838,31.745568495810435,32.519783998862614,33.00605726551598,31.83207312309102,30.917166228202216,31.466809,31.63284376237892,31.888352593750007,32.200523148437505,True,False,0.5990302737113041,0.47873344117129085,0.599030273711399,"24.5**2 * Matern(length_scale=16.8, nu=1.5)","[6.394051832662103, 2.8188997534880507]",-10.138910497700206,[],0.2787594958104336,0.008858842210865218,0.1427840979395718,0.004477625412595223,0.4549546526270696,False,False,between_pp_mf,False,False,False,False,False,False,False,False,False,False,False,OK,non-monotonic source anchors
viola,strings,C4,60.0,low,31.067732,33.177078,34.754813,29.27312919492169,30.1994877250143,32.12694306464505,32.607591441798675,33.07526533083014,33.955628099451225,35.52208286703564,36.2211716776409,32.649741500000005,32.65201053232252,32.69958003125,32.70496939849668,True,False,0.2443236666143996,0.23972110572224248,0.24432366661486493,"34.2**2 * Matern(length_scale=72.6, nu=1.5)","[7.062030413672908, 4.284922503224332]",-7.961484598832834,[],0.04215005820132944,0.0012909767815873652,0.09198858945132571,0.0028131428404711925,0.0973779566980042,True,False,between_pp_mf,False,False,False,False,False,False,False,False,False,False,False,OK,within expected diagnostic envelope
viola,strings,C#4,61.0,low,27.076273,31.142089,31.384994,22.88982134628616,24.915427641978823,29.381792464328495,30.34561861227037,31.06823114138718,31.626881870323327,30.90935097675779,30.242558497020163,30.125635,30.26194073216425,30.48403290625,30.72252420648389,True,False,0.5240859798296899,0.43229164643881735,0.5240859798295814,"23.7**2 * Matern(length_scale=18.4, nu=1.5)","[6.332776185826674, 2.9117160225937795]",-9.850883217801126,[],0.21998361227037222,0.007302206651258048,0.13841429397962912,0.0045405506025172505,0.3769055942135182,True,False,between_pp_mf,False,False,False,False,False,False,False,False,False,False,False,OK,within expected diagnostic envelope
viola,strings,D4,62.0,low,28.901251,31.843993,32.579785,26.03555766620019,27.464907109348612,30.49630350621917,31.170367508674197,31.722057679887953,32.37686187724385,32.70376976234932,32.664085205833274,31.108307500000002,31.170148253109588,31.3152090625,31.408307577430005,True,False,0.35142903448865387,0.32779866613291964,0.35142903448881563,"25.7**2 * Matern(length_scale=29.3, nu=1.5)","[6.490433640696508, 3.3774749996023323]",-9.100696497854225,[],0.06206000867419448,0.001994965771577077,0.14484155382580255,0.004625278200657152,0.2379400687558082,True,False,between_pp_mf,False,False,False,False,False,False,False,False,False,False,False,OK,within expected diagnostic envelope
viola,strings,D#4,63.0,low,25.057926,25.965219,27.597261,23.904738173573175,24.446290698530817,25.56931359446539,25.864178394716546,26.168842425355667,26.80621028245985,28.05773403198662,28.629501361970785,25.738395750000002,25.767266297232695,25.67045053125,25.68499466268909,True,False,0.23008699837954244,0.21984444803472955,0.23008699838003654,"27.8**2 * Matern(length_scale=81.1, nu=1.5)","[6.653294965838606, 4.395274395095615]",-7.522173199795102,[],0.1257826447165442,0.004886965214859757,0.19372786346654536,0.0075467262731018355,0.1791837320274574,True,False,equal_or_near_mf,False,False,False,True,False,False,False,False,False,False,False,REVIEW REQUIRED,mp near mf anchor
viola,strings,E4,64.0,middle,24.469596,25.804941,25.64157,23.511455988558726,24.05652028478639,25.14303613620669,25.370217237668463,25.547755897768734,25.72745174195094,25.726359829209198,25.66288396497946,25.47110475,25.473988568103344,25.611609375,25.694013796875,True,False,0.2558652629629604,0.25327180260476123,0.2558652629629604,"20.6**2 * Matern(length_scale=44.8, nu=1.5)","[6.053537264118299, 3.8029226258081263]",-7.940054345813211,[],0.10088751233153559,0.003960861270908778,0.24139213733153753,0.009425106161706697,0.3237965592065386,False,False,between_pp_mf,False,False,False,False,False,False,False,False,False,False,False,OK,non-monotonic source anchors
viola,strings,F4,65.0,middle,21.810552,24.001593,21.808005,18.864119680830704,20.327815765316082,23.269698827105817,23.74612925019765,23.92806173168392,23.2683539228631,20.324358400700575,18.859996109138557,23.45383275,23.635645913552906,23.864891718750002,23.864712632812502,True,False,0.5662762408405783,0.45869276059283376,0.5662762408405281,"17.1**2 * Matern(length_scale=13.7, nu=1.5)","[5.67415995877444, 2.619646876403672]",-9.50349870204683,[],0.29229650019765074,0.012462632581774966,0.11876246855235095,0.004976451179916416,0.11858338261485102,False,False,between_pp_mf,False,False,False,False,False,False,False,False,False,False,False,OK,non-monotonic source anchors
viola,strings,F#4,66.0,middle,25.873573,25.398039,25.292314,25.751477765185186,25.694718246785545,25.578993024565456,25.549692104918847,25.52031040796729,25.461423343460392,25.343634577086487,25.284869407884603,25.5169225,25.48851601228273,25.48225290625,25.465709771698418,True,False,0.19604421134504607,0.18617829388007937,0.19604421134504607,"25.5**2 * Matern(length_scale=479, nu=1.5)","[6.4810664666916935, 6.170848544805673]",-5.6204252223108035,[],0.032769604918847506,0.0012842302953597756,0.06743919866884696,0.002646516338918614,0.0839823332204297,False,True,equal_or_near_mf,False,False,False,True,False,False,False,False,False,False,False,REVIEW REQUIRED,mp near mf anchor
viola,strings,G4,67.0,middle,27.673068,28.849485,28.750069,27.481072978970186,27.71944522699795,28.200995816956052,28.319863631193687,28.43627707283065,28.659687236337376,29.07865002604227,29.277820352750155,28.55538075,28.525240408478027,28.674990093749997,28.750716726562505,True,False,0.21165837089738995,0.1932790136101289,0.21165837089738995,"27.6**2 * Matern(length_scale=179, nu=1.5)","[6.6350302059912725, 5.186595754134799]",-7.549495573965167,[],0.23551711880631387,0.008247731692609768,0.35512646255631,0.012384536538469925,0.43085309536881766,False,False,between_pp_mf,False,False,False,False,False,False,False,False,False,False,False,OK,non-monotonic source anchors
viola,strings,G#4,68.0,middle,24.768451,24.239879,24.437272,24.480510486681414,24.48050932161337,24.480506969328818,24.480506376654436,24.480505782147553,24.480504587647985,24.48050217672902,24.480500960316157,24.372021999999998,24.36019298466441,24.30396278125,24.280676757812497,True,False,0.18256960126821992,0.18256923200681094,0.1825696012675972,"24.5**2 * Matern(length_scale=1e+05, nu=1.5)","[6.395803252354312, 11.512925464970229]",-5.414859145059554,['The optimal value found for dimension 0 of parameter k2__length_scale is close to the specified upper bound 100000.0. Increasing the bound and calling fit again may find a better value.'],0.10848437665443811,0.004451184914178976,0.17654359540443565,0.007263983943418287,0.19982961884193884,False,False,equal_or_near_mf,False,False,False,True,False,False,False,False,False,False,False,REVIEW REQUIRED,mp near mf anchor; non-monotonic source anchors
viola,strings,A4,69.0,middle,24.759862,23.720184,25.210832,25.487891158145548,25.169526929188283,24.103369485240414,23.909275722314643,23.868656142225944,24.33497783008164,25.80847765624867,26.29065888681311,23.9801035,23.911776742620205,23.7428854375,23.774594265625,True,False,0.38204276377654556,0.3465772278677109,0.38204276377654556,"24.7**2 * Matern(length_scale=25.8, nu=1.5)","[6.413879702072565, 3.2510473044476806]",-9.334216980110366,[],0.07082777768535564,0.0029536060044676473,0.1663902848146428,0.007008006051018659,0.13468145668964127,False,False,equal_or_near_mf,False,False,False,True,False,False,False,False,False,False,False,REVIEW REQUIRED,mp near mf anchor; non-monotonic source anchors
viola,strings,A#4,70.0,middle,25.492095,24.069045,24.143632,25.806585332128456,25.505121216359363,24.86321924992582,24.70135938095142,24.543962405988562,24.247598651608588,23.691636712989794,23.419210449361966,24.4248075,24.46613212496291,24.28440403125,24.189590226562498,True,False,0.21626405315713973,0.19892511260843987,0.21626405315687688,"24.8**2 * Matern(length_scale=121, nu=1.5)","[6.418352126257863, 4.794008527163451]",-8.151353621341853,[],0.2765518809514198,0.011322581803415228,0.41695534970142134,0.017169676026015258,0.5117691543889222,False,False,between_pp_mf,False,False,False,False,False,False,False,False,False,False,False,OK,non-monotonic source anchors
viola,strings,B4,71.0,middle,25.122749,23.829076,22.659019,26.101756595557813,25.591514413867078,24.46867548065634,24.17199158950182,23.873182504771158,23.276467510265814,22.11169769734427,21.550252860735064,24.15249425,24.148875740328172,24.140905250000003,24.14046914727446,True,False,0.22779122497940574,0.21640659181831393,0.22779122497940574,"25.3**2 * Matern(length_scale=80.1, nu=1.5)","[6.45859954402658, 4.383113367935073]",-7.019459121105982,[],0.01949733950181809,0.0008072598755227149,0.031086339501815274,0.001287703968839995,0.03152244222735945,False,True,between_pp_mf,False,False,False,False,False,False,False,False,False,False,False,OK,within expected diagnostic envelope
viola,strings,C5,72.0,middle,19.733222,21.219404,20.753225,18.29580788147403,19.050331973188378,20.564242421664897,20.85568249081711,21.048080045855766,21.084090596157104,20.48533223022124,20.099507532675727,20.8478585,20.89182321083245,21.03089234375,21.1026113046875,True,False,0.3064241354501524,0.29744758119498393,0.3064241354501524,"16.1**2 * Matern(length_scale=26, nu=1.5)","[5.55901966820038, 3.2584457983842983]",-8.103532222041652,[],0.007823990817108495,0.00037528990409775153,0.17520985293289115,0.008331070791913418,0.24692881387039023,False,False,between_pp_mf,False,False,False,False,False,False,False,False,False,False,False,OK,non-monotonic source anchors
viola,strings,C#5,73.0,middle,19.036104,19.077857,19.993445,18.63564374089188,18.81528917028334,19.17983627377574,19.272323079598277,19.36553170339146,19.553577972670254,19.921213224477455,20.096139415494513,19.06741875,19.12884663688787,18.985496718750003,19.060102217295192,True,False,0.20900406520090717,0.19166376783857791,0.20900406520090717,"19.6**2 * Matern(length_scale=161, nu=1.5)","[5.950746390931378, 5.078303024929233]",-6.375338016597434,[],0.20490432959827487,0.010746306686020354,0.2868263608482735,0.015107656391470912,0.21222086230308435,True,False,above_both_pp_mf,True,False,False,False,False,False,False,False,False,False,False,REVIEW REQUIRED,mp outside pp–mf interval
viola,strings,D5,74.0,middle,19.258799,22.256718,21.755176,16.105537232497493,17.636782810149185,21.005666847306546,21.698179884047914,22.1702722573071,22.31413228007496,21.057800188098145,20.237641252511565,21.50723825,21.631192423653275,21.83531271875,22.0108392265625,True,False,0.4786915994658254,0.4047886516925732,0.4786915994658254,"16.4**2 * Matern(length_scale=15.5, nu=1.5)","[5.591541988824971, 2.7406005771147046]",-9.133233900621976,[],0.1909416340479133,0.008878017336694232,0.13713283470208637,0.006280323825375319,0.3126593425145856,False,False,between_pp_mf,False,False,False,False,False,False,False,False,False,False,False,OK,non-monotonic source anchors
viola,strings,D#5,75.0,middle,20.40943,17.841416,19.84689,21.946459472238697,21.4417268285496,18.829308439879448,18.2102626092909,17.91554153038041,18.531328188340193,20.679755300607734,21.041280261996434,18.4834195,18.335362219939725,18.054655,18.015101406249997,True,False,0.6832313380743392,0.5325609685681305,0.6832313380742976,"20.3**2 * Matern(length_scale=13.3, nu=1.5)","[6.01940371687874, 2.584282627287468]",-10.10225966314741,[],0.27315689070909954,0.014778482450668803,0.15560760929090023,0.008618697465606527,0.19516120304090379,False,False,between_pp_mf,False,False,False,False,False,False,False,False,False,False,False,OK,non-monotonic source anchors
viola,strings,E5,76.0,middle,18.010072,18.312608,17.319927,18.276235386592724,18.18198314643832,17.985473373148857,17.934505887129284,17.88268657560991,17.776682251935537,17.56186245799392,17.45517077239643,18.236974,18.14904068657443,18.358400593749998,18.307880875000002,True,False,0.20272405190219392,0.18851427387190342,0.20272405190177334,"17.7**2 * Matern(length_scale=220, nu=1.5)","[5.744625518783353, 5.393789281558485]",-6.706012549912266,[],0.3024681128707165,0.016585433135492572,0.4238947066207146,0.023089958433798796,0.37337498787071866,False,False,equal_or_near_pp,True,False,True,False,False,False,False,False,False,False,False,REVIEW REQUIRED,mp outside pp–mf interval; mp near pp anchor; non-monotonic source anchors
viola,strings,F5,77.0,middle,16.651982,16.802152,16.566344,16.671494009839236,16.671493884539863,16.671493618923126,16.671493549389602,16.671493478604297,16.671493333278065,16.67149302762361,16.671492867301872,16.7646095,16.736822809461565,16.8007949375,16.794773515625,True,False,0.1825634683802114,0.1825632971186101,0.1825634683802114,"16.7**2 * Matern(length_scale=1e+05, nu=1.5)","[5.627513700306138, 11.512925464970229]",-4.459843892209669,['The optimal value found for dimension 0 of parameter k2__length_scale is close to the specified upper bound 100000.0. Increasing the bound and calling fit again may find a better value.'],0.09311595061039668,0.005554316705700582,0.12930138811039882,0.00769614703300695,0.12327996623539761,False,False,equal_or_near_pp,False,False,True,True,False,False,False,False,False,False,False,REVIEW REQUIRED,mp near pp anchor; mp near mf anchor; non-monotonic source anchors
viola,strings,F#5,78.0,middle,12.531367,13.652936,14.12684,11.89873950753055,12.283247393947478,13.085189492296475,13.283977600252118,13.475721429373882,13.829895967340022,14.434291130942448,14.691560362327463,13.37254375,13.369062746148238,13.43326234375,13.4517483858302,True,False,0.22315223766087333,0.2098633996000824,0.22315223766093703,"13.2**2 * Matern(length_scale=57.8, nu=1.5)","[5.154818724981057, 4.057558686296491]",-6.208281967664957,[],0.0885661497478818,0.00662298448250594,0.14928474349788168,0.011113066928774628,0.16777078557808167,True,False,between_pp_mf,False,False,False,False,False,False,False,False,False,False,False,OK,within expected diagnostic envelope
viola,strings,G5,79.0,high,14.792816,15.64713,14.877306,15.103543497011673,15.103543628538267,15.103543878008683,15.103543937542028,15.103543995937839,15.103544109314534,15.103544322440634,15.103544422200612,15.4335515,15.375336939004342,15.5858144375,15.591755140624999,True,False,0.18256103745513377,0.1825608968908624,0.1825610374552116,"15.1**2 * Matern(length_scale=1e+05, nu=1.5)","[5.429999596438916, 11.512925464970229]",-6.43464802139885,['The optimal value found for dimension 0 of parameter k2__length_scale is close to the specified upper bound 100000.0. Increasing the bound and calling fit again may find a better value.'],0.3300075624579719,0.021382477160747603,0.48227049995797167,0.030942912986158262,0.4882112030829706,False,False,between_pp_mf,False,False,False,False,False,False,False,False,False,False,False,OK,non-monotonic source anchors
viola,strings,G#5,80.0,high,14.792406,14.906419,15.985028,14.243329810764886,14.479561399810402,14.964424733378028,15.089566009881663,15.217240243677084,15.47936173767058,15.989640894077034,16.225013152791323,14.87791575,14.935421866689014,14.787484874999999,14.859603792318861,True,False,0.21383293744913723,0.19664339696179847,0.2138329374492037,"15.6**2 * Matern(length_scale=96.8, nu=1.5)","[5.493265123089627, 4.572237414573886]",-6.500382535713834,[],0.21165025988166342,0.01422580040363943,0.3020811348816643,0.020428161883862237,0.229962217562802,True,False,above_both_pp_mf,True,False,False,False,False,False,False,False,False,False,False,REVIEW REQUIRED,mp outside pp–mf interval
viola,strings,A5,81.0,high,14.04204,13.786681,13.801758,13.874425321533597,13.874425058559703,13.874424520098271,13.874424382877923,13.874424244617197,13.874423964977042,13.874423393232833,13.87442310113199,13.85052075,13.830552760049136,13.825167375,13.808272546875001,True,False,0.1825585414910808,0.18255842287203738,0.18255854149123651,"13.9**2 * Matern(length_scale=1e+05, nu=1.5)","[5.260264101941717, 11.512925464970229]",-4.3390435376510865,['The optimal value found for dimension 0 of parameter k2__length_scale is close to the specified upper bound 100000.0. Increasing the bound and calling fit again may find a better value.'],0.023903632877923187,0.001725829180677065,0.04925700787792309,0.003562850744721858,0.06615183600292163,False,False,equal_or_near_mf,False,False,False,True,False,False,False,False,False,False,False,REVIEW REQUIRED,mp near mf anchor; non-monotonic source anchors
viola,strings,A#5,82.0,high,15.881904,15.353862,15.606682,15.612016088572283,15.61201570246073,15.612014916148402,15.612014716639235,15.61201451596109,15.61201411110137,15.61201328737306,15.612012868505012,15.4858725,15.482938458074202,15.412666687500002,15.393315140625,True,False,0.1825619046349632,0.1825617544474436,0.1825619046349632,"15.6**2 * Matern(length_scale=1e+05, nu=1.5)","[5.496214678559017, 11.512925464970229]",-4.949205096711324,['The optimal value found for dimension 0 of parameter k2__length_scale is close to the specified upper bound 100000.0. Increasing the bound and calling fit again may find a better value.'],0.12614221663923608,0.008145631874422063,0.19934802913923377,0.012934038812434013,0.2186995760142345,False,False,between_pp_mf,False,False,False,False,False,False,False,False,False,False,False,OK,non-monotonic source anchors
viola,strings,B5,83.0,high,15.870649,15.369059,14.994514,16.024094046938913,15.879095883359113,15.571718665633327,15.491933512715624,15.411502971717738,15.249727687951985,14.927853520634141,14.769302180917265,15.4944565,15.470388832816663,15.482546031250001,15.481250712461506,True,False,0.2074752470199137,0.19098650195378317,0.2074752470200507,"15.5**2 * Matern(length_scale=143, nu=1.5)","[5.481383472980029, 4.966026544149936]",-5.43376377543192,[],0.0025229872843759438,0.0001628316091226526,0.009387481465623182,0.0006063267273144527,0.010682800254118163,False,True,equal_or_near_mf,False,False,False,True,False,False,False,False,False,False,False,REVIEW REQUIRED,mp near mf anchor
viola,strings,C6,84.0,high,14.487888,15.265473,14.817148,14.854590918136715,14.854591369686045,14.854592259459544,14.854592479121415,14.85459269766645,14.854593131401593,14.854593985454265,14.854594405773897,15.07107675,15.060032629729772,15.186005812500001,15.20915690625,True,False,0.182560580742737,0.18256044477335587,0.18256058074265918,"14.9**2 * Matern(length_scale=1e+05, nu=1.5)","[5.396766679973433, 11.512925464970229]",-5.725407754757567,['The optimal value found for dimension 0 of parameter k2__length_scale is close to the specified upper bound 100000.0. Increasing the bound and calling fit again may find a better value.'],0.2164842708785848,0.014364220584211728,0.33141333337858647,0.02182360111477051,0.3545644271285848,False,False,between_pp_mf,False,False,False,False,False,False,False,False,False,False,False,OK,non-monotonic source anchors
viola,strings,C#6,85.0,high,13.235556,13.045763,12.459483,13.401222304474251,13.286965333256576,13.043532802769848,12.979767639351644,12.91501654048155,12.78321997019144,12.51833596621866,12.387686423782972,13.093211250000001,13.044647901384923,13.130381906250001,13.115743235219698,True,False,0.20525355349696792,0.18994829547547362,0.20525355349703714,"12.9**2 * Matern(length_scale=139, nu=1.5)","[5.1110433754454325, 4.9325765566444195]",-5.243093611620603,[],0.11344361064835695,0.00866430766924019,0.15061426689835677,0.011470669168172867,0.13597559586805374,False,True,equal_or_near_mf,True,False,False,True,False,False,False,False,False,False,False,REVIEW REQUIRED,mp outside pp–mf interval; mp near mf anchor
viola,strings,D6,86.0,high,13.773281,12.818772,12.963706,13.72836940495561,13.598470544361124,13.3225905452444,13.251632485828406,13.180908466866653,13.041488534742449,12.76869981962745,12.634435396221646,13.05739925,13.070681272622199,12.954326468749999,12.8974032265625,True,False,0.2060944099477265,0.19036487087847767,0.20609440994779546,"13.3**2 * Matern(length_scale=136, nu=1.5)","[5.182122821278039, 4.91422793257224]",-6.192272199247736,[],0.19423323582840624,0.014875338657382805,0.297306017078407,0.022950326116576165,0.35422925926590665,False,False,between_pp_mf,False,False,False,False,False,False,False,False,False,False,False,OK,non-monotonic source anchors
viola,strings,D#6,87.0,high,12.95992,11.626786,13.087609,13.676326254732528,13.423975037478417,12.141310581376102,11.85840914749846,11.755491013110838,12.208296081538476,13.597690468040865,13.884879718062821,11.9600695,11.88404829068805,11.698136031249998,11.7071141640625,True,False,0.4334951429981919,0.3774394145727523,0.43349514299812636,"13**2 * Matern(length_scale=14.6, nu=1.5)","[5.1360796169596235, 2.6806694128704627]",-8.659970141135242,[],0.10166035250153982,0.008499980079675944,0.16027311624846163,0.013700739658037276,0.15129498343596026,False,False,between_pp_mf,False,False,False,False,False,False,False,False,False,False,False,OK,non-monotonic source anchors
viola,strings,E6,88.0,high,12.670427,12.871103,14.053261,12.034250237584917,12.307705356439707,12.874757579221967,13.023709780056846,13.177686257039761,13.499754305268205,14.12552383205162,14.406004585621554,12.820934,12.872930289610984,12.7289200625,12.79149780542784,True,False,0.2181555534771601,0.20254655889937598,0.2181555534771601,"13.7**2 * Matern(length_scale=70.9, nu=1.5)","[5.2297951327903744, 4.261279805425908]",-6.537804065264746,[],0.2027757800568466,0.015815991257489243,0.2947897175568457,0.023159051679907245,0.23221197462900633,True,False,above_both_pp_mf,True,False,False,False,False,False,False,False,False,False,False,REVIEW REQUIRED,mp outside pp–mf interval
viola,strings,F6,89.0,high,9.387436,9.44332,9.899582,9.45575028588909,9.485294245371389,9.544332232970563,9.559041422558604,9.573701714568923,9.602793192603292,9.659255196418604,9.6863860917729,9.429349,9.49382611648528,9.391813562500001,9.420585787869085,True,False,0.19029783893816532,0.18463185951773953,0.19029783893812796,"9.59**2 * Matern(length_scale=271, nu=1.5)","[4.520782099827737, 5.603240154139628]",-4.533408042193639,[],0.12969242255860358,0.013754122639707532,0.16722786005860257,0.017805704824286173,0.13845563468951916,True,False,above_both_pp_mf,True,False,False,False,False,False,False,False,False,False,False,REVIEW REQUIRED,mp outside pp–mf interval
viola,strings,F#6,90.0,high,9.88243,10.040066,11.125468,9.331248159211203,9.570270391149588,10.067764638203492,10.198316001404764,10.332849229430266,10.612516424973547,11.148946710956194,11.385710439037538,10.000657,10.053915319101746,9.9136789375,9.976722613728622,True,False,0.21651250618154566,0.20075765981215424,0.21651250618154566,"10.7**2 * Matern(length_scale=63.4, nu=1.5)","[4.746177480426385, 4.149352179589091]",-6.108970687033938,[],0.1976590014047641,0.019764601606150886,0.2846370639047642,0.028711547519264632,0.22159338767614223,True,False,above_both_pp_mf,True,False,False,False,False,False,False,False,False,False,False,REVIEW REQUIRED,mp outside pp–mf interval
viola,strings,G6,91.0,high,9.281458,9.163951,9.955476,9.097537678208283,9.18779942265555,9.370725399240088,9.416968134044764,9.46342168948127,9.556564053650114,9.736091774065706,9.820128497039894,9.193327750000002,9.267338199620045,9.108106000000001,9.165787046875,True,False,0.20123489905149033,0.1883453467299414,0.20123489905152564,"9.55**2 * Matern(length_scale=132, nu=1.5)","[4.5133629799326895, 4.883543820733453]",-5.358569529860812,[],0.22364038404476183,0.024326379971035168,0.30886213404476237,0.03391068725427244,0.25118108716976373,False,False,above_both_pp_mf,True,False,False,False,False,False,False,False,False,False,False,REVIEW REQUIRED,mp outside pp–mf interval; non-monotonic source anchors
viola,strings,G#6,92.0,high,8.310348,7.540008,8.672392,8.17017090845501,8.170171062081737,8.170171361998191,8.170171435449289,8.170171508289677,8.170171652137507,8.170171932480494,8.170172068968775,7.732593,7.855089680999096,7.554212625,7.57966884375,True,False,0.1825286953559227,0.1825286542161222,0.18252869535596164,"8.17**2 * Matern(length_scale=1e+05, nu=1.5)","[4.201483261711841, 11.512925464970229]",-6.949181007744135,['The optimal value found for dimension 0 of parameter k2__length_scale is close to the specified upper bound 100000.0. Increasing the bound and calling fit again may find a better value.'],0.4375784354492893,0.05658883578241986,0.615958810449289,0.08153845291709526,0.5905025916992885,False,False,between_pp_mf,False,False,False,False,False,False,False,False,False,False,False,OK,non-monotonic source anchors
viola,strings,A6,93.0,high,4.840236,5.167004,8.97425,4.428046206815659,4.729572065977128,4.709743014213187,4.83080532009237,5.2363848973197475,7.003072000744911,9.791281886844331,9.780918008523546,5.085312,4.9383735071065935,4.7590171875,5.031307397964786,True,False,0.6780110677056501,0.532263994244826,0.6780110677056553,"7.34**2 * Matern(length_scale=6.57, nu=1.5)","[3.9864325248469648, 1.8820394508483136]",-8.453611933890752,[],0.2545066799076299,0.050047407102578934,0.0717881325923706,0.015084655037794105,0.20050207787241625,True,False,equal_or_near_pp,True,True,True,False,False,False,False,False,False,False,False,REVIEW REQUIRED,mp outside pp–mf interval; mp outside pp–mf–ff hull; mp near pp anchor
viola,strings,A#6,94.0,high,4.634487,3.97419,7.699865,4.201397979583489,4.636150487307071,3.9893659349359765,3.826793525454908,4.029438193869205,5.7465028155964655,8.113585128089388,7.545474648292661,4.13926425,3.9817779674679885,3.728079375,3.9845071406250003,True,False,0.880738227576971,0.6699414584735469,0.880738227576971,"6.07**2 * Matern(length_scale=4.64, nu=1.5)","[3.6070512450424603, 1.5346010862655874]",-8.457519619983868,[],0.31247072454509217,0.07548943620719363,0.09871415045490783,0.02647855384112036,0.1577136151700924,False,False,below_both_pp_mf,True,True,False,False,False,False,False,False,False,False,False,REVIEW REQUIRED,mp outside pp–mf interval; mp outside pp–mf–ff hull; non-monotonic source anchors
cello,strings,C2,36.0,low,55.940286,55.76308,47.941502,53.13907925106327,54.696714436424685,56.64123112924074,56.46125143173338,55.72588343546761,52.44492779922194,43.62833080485728,39.68235933295153,55.807381500000005,56.20215556462037,56.52404137500001,55.839503481787716,True,False,0.9783522029522346,0.7247153726196423,0.978352202952467,"41.9**2 * Matern(length_scale=16.6, nu=1.5)","[7.471908896706296, 2.80936769737949]",-11.75642900982658,[],0.6538699317333752,0.011716549211924145,0.06278994326662968,0.0011108537489394913,0.6217479499456644,False,True,equal_or_near_pp,True,True,True,False,False,False,False,False,False,False,False,REVIEW REQUIRED,mp outside pp–mf interval; mp outside pp–mf–ff hull; mp near pp anchor
cello,strings,C#2,37.0,low,36.515007,39.345083,43.116535,33.80735982185045,35.117269747844375,37.899414119067046,38.6594963124716,39.4673761187423,41.22603976205787,44.725844086522194,46.282526665725506,38.637564,38.622248559533524,38.549310000000006,38.55874874632176,True,False,0.29250007013849666,0.28783669693741865,0.29250007014005136,"46.6**2 * Matern(length_scale=57.8, nu=1.5)","[7.683520224222096, 4.05700110965323]",-9.309056968443782,[],0.021932312471605542,0.000567642216564314,0.1101863124715976,0.002858321263638638,0.10074756614984182,True,False,between_pp_mf,False,False,False,False,False,False,False,False,False,False,False,OK,within expected diagnostic envelope
cello,strings,D2,38.0,low,49.338377,56.975982,52.901083,40.19462388037013,44.571974655915334,54.150646914920046,55.954209692191014,56.94892837635336,56.050013951176695,49.368508711726385,45.83898002302666,55.06658075,55.563314457460024,56.164628,56.415130765625,True,False,1.4378715860587366,1.0384403067035088,1.4378715860587366,"40.3**2 * Matern(length_scale=12.2, nu=1.5)","[7.391465318324395, 2.505048447780339]",-12.289960972825309,[],0.8876289421910144,0.016119194802030893,0.21041830780898607,0.003746456004462205,0.4609210734339868,False,False,between_pp_mf,False,False,False,False,False,False,False,False,False,False,False,OK,non-monotonic source anchors
cello,strings,D#2,39.0,low,43.278219,51.761317,48.405684,33.809483659217896,38.27553305456929,48.484671982205676,50.515365695519705,51.73488523797074,51.232263363991564,45.11454452422191,41.76913682134569,49.640542499999995,50.12299449110284,50.75042353125,51.1109484140625,True,False,1.4750257162262785,1.064958172730815,1.4750257162261242,"36.5**2 * Matern(length_scale=11.2, nu=1.5)","[7.197269938366276, 2.4199592298733332]",-12.176973540176268,[],0.8748231955197099,0.01762315944713356,0.23505783573029504,0.0046316428391096325,0.5955827185427935,False,False,between_pp_mf,False,False,False,False,False,False,False,False,False,False,False,OK,non-monotonic source anchors
cello,strings,E2,40.0,low,43.637559,39.599764,49.971628,45.502215665634495,45.38037477441856,40.50031880205982,39.499108340192485,39.621650944850714,43.91890478631739,53.72476049712042,55.06869189562827,40.60921275,40.050041401029915,39.25830721875,39.703671445312494,True,False,2.212642935775729,1.5785042597094827,2.2126429357759343,"47.4**2 * Matern(length_scale=10.1, nu=1.5)","[7.719012268378418, 2.3141147196613767]",-13.176687783413968,[],1.1101044098075121,0.02733627013755671,0.24080112144248744,0.006133762214981073,0.20456310512000897,False,False,equal_or_near_mf,True,True,False,True,False,False,False,False,False,False,False,REVIEW REQUIRED,mp outside pp–mf interval; mp outside pp–mf–ff hull; mp near mf anchor; non-monotonic source anchors
cello,strings,F2,41.0,low,37.125793,42.346691,41.688626,31.37948335086304,34.15115898189982,40.200276937046,41.44262579043687,42.29580035233614,42.59231132735447,40.46104184958724,39.051391126624175,41.0414665,41.273483968522996,41.59261928125001,41.9134434765625,True,False,0.7485839105657597,0.5738262098806503,0.7485839105658356,"31.3**2 * Matern(length_scale=16.6, nu=1.5)","[6.887152857774734, 2.8100463726903038]",-10.886643729133024,[],0.4011592904368726,0.00977448723565647,0.14999349081313795,0.003606252585317587,0.4708176861256277,False,False,between_pp_mf,False,False,False,False,False,False,False,False,False,False,False,OK,non-monotonic source anchors
cello,strings,F#2,42.0,low,29.508163,35.658031,33.0995,22.731324860036928,25.91935599665648,33.28124709285658,34.748603138301036,35.621934643307846,35.21060931362029,30.679470590277308,28.23397164204474,34.120564,34.46963904642829,34.93697640625,35.1894922890625,True,False,1.0990935563274606,0.8087306893721842,1.0990935563274606,"25.1**2 * Matern(length_scale=10.7, nu=1.5)","[6.442622459427889, 2.3709214571068946]",-11.150848178640679,[],0.628039138301034,0.018406470019107363,0.18837326794896114,0.0053918022486703346,0.44088915076146407,False,False,between_pp_mf,False,False,False,False,False,False,False,False,False,False,False,OK,non-monotonic source anchors
cello,strings,G2,43.0,low,33.503111,35.662553,32.370163,30.060149875194927,31.798054643404786,35.070853388538694,35.52544325603678,35.60410455658088,34.47543408500709,30.240204685702246,28.17748937918553,35.1226925,35.36670319426935,35.63380175,35.55414134375,True,False,0.6828058436450503,0.5318002305674612,0.6828058436452168,"25.7**2 * Matern(length_scale=15.6, nu=1.5)","[6.489919106251085, 2.7460103506933295]",-10.437795045579804,[],0.4027507560367809,0.011466967005356463,0.10835849396322317,0.0030408906330973554,0.02869808771321658,False,False,equal_or_near_mf,False,False,False,True,False,False,False,False,False,False,False,REVIEW REQUIRED,mp near mf anchor; non-monotonic source anchors
cello,strings,G#2,44.0,low,37.719418,38.258636,36.283501,36.698998478376424,37.26663480520941,38.16650840115804,38.223929478756595,38.129814776799776,37.43284315447398,35.21479647822094,34.0955906904959,38.1238315,38.21257220057902,38.35955209375,38.250210718750004,True,False,0.36070778910766316,0.33363430378214015,0.36070778910766316,"29.2**2 * Matern(length_scale=31, nu=1.5)","[6.749846881198723, 3.4326741716950555]",-9.370665161317746,[],0.10009797875659388,0.002625601226796784,0.13562261499340167,0.0035355630499006516,0.026281239993409145,False,False,equal_or_near_mf,False,False,False,True,False,False,False,False,False,False,False,REVIEW REQUIRED,mp near mf anchor; non-monotonic source anchors
cello,strings,A2,45.0,low,38.358832,42.377036,46.197316,34.63509760768529,36.47341157229642,40.37057132106628,41.37133338964487,42.36766189203076,44.318318526090046,47.905463976425175,49.50484147705283,41.372485,41.37380366053314,41.391040374999996,41.39139177146022,True,False,0.29200536750855205,0.28750461801580296,0.29200536750855205,"51.6**2 * Matern(length_scale=62.1, nu=1.5)","[7.885621001675271, 4.128114961007865]",-9.32893098307715,[],0.0011516103551301171,2.7835174878427468e-05,0.01970698535512838,0.00047611717841794846,0.020058381815353243,True,False,between_pp_mf,False,False,False,False,False,False,False,False,False,False,False,OK,within expected diagnostic envelope
cello,strings,A#2,46.0,low,39.990459,44.809193,41.561706,33.86090201864736,36.84200405077184,43.09599549166109,44.210746033314564,44.769676382561336,43.92821768481208,38.979117647413375,36.4077682475989,43.6045095,43.95259424583055,44.360717718749996,44.4711960234375,True,False,0.9907714363694349,0.7341022007293249,0.9907714363694923,"31.9**2 * Matern(length_scale=13.6, nu=1.5)","[6.923275129119783, 2.612405643301021]",-11.364576245037153,[],0.606236533314565,0.013903069665640087,0.14997168543543182,0.003380731718234647,0.260449990122936,False,False,between_pp_mf,False,False,False,False,False,False,False,False,False,False,False,OK,non-monotonic source anchors
cello,strings,B2,47.0,low,39.671898,48.168476,39.660019,29.143059972244732,34.0769052988219,45.386722829516856,47.37455968661643,48.14902359049681,45.380195433628174,34.06179378853986,29.126443418652872,46.0443315,46.77759941475843,47.63855353125,47.6377182890625,True,False,2.159482824439152,1.5470319418581913,2.1594828244392046,"32.5**2 * Matern(length_scale=7.91, nu=1.5)","[6.964283274888128, 2.06812166070214]",-12.530193572248434,[],1.3302281866164307,0.028890161791499367,0.2639938446335677,0.005541600763767788,0.2631586024460688,False,False,between_pp_mf,False,False,False,False,False,False,False,False,False,False,False,OK,non-monotonic source anchors
cello,strings,C3,48.0,low,43.408145,50.044144,45.540925,35.208544185826206,39.14063671501244,47.682931767218555,49.23633713969568,50.01538854478494,48.82402726230842,41.99277052708612,38.53860728462561,48.38514425,48.86353788360928,49.429445937500006,49.57940703125001,True,False,1.3709767651414777,0.9932377005472272,1.3709767651416436,"35.1**2 * Matern(length_scale=11.5, nu=1.5)","[7.115278088361111, 2.443799102964611]",-12.00513392990532,[],0.8511928896956746,0.017592029596887573,0.193108797804328,0.003906756269299483,0.3430698915543289,False,False,between_pp_mf,False,False,False,False,False,False,False,False,False,False,False,OK,non-monotonic source anchors
cello,strings,C#3,49.0,low,31.23202,33.596358,37.102895,28.96280568136425,30.051999427337197,32.37520949340396,33.027416533578865,33.73790866133202,35.33841802484077,38.56146556728793,39.96572440456196,33.0052735,32.98578374670198,32.898192343750004,32.9138171002285,True,False,0.29613876980925724,0.29055146321303826,0.2961387698088733,"38.9**2 * Matern(length_scale=50.1, nu=1.5)","[7.322849781844578, 3.9133275594204995]",-9.149318890945725,[],0.022143033578863935,0.0006708938066780127,0.12922418982886086,0.003928002744911024,0.11359943335036604,True,False,between_pp_mf,False,False,False,False,False,False,False,False,False,False,False,OK,within expected diagnostic envelope
cello,strings,D3,50.0,low,34.895777,36.547773,39.888884,33.30568457818028,34.06343478942502,35.64251611193267,36.12837341669561,36.707743018506754,38.17204548644224,41.28912533445838,42.61356612361143,36.134774,36.095144555966336,35.976419468749995,36.016596709201536,True,False,0.3201897880020525,0.30782611824964495,0.32018978800240755,"39.5**2 * Matern(length_scale=44.6, nu=1.5)","[7.354712423391806, 3.797514338112102]",-9.49828031054603,[],0.00640058330439075,0.00017713085197075675,0.15195394794561423,0.0042237095906001755,0.11177670749407298,True,False,between_pp_mf,False,False,False,False,False,False,False,False,False,False,False,OK,within expected diagnostic envelope
cello,strings,D#3,51.0,low,35.021959,40.989612,42.111432,29.01294478651002,31.89063828799672,38.35386913864272,39.799419333860826,40.935554928875284,42.05179548656486,41.772823384472055,41.143975639037016,39.49769875,39.67174056932136,39.951995593750006,40.184888077849976,True,False,0.6625566189207215,0.5184905547297407,0.6625566189208073,"32**2 * Matern(length_scale=18.5, nu=1.5)","[6.930753524125015, 2.9202655161536657]",-10.709452260210659,[],0.3017205838608277,0.00763894083477022,0.15257625988918022,0.003818989705561764,0.38546874398915065,True,False,between_pp_mf,False,False,False,False,False,False,False,False,False,False,False,OK,within expected diagnostic envelope
cello,strings,E3,52.0,low,38.568247,45.253191,43.628214,31.203560505912474,34.709147332431314,42.57683384626291,44.17682126887656,45.2165039204261,45.25999354950187,41.5789065799059,39.37214769846411,43.581955,43.91501242313146,44.36101009375,44.71678902343751,True,False,1.0421778305937044,0.7686616595715634,1.0421778305938136,"32.7**2 * Matern(length_scale=13.4, nu=1.5)","[6.973163137012966, 2.5925324131467105]",-11.480609094750811,[],0.594866268876558,0.013649370912263068,0.1841888248734378,0.004152043077562566,0.5399677545609478,False,False,between_pp_mf,False,False,False,False,False,False,False,False,False,False,False,OK,non-monotonic source anchors
cello,strings,F3,53.0,middle,35.32023,38.725976,39.800058,31.962822246311966,33.63068510761582,37.16107332707588,37.95404393609603,38.61462363464395,39.44952180973285,40.04336780686224,40.110834903563244,37.874539500000004,37.94352466353794,38.09313300000001,38.17846327293414,True,False,0.3682324617042742,0.3382895496067834,0.3682324617044286,"31.6**2 * Matern(length_scale=31.9, nu=1.5)","[6.9092752964186674, 3.461615435428322]",-9.510877172963955,[],0.07950443609602331,0.0020991525480071726,0.13908906390398101,0.003651289693183834,0.22441933683811044,True,False,between_pp_mf,False,False,False,False,False,False,False,False,False,False,False,OK,within expected diagnostic envelope
cello,strings,F#3,54.0,middle,30.483404,32.159566,31.439367,28.618867555609555,29.58156970508127,31.469556064089513,31.814576711421566,32.02220559641586,31.95838596188015,30.94105455946585,30.336879269603454,31.740525499999997,31.814561032044757,31.96518434375,32.0324004921875,True,False,0.34813349615671974,0.3256965945471798,0.3481334961565565,"24.4**2 * Matern(length_scale=28.6, nu=1.5)","[6.386753911672552, 3.3544625237146573]",-9.027784471720391,[],0.07405121142156901,0.002333017814136978,0.150607632328434,0.004711614696440241,0.2178237807659329,False,False,between_pp_mf,False,False,False,False,False,False,False,False,False,False,False,OK,non-monotonic source anchors
cello,strings,G3,55.0,middle,29.855956,28.739644,33.723259,30.678028897255885,30.509891223316377,28.80879837678705,28.572436186948753,28.793214027073468,30.84794239723025,35.809906365735536,37.05158792984796,29.018721999999997,28.774221188393525,28.44685384375,28.757086375,True,False,0.8978476148854359,0.6718691936174149,0.8978476148854359,"32.4**2 * Matern(length_scale=14.8, nu=1.5)","[6.957487908594879, 2.6968155086401464]",-11.244726485771613,[],0.4462858130512437,0.015379237343782532,0.1255823431987544,0.004414630309859234,0.184650188051247,False,False,equal_or_near_mf,True,True,False,True,False,False,False,False,False,False,False,REVIEW REQUIRED,mp outside pp–mf interval; mp outside pp–mf–ff hull; mp near mf anchor; non-monotonic source anchors
cello,strings,G#3,56.0,middle,24.620403,23.184715,24.44934,25.662678638677548,25.21128293502255,23.752210367799176,23.45333185927583,23.321917741902357,23.66410647172857,24.969718192586882,25.36053167172,23.543637,23.46846268389959,23.290482656250003,23.2784547890625,True,False,0.40421881546572974,0.3599305867896994,0.40421881546587035,"24.3**2 * Matern(length_scale=24, nu=1.5)","[6.383328267649017, 3.178432918070234]",-9.429679902671149,[],0.09030514072416906,0.0038356495525380834,0.16284920302582861,0.006992092239107291,0.17487707021333065,False,False,between_pp_mf,False,False,False,False,False,False,False,False,False,False,False,OK,non-monotonic source anchors
cello,strings,A3,57.0,middle,28.061126,30.469872,29.434419,25.21524545688389,26.63604499543066,29.52604447132664,30.06140892952885,30.377590356002678,30.238501841496483,28.555732927381488,27.58607368812556,29.8676855,29.99795823566332,30.190579156249996,30.2871388203125,True,False,0.4589465536145039,0.39276244735103183,0.4589465536145039,"22.5**2 * Matern(length_scale=20, nu=1.5)","[6.2250582031457515, 2.996515495914267]",-9.521689946261079,[],0.19372342952884836,0.00648605428528596,0.12917022672114697,0.00427849449500893,0.2257298907836507,False,False,between_pp_mf,False,False,False,False,False,False,False,False,False,False,False,OK,non-monotonic source anchors
cello,strings,A#3,58.0,middle,29.53158,32.065616,32.312727,26.990940742536004,28.269385149935232,30.930750062234516,31.497567250786574,31.936313848802186,32.352503045299514,32.228340489750295,31.998443202766637,31.432107,31.498183031117257,31.646506218749998,31.778730872824333,True,False,0.3492212134293589,0.3264008268061154,0.34922121342919615,"25.1**2 * Matern(length_scale=29.1, nu=1.5)","[6.448497692848638, 3.3713478754826047]",-9.065668537325381,[],0.06546025078657536,0.002082591879270943,0.14893896796342432,0.004706332096627482,0.28116362203775935,True,False,between_pp_mf,False,False,False,False,False,False,False,False,False,False,False,OK,within expected diagnostic envelope
cello,strings,B3,59.0,middle,31.007174,33.043154,31.378385,28.319747980546744,29.677066452778476,32.32191826231085,32.75949596111877,32.956151791296485,32.51458541517054,30.196368381777695,28.961241477149958,32.534159,32.68253613115543,32.881104218750004,32.907204992187495,True,False,0.48320489603491273,0.40738611770320177,0.4832048960347951,"24.2**2 * Matern(length_scale=20.1, nu=1.5)","[6.376392385002008, 2.9996245634950913]",-9.734141882617203,[],0.22533696111877077,0.006926165238166161,0.12160825763123029,0.0036984237762272237,0.14770903106872169,False,False,equal_or_near_mf,False,False,False,True,False,False,False,False,False,False,False,REVIEW REQUIRED,mp near mf anchor; non-monotonic source anchors
cello,strings,C4,60.0,middle,32.13304,29.713103,33.581535,33.820710439340196,33.28496902581187,30.452114979391858,29.878082102420255,29.76667557104825,31.215675684815324,35.27121631042974,36.21076239692547,30.31808725,30.082608989695927,29.72855265625,29.8303999609375,True,False,0.9098728409894082,0.6797925769425768,0.9098728409894082,"33.2**2 * Matern(length_scale=14.9, nu=1.5)","[7.0040148594139575, 2.7028678407566096]",-11.30125369481317,[],0.44000514757974685,0.014512958682106399,0.14952944617025565,0.005029825968968565,0.04768214148275618,False,False,equal_or_near_mf,False,False,False,True,False,False,False,False,False,False,False,REVIEW REQUIRED,mp near mf anchor; non-monotonic source anchors
cello,strings,C#4,61.0,middle,30.851691,30.217607,30.727582,30.597873343090757,30.597872678065215,30.59787132041267,30.597870975264716,30.597870627835025,30.597869926140962,30.59786849534345,30.597867766214538,30.376128,30.407739160206333,30.268872468750004,30.260146054687503,True,False,0.18257170503789846,0.18257112819080162,0.18257170503820982,"30.6**2 * Matern(length_scale=1e+05, nu=1.5)","[6.841875679131583, 11.512925464970229]",-6.0537465507663715,['The optimal value found for dimension 0 of parameter k2__length_scale is close to the specified upper bound 100000.0. Increasing the bound and calling fit again may find a better value.'],0.2217429752647142,0.007299909167643559,0.3289985065147114,0.01086920257285348,0.3377249205772124,False,False,equal_or_near_pp,False,False,True,False,False,False,False,False,False,False,False,REVIEW REQUIRED,mp near pp anchor; non-monotonic source anchors
cello,strings,D4,62.0,middle,27.408065,32.600012,30.544124,21.628749598634776,24.36885454020369,30.584321148403674,31.816106446002085,32.556811044944475,32.26031663998722,28.560821144454305,26.52571724872779,31.30202525,31.592166574201837,31.981509781249997,32.20201392968751,True,False,0.9166983974450852,0.685760431739987,0.9166983974450231,"23.1**2 * Matern(length_scale=11.6, nu=1.5)","[6.27764103415902, 2.4477673366075967]",-10.747798727112635,[],0.5140811960020848,0.016423256702921635,0.1654033352479125,0.005171842617163889,0.3859074836854255,False,False,between_pp_mf,False,False,False,False,False,False,False,False,False,False,False,OK,non-monotonic source anchors
cello,strings,D#4,63.0,middle,25.017513,23.730312,22.106301,26.15761933803394,25.60488843311083,24.355873095917982,24.01390908508884,23.66079328726935,22.927716740505243,21.459624635965636,20.757058324983156,24.05211225,24.04309254795899,24.0836881875,24.080948325671997,True,False,0.23592268137201008,0.22833771280345092,0.23592268137249195,"24.7**2 * Matern(length_scale=66.4, nu=1.5)","[6.410983379003594, 4.196212904095277]",-7.262281232515987,[],0.038203164911159604,0.0015883496848040698,0.06977910241116092,0.0028973594853041614,0.06703924058315636,False,True,between_pp_mf,False,False,False,False,False,False,False,False,False,False,False,OK,within expected diagnostic envelope
cello,strings,E4,64.0,middle,25.374612,26.362058,25.998147,25.594779031433905,25.67401765011358,25.832964847327958,25.872531569488146,25.911834438203385,25.989395242620354,26.140699973808545,26.21461081802144,26.1151965,26.09751142366398,26.241886218750004,26.285728523437502,True,False,0.1992011860353318,0.1871286612844585,0.19920118603561715,"25.8**2 * Matern(length_scale=396, nu=1.5)","[6.498708828301611, 5.982530235243036]",-7.106282579298787,[],0.24266493051185378,0.00929209667297942,0.369354649261858,0.014075003838632288,0.41319695394935607,False,False,between_pp_mf,False,False,False,False,False,False,False,False,False,False,False,OK,non-monotonic source anchors
cello,strings,F4,65.0,middle,23.812493,27.377078,25.174546,19.53168678579632,21.59801809844522,26.068239550526915,26.890542885389866,27.32164411069006,26.79338697227557,23.426919943027215,21.68177432542248,26.48593175,26.722658775263458,27.02659896875,27.1223683203125,True,False,0.7311606677597952,0.5637063115020398,0.7311606677596786,"19.3**2 * Matern(length_scale=12.1, nu=1.5)","[5.9215035653380905, 2.4972675547194396]",-10.118223378673907,[],0.40461113538986737,0.015276454655587768,0.13605608336013475,0.0050341548160555485,0.23182543492263363,False,False,between_pp_mf,False,False,False,False,False,False,False,False,False,False,False,OK,non-monotonic source anchors
cello,strings,F#4,66.0,middle,23.406723,25.293875,23.627172,20.943736289803503,22.184094588785324,24.62996290266602,25.031814658577414,25.20302824228,24.74504768275323,22.488551528581517,21.31470385965307,24.822087,24.96191895133301,25.155260906249996,25.1707612265625,True,False,0.47050969046683094,0.39978784985557164,0.4705096904669518,"18.3**2 * Matern(length_scale=17, nu=1.5)","[5.816330259121591, 2.83359584704015]",-9.270935461012835,[],0.20972765857741393,0.008449235496492053,0.12344624767258239,0.004907372979856922,0.1389465679850872,False,False,between_pp_mf,False,False,False,False,False,False,False,False,False,False,False,OK,non-monotonic source anchors
cello,strings,G4,67.0,middle,26.705474,27.900364,24.397454,24.222244280054618,25.508857644836343,27.731907777997964,27.94594646359725,27.834088440501738,26.5157553791016,22.35738222432372,20.440911191386196,27.6016415,27.816135888998982,28.04206025,27.87977759375,True,False,0.6074153268663307,0.48427194843560095,0.6074153268662371,"20.2**2 * Matern(length_scale=14.5, nu=1.5)","[6.007407869742246, 2.6752117845982486]",-9.87587138932695,[],0.34430496359724927,0.012474075630510935,0.09611378640274992,0.0034274866235176117,0.06616886984724957,False,False,equal_or_near_mf,True,True,False,True,False,False,False,False,False,False,False,REVIEW REQUIRED,mp outside pp–mf interval; mp outside pp–mf–ff hull; mp near mf anchor; non-monotonic source anchors
cello,strings,G#4,68.0,high,23.661194,26.39996,25.565962,20.58432163294809,22.099423755360224,25.29612206788021,25.918149735456808,26.312586102541047,26.289803274666127,24.735525886910864,23.80290073104362,25.7152685,25.848041033940106,26.050215124999998,26.184144125,True,False,0.4781272257553978,0.4043857463540352,0.4781272257553978,"19.4**2 * Matern(length_scale=17.4, nu=1.5)","[5.9282749592076485, 2.856759189126515]",-9.382946038778028,[],0.20288123545680747,0.007889524290084993,0.13206538954318958,0.005069646792146773,0.26599438954319155,False,False,between_pp_mf,False,False,False,False,False,False,False,False,False,False,False,OK,non-monotonic source anchors
cello,strings,A4,69.0,high,24.484158,24.394897,23.141183,25.08813380378183,24.851646612141078,24.33305216428645,24.190303672215638,24.039803280700728,23.7154068248433,23.036614053375175,22.702791818441785,24.41721225,24.363974582143225,24.52637971875,24.43228010340757,True,False,0.21742390952519625,0.20070097576401869,0.21742390952545768,"22.7**2 * Matern(length_scale=107, nu=1.5)","[6.242957424498709, 4.668283358539464]",-7.341936795741978,[],0.2269085777843607,0.009292976424217335,0.3360760465343624,0.01370263570849953,0.24197643119193302,False,True,equal_or_near_mf,True,False,False,True,False,False,False,False,False,False,False,REVIEW REQUIRED,mp outside pp–mf interval; mp near mf anchor
cello,strings,A#4,70.0,high,23.062029,22.203401,23.208422,22.82315503165796,22.823155513050732,22.82315645534844,22.82315668666308,22.823156916278613,22.823157370419274,22.82315825820252,22.823158691804174,22.418058,22.51327872767422,22.24334090625,22.253634164062497,True,False,0.1825687727983993,0.18256845184158374,0.18256877279808795,"22.8**2 * Matern(length_scale=1e+05, nu=1.5)","[6.255605399531985, 11.512925464970229]",-7.579282250005043,['The optimal value found for dimension 0 of parameter k2__length_scale is close to the specified upper bound 100000.0. Increasing the bound and calling fit again may find a better value.'],0.4050986866630808,0.01807019531589582,0.5798157804130781,0.026066937644702453,0.5695225226005824,False,False,between_pp_mf,False,False,False,False,False,False,False,False,False,False,False,OK,non-monotonic source anchors
cello,strings,B4,71.0,high,24.662608,24.188591,24.804567,24.550562213450373,24.55056275251121,24.55056380859487,24.550564068028855,24.55056432563124,24.550564835340975,24.55056583268127,24.550566320280904,24.30709525,24.369577404297434,24.20490840625,24.2148898984375,True,False,0.18256963298907494,0.18256926161333448,0.18256963298845222,"24.6**2 * Matern(length_scale=1e+05, nu=1.5)","[6.401512376225001, 11.512925464970229]",-5.744784859659612,['The optimal value found for dimension 0 of parameter k2__length_scale is close to the specified upper bound 100000.0. Increasing the bound and calling fit again may find a better value.'],0.24346881802885534,0.010016368287726824,0.3456556617788564,0.014280395363512468,0.33567416959135343,False,False,equal_or_near_pp,False,False,True,False,False,False,False,False,False,False,False,REVIEW REQUIRED,mp near pp anchor; non-monotonic source anchors
cello,strings,C5,72.0,high,19.519031,18.605971,18.344225,19.790299032867527,19.560596396591542,19.07102289453301,18.94472407952806,18.818670957606265,18.56975254647481,18.083342225944627,17.844983902374054,18.834236,18.838496947266506,18.773175312499998,18.747786218076083,True,False,0.21255256648785695,0.19480892134142952,0.21255256648799067,"19.2**2 * Matern(length_scale=124, nu=1.5)","[5.906299473231129, 4.817428817983484]",-6.279107215248182,[],0.11048807952806072,0.005866342522630635,0.17154876702806376,0.009137972888040902,0.19693786145197834,False,True,between_pp_mf,False,False,False,False,False,False,False,False,False,False,False,OK,within expected diagnostic envelope
cello,strings,C#5,73.0,high,17.603872,18.687587,16.895725,16.01390431001303,16.841952518179326,18.360161014516176,18.5583139731692,18.57504068611534,17.990867555102156,15.87066351256965,14.835527738742963,18.41665825,18.523874007258087,18.68624359375,18.6364520078125,True,False,0.4014811974050196,0.35808772696814634,0.40148119740498417,"13.5**2 * Matern(length_scale=16.2, nu=1.5)","[5.211319903860131, 2.7865814915362837]",-8.502267622643801,[],0.1416557231691975,0.00769171699046962,0.12792962058080093,0.006846192491228662,0.07813803464330249,False,False,equal_or_near_mf,False,False,False,True,False,False,False,False,False,False,False,REVIEW REQUIRED,mp near mf anchor; non-monotonic source anchors
cello,strings,D5,74.0,high,20.732172,20.250356,19.715251,21.012559092572516,20.827636437780445,20.437626210134926,20.336534648132186,20.23449085118373,20.028647157268008,19.61801656961782,19.415651568567036,20.37081,20.343991105067463,20.375805843749998,20.375609498470283,True,False,0.20995557477338592,0.1923150799700497,0.20995557477325055,"20.3**2 * Matern(length_scale=155, nu=1.5)","[6.023260429009461, 5.044258705129549]",-5.843978381859404,[],0.034275351867812276,0.0016825718696415251,0.03927119561781112,0.0019273444161648715,0.03907485033809621,False,True,equal_or_near_mf,False,False,False,True,False,False,False,False,False,False,False,REVIEW REQUIRED,mp near mf anchor
cello,strings,D#5,75.0,high,17.020979,18.006603,17.415438,17.479096904746008,17.479097646203638,17.479099113460524,17.47909947700297,17.479099839229498,17.479100559727556,17.47910198490834,17.47910268959621,17.760196999999998,17.74285105673026,17.90802096875,17.9357563671875,True,False,0.18256447902538875,0.18256429076955757,0.18256447902538875,"17.5**2 * Matern(length_scale=1e+05, nu=1.5)","[5.722119199539451, 11.512925464970229]",-6.825533416743122,['The optimal value found for dimension 0 of parameter k2__length_scale is close to the specified upper bound 100000.0. Increasing the bound and calling fit again may find a better value.'],0.2810975229970296,0.015827387669012323,0.4289214917470332,0.023951361934158623,0.4566568901845329,False,False,between_pp_mf,False,False,False,False,False,False,False,False,False,False,False,OK,non-monotonic source anchors
cello,strings,E5,76.0,high,18.499672,19.790989,15.964334,15.84304556866323,17.198770868174538,19.619597481557506,19.856559313162688,19.730215303348388,18.257592011806874,13.860673047696379,12.003952180054876,19.468159749999998,19.70529324077875,19.947969625,19.769703671875003,True,False,0.6754974090565565,0.5284951187053072,0.6754974090565775,"14**2 * Matern(length_scale=10.3, nu=1.5)","[5.2715934320237725, 2.3354106827889085]",-9.484350916057576,[],0.38839956316268953,0.01995050216098055,0.0914103118373113,0.004582436887348694,0.0868556412876842,False,False,equal_or_near_mf,True,True,False,True,False,False,False,False,False,False,False,REVIEW REQUIRED,mp outside pp–mf interval; mp outside pp–mf–ff hull; mp near mf anchor; non-monotonic source anchors
cello,strings,F5,77.0,high,16.721475,17.01077,16.93639,16.887569877124715,16.887570262606165,16.887571018408277,16.88757120419712,16.88757138871875,16.887571753957204,16.887572469203946,16.887572819209847,16.938446250000002,16.949170509204137,16.97254078125,16.9876519921875,True,False,0.18256375261145633,0.18256357688207245,0.182563752611612,"16.9**2 * Matern(length_scale=1e+05, nu=1.5)","[5.653267388013714, 11.512925464970229]",-4.555921459985842,['The optimal value found for dimension 0 of parameter k2__length_scale is close to the specified upper bound 100000.0. Increasing the bound and calling fit again may find a better value.'],0.05087504580288282,0.0030035249427250634,0.0849695770528811,0.005006296826621809,0.10008078799038245,False,False,equal_or_near_pp,False,False,True,True,False,False,False,False,False,False,False,REVIEW REQUIRED,mp near pp anchor; mp near mf anchor; non-monotonic source anchors
cello,strings,F#5,78.0,high,16.902298,17.924348,16.436373,15.532615695222075,16.25412622247132,17.58176190222091,17.76301730440098,17.79354144263266,17.340304431281535,15.611745914899995,14.746645131227764,17.6688355,17.753054951110457,17.904150343749997,17.8713899921875,True,False,0.36237577820402583,0.33414462441254067,0.362375778204065,"13.1**2 * Matern(length_scale=17.8, nu=1.5)","[5.142812402206432, 2.8810109505064663]",-8.226890881236336,[],0.09418180440097856,0.00533039115118699,0.14113303934901822,0.007882699633288385,0.10837268778652032,False,False,equal_or_near_mf,False,False,False,True,False,False,False,False,False,False,False,REVIEW REQUIRED,mp near mf anchor; non-monotonic source anchors
cello,strings,G5,79.0,high,15.204808,16.612415,16.843463,14.35396367712704,14.852767770928098,15.888684064961447,16.130753961945096,16.347701795878987,16.688064222174013,17.135963490976742,17.294856340490565,16.26051325,16.250549532480722,16.37081565625,16.43021373979798,True,False,0.23764058132285676,0.23064700632783378,0.23764058132285676,"14.3**2 * Matern(length_scale=44.5, nu=1.5)","[5.322002309625728, 3.795143763305497]",-7.047335473578299,[],0.12975928805490256,0.007980024127153708,0.24006169430490232,0.014664003269333273,0.2994597778528849,True,False,between_pp_mf,False,False,False,False,False,False,False,False,False,False,False,OK,within expected diagnostic envelope
cello,strings,G#5,80.0,high,15.708329,15.15652,14.667928,15.972257951225739,15.78703760932056,15.388852290593007,15.28455428746241,15.179174940544378,14.966812149306369,14.545073090087262,14.338440092113807,15.29447225,15.272686145296504,15.288545656250001,15.28827557182311,True,False,0.21081804706585106,0.19353626716478317,0.21081804706591847,"15.3**2 * Matern(length_scale=114, nu=1.5)","[5.457092332126915, 4.739048016732167]",-5.58687608200869,[],0.009917962537590697,0.0006484671308348476,0.003991368787591654,0.0002610692264218062,0.0037212843607008494,False,True,equal_or_near_mf,False,False,False,True,False,False,False,False,False,False,False,REVIEW REQUIRED,mp near mf anchor
cello,strings,A5,81.0,high,15.375056,14.799811,15.14316,15.103803603097948,15.103803301529082,15.103802684767926,15.103802527743486,15.103802369588458,15.10380204989012,15.103801396938039,15.103801063682347,14.94362225,14.951806842383963,14.857504062499999,14.841198874999998,True,False,0.18256103793479408,0.18256089736546338,0.1825610379346384,"15.1**2 * Matern(length_scale=1e+05, nu=1.5)","[5.430035066919786, 11.512925464970229]",-5.056249793078679,['The optimal value found for dimension 0 of parameter k2__length_scale is close to the specified upper bound 100000.0. Increasing the bound and calling fit again may find a better value.'],0.16018027774348553,0.01071897262014138,0.24629846524348764,0.01657737828691828,0.26260365274348807,False,False,between_pp_mf,False,False,False,False,False,False,False,False,False,False,False,OK,non-monotonic source anchors
cello,strings,A#5,82.0,high,14.568753,14.453939,13.841093,14.718991164268846,14.616833055446946,14.401528871497115,14.345527415152457,14.288757060127278,14.173369228607351,13.941233823235473,13.826360830917434,14.4826425,14.427733935748558,14.529333000000001,14.499075013127525,True,False,0.2036063645464224,0.18904629962750896,0.2036063645464922,"14.2**2 * Matern(length_scale=169, nu=1.5)","[5.311774443368155, 5.129454074699558]",-5.353904125037623,[],0.13711508484754376,0.009467546053666915,0.18380558484754417,0.012650655391238136,0.15354759797506823,False,True,equal_or_near_mf,True,False,False,True,False,False,False,False,False,False,False,REVIEW REQUIRED,mp outside pp–mf interval; mp near mf anchor
cello,strings,B5,83.0,high,12.775905,12.870832,13.373471,12.745849919542543,12.810314978764561,12.93993360812458,12.972389346674698,13.004798044261056,13.069264567011398,13.194595752150885,13.254802005409251,12.84710025,12.90538280406229,12.80887725,12.833542612217574,True,False,0.19708614461825055,0.18664433271436964,0.19708614461832263,"13**2 * Matern(length_scale=230, nu=1.5)","[5.13575677686592, 5.436557211012084]",-5.000304020380082,[],0.12528909667469712,0.009752324978914765,0.16351209667469746,0.012765529209415873,0.1388467344571236,True,False,equal_or_near_mf,True,False,False,True,False,False,False,False,False,False,False,REVIEW REQUIRED,mp outside pp–mf interval; mp near mf anchor
cello,strings,C6,84.0,high,12.848026,12.548691,13.470347,12.65861483726821,12.73162671836134,12.878696654723235,12.915735458787223,12.952921603124384,13.027559731792918,13.173531119221321,13.243504184677779,12.62352475,12.713693827361617,12.50905684375,12.553368109375,True,False,0.19860321229573882,0.18715397362139138,0.19860321229581038,"13**2 * Matern(length_scale=209, nu=1.5)","[5.134662082230677, 5.3437735399980175]",-6.142479061167104,[],0.29221070878722344,0.023148107566963297,0.40667861503722236,0.03251073363220141,0.3623673494122226,False,False,equal_or_near_pp,True,False,True,False,False,False,False,False,False,False,False,REVIEW REQUIRED,mp outside pp–mf interval; mp near pp anchor; non-monotonic source anchors
double_bass,strings,E1,28.0,low,45.692536,48.759456,51.32876,42.89515271983836,44.304490513559315,47.23600487905972,47.97031517077927,48.68875145197486,50.056207317800684,52.53502927833809,53.659485231244524,47.992726,47.99773043952986,48.0393775,48.04246660710753,True,False,0.2617801040049466,0.26019796879642243,0.2617801040049466,"52.9**2 * Matern(length_scale=79.7, nu=1.5)","[7.935479672086152, 4.378360426467155]",-8.896313092014026,[],0.022410829220724793,0.0004669630397890879,0.06906232922072775,0.001437619153593898,0.07215143632825516,True,False,between_pp_mf,False,False,False,False,False,False,False,False,False,False,False,OK,within expected diagnostic envelope
double_bass,strings,F1,29.0,low,43.859157,48.201482,49.472531,39.422348024351,41.60544307613419,46.24030415955882,47.27160497810454,48.11582915518801,49.118728068355445,49.63354992530453,49.588554526343174,47.11590075,47.22089307977941,47.403832875000006,47.52198628306726,True,False,0.44688270253149764,0.3854812830996349,0.44688270253175205,"38.9**2 * Matern(length_scale=29.8, nu=1.5)","[7.320914188496842, 3.393720122436468]",-10.24413639696627,[],0.15570422810453977,0.003304706598537008,0.13222789689546488,0.0027893925211520116,0.2503813049627155,True,False,between_pp_mf,False,False,False,False,False,False,False,False,False,False,False,OK,within expected diagnostic envelope
double_bass,strings,F#1,30.0,low,40.629677,41.759047,46.155967,39.81608203175548,40.24785127808938,40.934734106234814,41.280616130972504,41.854119629588446,43.771116391296104,48.154378726690524,49.82439238232721,41.476704500000004,41.346890553117404,41.1703716875,41.3298605761622,True,False,0.49778187692810866,0.416001262490796,0.4977818769285654,"44.6**2 * Matern(length_scale=29.6, nu=1.5)","[7.596449085948857, 3.3861007178639198]",-10.689002143751464,[],0.1960883690274997,0.004727674760840743,0.11024444347250295,0.0026777616755394745,0.049244445189692954,True,False,between_pp_mf,False,False,False,False,False,False,False,False,False,False,False,OK,within expected diagnostic envelope
double_bass,strings,G1,31.0,low,33.355233,37.36637,37.954466,29.209297820235964,31.236158412791806,35.601658069824886,36.54975046781391,37.2852208826857,37.978288519859305,37.72531374127718,37.30131284711566,36.36358575,36.48401403491245,36.68449584375001,36.86362708284249,True,False,0.4787606357206358,0.4046469662433149,0.47876063572039834,"29.1**2 * Matern(length_scale=22.9, nu=1.5)","[6.740761017310517, 3.1319408526515797]",-9.97317225836245,[],0.18616471781390942,0.005119536865637884,0.1347453759360988,0.0036730878491561874,0.3138766150285832,True,False,between_pp_mf,False,False,False,False,False,False,False,False,False,False,False,OK,within expected diagnostic envelope
double_bass,strings,G#1,32.0,low,30.40499,31.431595,30.68436,30.83922771047649,30.83922933695924,30.839232562323573,30.839233362886233,30.839234161118473,30.83923575056465,30.83923890147039,30.83924046296133,31.17494375,31.135413781161787,31.34124125,31.360884453125,True,False,0.1825717679175109,0.18257118193064142,0.18257176791782226,"30.8**2 * Matern(length_scale=1e+05, nu=1.5)","[6.85759651312124, 11.512925464970229]",-7.749575542953734,['The optimal value found for dimension 0 of parameter k2__length_scale is close to the specified upper bound 100000.0. Increasing the bound and calling fit again may find a better value.'],0.33571038711376744,0.010768596402480034,0.5020078871137663,0.016017485813959786,0.5216510902387661,False,False,between_pp_mf,False,False,False,False,False,False,False,False,False,False,False,OK,non-monotonic source anchors
double_bass,strings,A1,33.0,low,32.494237,32.588041,32.968252,32.63122769293357,32.64408466199545,32.66974957058722,32.67615179514178,32.68254566738331,32.69530132546825,32.720623451716534,32.73317148155327,32.564589999999995,32.62889528529361,32.537739343750005,32.55222262339957,True,False,0.18623335008936226,0.1835027536123849,0.18623335008936226,"32.7**2 * Matern(length_scale=1.45e+03, nu=1.5)","[6.973916781916589, 7.282679036141999]",-5.617084601027832,[],0.11156179514178177,0.003425862114087166,0.1384124513917726,0.0042539049787538325,0.12392917174220486,True,False,equal_or_near_pp,True,False,True,True,False,False,False,False,False,False,False,REVIEW REQUIRED,mp outside pp–mf interval; mp near pp anchor; mp near mf anchor
double_bass,strings,A#1,34.0,low,43.125778,39.526377,41.366478,45.982292761510024,44.827297681226995,40.94272515661188,40.07452486394945,39.58939652490406,40.02743359460516,42.360083182226674,42.93436272346992,40.42622725,40.23455107830594,39.916273937499994,39.79257315624999,True,False,0.7656454942261564,0.5842681067814832,0.7656454942264532,"42.5**2 * Matern(length_scale=20.1, nu=1.5)","[7.496703136797646, 3.0004047457548157]",-11.387006212487696,[],0.3517023860505475,0.008699856750806433,0.1582509264494547,0.003964571610497524,0.28195170769945577,False,False,between_pp_mf,False,False,False,False,False,False,False,False,False,False,False,OK,non-monotonic source anchors
double_bass,strings,B1,35.0,low,41.340508,48.740543,49.027758,33.668948989374776,37.318901071630926,45.58072493641517,47.37479866669545,48.7010557047327,49.62177308444998,47.91403527676962,46.49311631229795,46.89053425,47.16063396820759,47.557361125,48.02010978671624,True,False,0.9218102948023164,0.6874041714411915,0.9218102948020697,"36.7**2 * Matern(length_scale=15.8, nu=1.5)","[7.20530308035126, 2.762058824409749]",-11.46217620545021,[],0.48426441669544573,0.010327551699743018,0.18256245830455242,0.0038387844486304523,0.6453111200207928,True,False,between_pp_mf,False,False,False,False,False,False,False,False,False,False,False,OK,within expected diagnostic envelope
double_bass,strings,C2,36.0,low,34.331537,34.52781,38.002027,34.247349509241786,34.338447060155524,34.18457582565106,34.29458343009566,34.62955244434968,36.07390829865094,39.559042003915444,40.81405545465786,34.47874175,34.356192912825534,34.1714345,34.44489238070719,True,False,0.487770564897373,0.4100177881360635,0.48777056489760606,"36.6**2 * Matern(length_scale=26.3, nu=1.5)","[7.201285368772792, 3.270865229692054]",-10.374787538710718,[],0.18415831990433418,0.005341213471177039,0.12314893009566674,0.0036038560247058623,0.1503089506115245,True,False,equal_or_near_pp,True,True,True,True,False,False,False,False,False,False,False,REVIEW REQUIRED,mp outside pp–mf interval; mp outside pp–mf–ff hull; mp near pp anchor; mp near mf anchor
double_bass,strings,C#2,37.0,low,27.704072,27.529526,28.011784,27.747253645706667,27.747255096116444,27.74725797211269,27.747258685938164,27.74725939769177,27.74726081497581,27.74726362451704,27.747265016732165,27.573162500000002,27.638391986056345,27.511587125000002,27.533223125,True,False,0.18257086641983453,0.1825703920393674,0.18257086641983453,"27.7**2 * Matern(length_scale=1e+05, nu=1.5)","[6.646307318821921, 11.512925464970229]",-5.422931518844033,['The optimal value found for dimension 0 of parameter k2__length_scale is close to the specified upper bound 100000.0. Increasing the bound and calling fit again may find a better value.'],0.17409618593816134,0.006313972361282872,0.23567156093816166,0.008566265547217558,0.21403556093816434,False,False,equal_or_near_pp,True,False,True,True,False,False,False,False,False,False,False,REVIEW REQUIRED,mp outside pp–mf interval; mp near pp anchor; mp near mf anchor; non-monotonic source anchors
double_bass,strings,D2,38.0,low,29.981785,30.737617,33.128265,29.062853409872783,29.48188759337011,30.318985915564173,30.595211409480253,30.947748786685427,31.907398944122637,34.02193682823213,34.9136521483367,30.548659,30.528301457782085,30.395395,30.45800488494381,True,False,0.2913933032037647,0.28671106275163855,0.2913933032037647,"32**2 * Matern(length_scale=45.1, nu=1.5)","[6.929872861193091, 3.8098462427953956]",-8.99353657237921,[],0.04655240948025252,0.0015238773486015383,0.1998164094802526,0.00657390402329868,0.13720652453644178,True,False,equal_or_near_mf,False,False,False,True,False,False,False,False,False,False,False,REVIEW REQUIRED,mp near mf anchor
double_bass,strings,D#2,39.0,low,30.738294,30.263302,30.762622,30.586982285582426,30.58698245417797,30.586982763861545,30.58698283556153,30.586982904979095,30.58698303697345,30.586983273495505,30.586983377988872,30.38205,30.425142381930772,30.290708249999998,30.2924188125,True,False,0.18257170216975646,0.18257112573425452,0.1825717021700678,"30.6**2 * Matern(length_scale=1e+05, nu=1.5)","[6.8411622687440845, 11.512925464970229]",-5.7167075779251615,['The optimal value found for dimension 0 of parameter k2__length_scale is close to the specified upper bound 100000.0. Increasing the bound and calling fit again may find a better value.'],0.20493283556152875,0.006745194467178112,0.2962745855615303,0.009781038565234944,0.29456402306152896,False,False,equal_or_near_pp,False,False,True,False,False,False,False,False,False,False,False,REVIEW REQUIRED,mp near pp anchor; non-monotonic source anchors
double_bass,strings,E2,40.0,low,32.324084,29.425969,31.686857,34.44514381502198,33.647552207126154,30.514327332248524,29.820223355214765,29.492471919951043,30.18069444862894,32.76436495463509,33.36851286195295,30.15049775,29.97014816612426,29.66684121875,29.6220361953125,True,False,0.7396292146294509,0.5679598970859743,0.7396292146296046,"32.2**2 * Matern(length_scale=17.1, nu=1.5)","[6.944402022642052, 2.8388473089634276]",-10.924555821058943,[],0.3302743947852349,0.01095419377563128,0.15338213646476362,0.0051701539551781885,0.19818715990226465,False,False,between_pp_mf,False,False,False,False,False,False,False,False,False,False,False,OK,non-monotonic source anchors
double_bass,strings,F2,41.0,low,27.455279,28.625265,28.796328,27.03996696483438,27.356695347562898,27.999137112365553,28.15755611311103,28.31211816285289,28.606296662019254,29.14958383782011,29.404229964906072,28.3327685,28.312201056182776,28.426417531249996,28.478735625840507,True,False,0.21515339723375565,0.19725744584695,0.21515339723375565,"27.4**2 * Matern(length_scale=139, nu=1.5)","[6.622507684356762, 4.936813475799943]",-7.237998888473122,[],0.175212386888969,0.0061840898777318215,0.2688614181389646,0.00945815341815047,0.32117951272947565,True,False,between_pp_mf,False,False,False,False,False,False,False,False,False,False,False,OK,within expected diagnostic envelope
double_bass,strings,F#2,42.0,low,28.816945,29.647234,28.523662,28.994803260285863,28.99480181163345,28.99479888807753,28.994798151709276,28.99479741314282,28.994795929413872,28.994792935838436,28.994791426074713,29.43966175,29.321016444038765,29.622836218750003,29.6022147578125,True,False,0.18257125731235108,0.1825707393180481,0.18257125731235108,"29**2 * Matern(length_scale=1e+05, nu=1.5)","[6.734261399047059, 11.512925464970229]",-8.267046316364112,['The optimal value found for dimension 0 of parameter k2__length_scale is close to the specified upper bound 100000.0. Increasing the bound and calling fit again may find a better value.'],0.4448635982907234,0.015111029537923391,0.6280380670407268,0.021201145710794744,0.6074166061032251,False,False,equal_or_near_pp,False,False,True,False,False,False,False,False,False,False,False,REVIEW REQUIRED,mp near pp anchor; non-monotonic source anchors
double_bass,strings,G2,43.0,middle,27.01621,26.550696,27.23857,26.93391718558623,26.933918181552812,26.933920149348317,26.933920636272767,26.933921121190526,26.93392208500139,26.93392398838281,26.933924927906975,26.6670745,26.742308074674156,26.558944374999996,26.5745790625,True,False,0.18257058760112643,0.18257014062350627,0.18257058760112643,"26.9**2 * Matern(length_scale=1e+05, nu=1.5)","[6.586805833865641, 11.512925464970229]",-6.029172202335904,['The optimal value found for dimension 0 of parameter k2__length_scale is close to the specified upper bound 100000.0. Increasing the bound and calling fit again may find a better value.'],0.2668461362727683,0.010006577072140716,0.37497626127277073,0.01411864327054116,0.35934157377276676,False,False,equal_or_near_pp,False,False,True,False,False,False,False,False,False,False,False,REVIEW REQUIRED,mp near pp anchor; non-monotonic source anchors
double_bass,strings,G#2,44.0,middle,22.32278,22.467897,21.365374,22.769590776238243,22.602848749228855,22.250177188199007,22.157153970716127,22.061594043915967,21.863124584271286,21.457405100006195,21.256783232352383,22.43161775,22.359037094099506,22.548584,22.465629546875004,True,False,0.21005269513944877,0.19230385027623484,0.21005269513944877,"21.5**2 * Matern(length_scale=162, nu=1.5)","[6.13444935394509, 5.0867444174997205]",-7.123858818735439,[],0.2744637792838738,0.012235576691024604,0.3914300292838746,0.017359406217431417,0.30847557615887666,False,False,equal_or_near_pp,True,False,True,False,False,False,False,False,False,False,False,REVIEW REQUIRED,mp outside pp–mf interval; mp near pp anchor; non-monotonic source anchors
double_bass,strings,A2,45.0,middle,35.799729,36.515959,25.111009,30.399229110700734,33.26408481119654,37.460717308849276,37.43886415663441,36.49283569093569,31.607697737515977,19.583854845422266,15.241152233321287,36.3369015,36.98833815442464,37.47326212500001,36.504767906249995,True,False,1.662397655570382,1.1992019978788695,1.6623976555704163,"26.4**2 * Matern(length_scale=8.24, nu=1.5)","[6.547896677145608, 2.1089165897025333]",-11.828148143942261,[],1.1019626566344058,0.03032626919591385,0.03439796836560305,0.0009179336522895,0.9340962503844139,False,False,above_both_pp_mf,True,True,False,False,False,False,False,False,False,False,False,REVIEW REQUIRED,mp outside pp–mf interval; mp outside pp–mf–ff hull; non-monotonic source anchors
double_bass,strings,A#2,46.0,middle,28.707792,29.613193,24.90087,26.011512204756887,27.428876016290808,29.704099836127302,29.832192348890494,29.55953764343978,27.68576055429156,22.27606057898691,19.89770111957906,29.38684275,29.65864641806365,29.913504374999995,29.599046109375,True,False,0.7277716089641362,0.5612177801680523,0.7277716089642533,"21.5**2 * Matern(length_scale=13.1, nu=1.5)","[6.133264786906385, 2.573738694761489]",-10.272206805384583,[],0.44534959889049475,0.015154727667724521,0.08131202610950083,0.002718238060314217,0.23314623951549507,False,False,equal_or_near_mf,True,True,False,True,False,False,False,False,False,False,False,REVIEW REQUIRED,mp outside pp–mf interval; mp outside pp–mf–ff hull; mp near mf anchor; non-monotonic source anchors
double_bass,strings,B2,47.0,middle,28.130357,31.876408,32.585356,24.369254235719747,26.206483406430955,30.205087030656216,31.088534332565192,31.787854615928627,32.50705431408699,32.477526245777085,32.17637586108449,30.93989525,31.040747515328107,31.22462365625,31.370204412296257,True,False,0.4418711257862259,0.3824952185887733,0.4418711257860972,"25.1**2 * Matern(length_scale=22.4, nu=1.5)","[6.443267915410122, 3.107477917406579]",-9.593321627197021,[],0.1486390825651931,0.004804123652137868,0.13608932368480708,0.0043583975641470095,0.2816700797310645,True,False,between_pp_mf,False,False,False,False,False,False,False,False,False,False,False,OK,within expected diagnostic envelope
double_bass,strings,C3,48.0,middle,31.438615,34.697354,33.551868,27.6102724691836,29.493033213594323,33.417966191105826,34.16660407905263,34.62629520121514,34.52054603626049,32.430257682711044,31.20756109532327,33.88266925,34.05766009555291,34.29556534374999,34.4441534453125,True,False,0.5664988262046318,0.4583929562327381,0.5664988262046318,"25.4**2 * Matern(length_scale=18, nu=1.5)","[6.473061096557625, 2.892488525108744]",-10.100592961589621,[],0.2839348290526331,0.008379942765360292,0.12896126469735947,0.0037602898043744104,0.27754936625986915,False,False,between_pp_mf,False,False,False,False,False,False,False,False,False,False,False,OK,non-monotonic source anchors
double_bass,strings,C#3,49.0,middle,28.026625,26.008411,32.690429,29.013366225273263,28.96214833123328,26.332216114705812,25.851591956254374,26.044731143830102,28.837917448811645,35.14978140441419,36.171176874376826,26.5129645,26.170313557352905,25.697317749999996,26.039945593749998,True,False,1.3339274985781318,0.9686111109229046,1.3339274985779612,"30.9**2 * Matern(length_scale=10.8, nu=1.5)","[6.861751845228981, 2.375830216410257]",-11.771079049556384,[],0.6613725437456246,0.024945250605439638,0.15427420625437804,0.006003513975865363,0.18835363749562362,False,False,equal_or_near_mf,True,True,False,True,False,False,False,False,False,False,False,REVIEW REQUIRED,mp outside pp–mf interval; mp outside pp–mf–ff hull; mp near mf anchor; non-monotonic source anchors
double_bass,strings,D3,50.0,middle,28.453359,31.625899,33.875396,25.620475028637987,27.039236255401747,30.065075356261335,30.814627980338866,31.526780589672963,32.79793173692834,34.86805198081529,35.72576120471822,30.832764,30.845487178130668,30.919299281249998,30.93034805115108,True,False,0.28489676877798414,0.28143581354665664,0.28489676877798414,"32.3**2 * Matern(length_scale=47.4, nu=1.5)","[6.947100615842855, 3.8582926002529736]",-8.65396625055241,[],0.018136019661135094,0.0005882060933990573,0.10467130091113219,0.0033853063731818364,0.11572007081221258,True,False,between_pp_mf,False,False,False,False,False,False,False,False,False,False,False,OK,within expected diagnostic envelope
double_bass,strings,D#3,51.0,middle,30.632268,31.928445,32.315729,29.97765653834658,30.395698818347217,31.24591894279836,31.454934872892586,31.657775531987348,32.03965753873135,32.73393691958174,33.05589944586837,31.60440075,31.587181971399183,31.68960946875,31.72411232091476,True,False,0.21929650956349084,0.2031018785933124,0.21929650956349084,"30.5**2 * Matern(length_scale=121, nu=1.5)","[6.836107535243837, 4.795344929373316]",-7.427296189843661,[],0.14946587710741355,0.0047292742010751005,0.23467459585741324,0.007405411420069167,0.26917744802217314,True,False,between_pp_mf,False,False,False,False,False,False,False,False,False,False,False,OK,within expected diagnostic envelope
double_bass,strings,E3,52.0,middle,32.005419,29.218822,28.027067,34.153344735742905,33.09903349021098,30.58183715276599,29.957214113028837,29.403085843741987,28.56889570056824,27.36651754376208,26.784941937634894,29.91547125,29.900329576382994,29.7659548125,29.721001193347764,True,False,0.30163635232830044,0.294547474667348,0.3016363523284889,"31.4**2 * Matern(length_scale=41.9, nu=1.5)","[6.892298918834404, 3.7362735179342446]",-9.02680265001832,[],0.04174286302883701,0.0013953603698901118,0.19125930052883788,0.00642543811322726,0.23621291968107272,False,True,between_pp_mf,False,False,False,False,False,False,False,False,False,False,False,OK,within expected diagnostic envelope
double_bass,strings,F3,53.0,middle,30.230214,33.036176,29.564063,26.11767718943142,28.157114242341613,32.19096309878744,32.80594709538722,32.98507839089904,31.83770516853714,27.2549676270023,25.04703041234767,32.3346855,32.613569549393716,32.923255031249994,32.8764162890625,True,False,0.7836099788898531,0.5974283517829927,0.7836099788898531,"23.4**2 * Matern(length_scale=13.1, nu=1.5)","[6.305339112080765, 2.5757587854107387]",-10.52385876555336,[],0.4712615953872188,0.014574491389044708,0.11730793586277599,0.00356307223424385,0.07046919367527948,False,False,equal_or_near_mf,False,False,False,True,False,False,False,False,False,False,False,REVIEW REQUIRED,mp near mf anchor; non-monotonic source anchors
double_bass,strings,F#3,54.0,middle,23.581715,24.482596,25.400805,22.801504445243626,23.21552950764659,24.065065150359974,24.2799619288774,24.494391871473372,24.918461652721856,25.722088348646064,26.094498420297416,24.25737575,24.273830575179986,24.255751250000003,24.255762855803997,True,False,0.21957789944695866,0.20375749772722956,0.21957789944669978,"25.1**2 * Matern(length_scale=104, nu=1.5)","[6.447257826124749, 4.644133596041144]",-6.658950807090987,[],0.02258617887739689,0.0009311056195927083,0.024210678877395253,0.000998141786162787,0.024199073073400967,True,False,equal_or_near_mf,False,False,False,True,False,False,False,False,False,False,False,REVIEW REQUIRED,mp near mf anchor
double_bass,strings,G3,55.0,middle,22.896427,24.936973,25.601737,21.19756095283808,22.08502339330208,23.944228213652803,24.37357994213392,24.74955072577428,25.303725260021732,25.94533471295568,26.149156796441343,24.4268365,24.4406006068264,24.555816062499996,24.605010358289217,True,False,0.27086018575743886,0.26864867711765483,0.27086018575743886,"21.2**2 * Matern(length_scale=39.7, nu=1.5)","[6.110034092813652, 3.680827074593729]",-8.035204792531742,[],0.05325655786608152,0.002180247854284427,0.18223612036607761,0.007421301735696597,0.23143041615529825,True,False,between_pp_mf,False,False,False,False,False,False,False,False,False,False,False,OK,within expected diagnostic envelope
double_bass,strings,G#3,56.0,middle,22.000157,19.188369,20.390599,23.839392685208928,23.14903531588908,20.34936926181333,19.67388191117681,19.27326325550618,19.50348450240421,20.940657529954343,21.174868423155687,19.891316000000003,19.768869130906666,19.515001812500003,19.401829765625003,True,False,0.5979474167641272,0.47822760062715935,0.5979474167640797,"21.4**2 * Matern(length_scale=15.3, nu=1.5)","[6.1285326920104, 2.7296628704478128]",-9.964304793371374,[],0.21743408882319315,0.010931106258791179,0.15888009867680708,0.008141433969790314,0.27205214555180746,False,False,between_pp_mf,False,False,False,False,False,False,False,False,False,False,False,OK,non-monotonic source anchors
double_bass,strings,A3,57.0,middle,21.818441,24.246429,21.116295,18.327748511501284,20.04988528134399,23.5168031221126,24.045183527868307,24.188372478707546,23.141672662649896,19.114075802678144,17.236745671321668,23.639432,23.8816160610563,24.1605059375,24.111136296875,True,False,0.7085933385227073,0.5493961365822484,0.7085933385226673,"17**2 * Matern(length_scale=11.4, nu=1.5)","[5.662679273611682, 2.4326159183452525]",-9.867725060130079,[],0.4057515278683077,0.01716418261946005,0.11532240963169471,0.004773178588644558,0.06595276900669234,False,False,equal_or_near_mf,False,False,False,True,False,False,False,False,False,False,False,REVIEW REQUIRED,mp near mf anchor; non-monotonic source anchors
double_bass,strings,A#3,58.0,high,20.329953,21.091049,22.009155,19.615282067025746,19.98840600396719,20.75532589576003,20.950159378167537,21.145317804587407,21.533687172284527,22.271479245051676,22.61181859992938,20.900775000000003,20.923187447880018,20.8860553125,20.8870875609137,True,False,0.21861467554811972,0.20249917941238021,0.21861467554824973,"21.7**2 * Matern(length_scale=97.7, nu=1.5)","[6.158335987590873, 4.581746193193583]",-6.4512733025666735,[],0.04938437816753449,0.0023628012917001635,0.06410406566753579,0.003069227994870359,0.0630718172538387,True,False,equal_or_near_mf,False,False,False,True,False,False,False,False,False,False,False,REVIEW REQUIRED,mp near mf anchor
double_bass,strings,B3,59.0,high,22.951565,24.01,25.000726,22.05617491695701,22.529850466933915,23.505842652799192,23.752690579177514,23.998342062704143,24.48135994473508,25.38700569364217,25.802314252766582,23.74539125,23.757921326399597,23.751738968750004,23.751896276187843,True,False,0.22263123889252423,0.20847154515298633,0.2226312388922689,"24.7**2 * Matern(length_scale=91.7, nu=1.5)","[6.416458704328516, 4.5180143503571815]",-6.7781741363872285,[],0.007299329177513414,0.0003073998276408022,0.000951610427510019,4.006487393457995e-05,0.0007943029896715359,True,False,between_pp_mf,False,False,False,False,False,False,False,False,False,False,False,OK,within expected diagnostic envelope
double_bass,strings,C4,60.0,high,22.204619,24.129324,27.249829,20.358815047904645,21.236209738063174,23.12830071029475,23.67387364047093,24.280161261416268,25.679912775460302,28.48657342583697,29.66340758082454,23.64814775,23.628812355147375,23.536041500000003,23.555969806316785,True,False,0.29576691677548217,0.2900251127695454,0.29576691677548217,"28**2 * Matern(length_scale=40.2, nu=1.5)","[6.6655980076076, 3.6937039085731915]",-8.712148392246101,[],0.025725890470930324,0.0010878606960213332,0.13783214047092684,0.00585621590066141,0.11790383415414496,True,False,between_pp_mf,False,False,False,False,False,False,False,False,False,False,False,OK,within expected diagnostic envelope
double_bass,strings,C#4,61.0,high,22.557771,26.083986,25.616712,18.820458209434523,20.626746678411333,24.613447641852243,25.439130008605407,26.00901699963547,26.218083271992406,24.82779972835305,23.899854151288686,25.20243225,25.34871682092612,25.57682184375,25.7919036328125,True,False,0.5349905844719016,0.4391544707325794,0.5349905844720079,"19.2**2 * Matern(length_scale=15.7, nu=1.5)","[5.914460557645432, 2.7509074387914914]",-9.580769219983855,[],0.23669775860540554,0.009391861716259768,0.1376918351445937,0.005383461478746639,0.35277362420709224,False,False,between_pp_mf,False,False,False,False,False,False,False,False,False,False,False,OK,non-monotonic source anchors
double_bass,strings,D4,62.0,high,25.964438,27.139644,28.19303,24.974468499978205,25.49686102811697,26.57209456996108,26.843494436676277,27.113128425716244,27.641908019546094,28.633183690016637,29.08939143189531,26.8458425,26.855869284980542,26.857263125000003,26.85773133335897,True,False,0.22400284720955002,0.2105106701257513,0.22400284720929625,"28**2 * Matern(length_scale=95.5, nu=1.5)","[6.661667206413202, 4.558777330404713]",-6.997928120075381,[],0.0023480633237227266,8.746469117975071e-05,0.013768688323725797,0.0005126616312184563,0.014236896682692901,True,False,between_pp_mf,False,False,False,False,False,False,False,False,False,False,False,OK,within expected diagnostic envelope
double_bass,strings,D#4,63.0,high,22.064995,20.088756,23.199377,23.26870678192473,22.923026881011236,20.713520640582153,20.248578970680494,20.154850392762967,21.314634896774812,24.460759947698783,25.095994283561097,20.58281575,20.401138320291075,20.105922625,20.185683859375,True,False,0.7559825497818419,0.5794195687066901,0.7559825497819923,"22.8**2 * Matern(length_scale=13.3, nu=1.5)","[6.257440925315498, 2.5868957305898466]",-10.444571628588646,[],0.33423677931950735,0.01623863242906925,0.1426563456804928,0.007095239961935981,0.06289511130549386,False,False,equal_or_near_mf,False,False,False,True,False,False,False,False,False,False,False,REVIEW REQUIRED,mp near mf anchor; non-monotonic source anchors
double_bass,strings,E4,64.0,high,22.037818,24.801778,24.41331,19.100567539176296,20.54546983203159,23.63906596024948,24.269673149694306,24.705379408109657,24.87436337495324,23.84295572937758,23.14513559365845,24.110788,24.22042198012474,24.406328124999998,24.573354906249996,True,False,0.43732045006760867,0.3797617282076056,0.4373204500677387,"18.5**2 * Matern(length_scale=18.4, nu=1.5)","[5.833729550026243, 2.9103670510122917]",-9.134998087127546,[],0.15888514969430645,0.006589794978675374,0.13665497530569226,0.0055991616029169595,0.3036817565556902,False,False,between_pp_mf,False,False,False,False,False,False,False,False,False,False,False,OK,non-monotonic source anchors
double_bass,strings,F4,65.0,high,20.533597,22.831556,23.344372,18.444928138639575,19.503602303674285,21.75802536746682,22.263110043064952,22.680066287934235,23.18920027703296,23.479842245925305,23.4661520723408,22.25706625,22.29479068373341,22.42442340625,22.504140687777227,True,False,0.3085339154058446,0.2991123693943167,0.3085339154057525,"18.5**2 * Matern(length_scale=28.2, nu=1.5)","[5.834833834825275, 3.340998948876594]",-8.279206045775327,[],0.00604379306495062,0.0002715449105944329,0.16131336318504808,0.007193645975311355,0.24103064471227498,True,False,between_pp_mf,False,False,False,False,False,False,False,False,False,False,False,OK,within expected diagnostic envelope
double_bass,strings,F#4,66.0,high,24.351259,22.274062,25.765555,25.643136977313834,25.27786515878756,22.906212399823254,22.41532194554171,22.33417323318361,23.655714793111862,27.196647184903988,27.924525018976684,22.79336125,22.590137199911627,22.2712965625,22.37073925,True,False,0.8237034845505252,0.6235627813382421,0.8237034845504563,"25.3**2 * Matern(length_scale=13.4, nu=1.5)","[6.46290321748208, 2.5918872423594035]",-10.735938559475276,[],0.3780393044582908,0.016585500502182004,0.14402538304170776,0.006466861174315959,0.04458269554170968,False,False,equal_or_near_mf,False,False,False,True,False,False,False,False,False,False,False,REVIEW REQUIRED,mp near mf anchor; non-monotonic source anchors
double_bass,strings,G4,67.0,high,17.319363,21.336434,20.589314,13.253888874269677,15.167207643733235,19.672441267868095,20.62815051856233,21.273493268095127,21.41623199211177,19.531287313175064,18.35418606975949,20.33216625,20.504437633934046,20.77880915625,21.0087275859375,True,False,0.6361568946120896,0.5029895995979546,0.6361568946121119,"15.4**2 * Matern(length_scale=11.6, nu=1.5)","[5.4659336931898785, 2.4511625443588416]",-9.53853274474586,[],0.2959842685623286,0.01455743893311558,0.15065863768766974,0.007250590568245031,0.38057706737517094,False,False,between_pp_mf,False,False,False,False,False,False,False,False,False,False,False,OK,non-monotonic source anchors
double_bass,strings,G#4,68.0,high,20.537812,23.276959,24.577983,18.12274902222095,19.33420407181299,21.958808932812314,22.584865683809547,23.14471412133184,24.00920000484518,25.080612383466526,25.424925591674704,22.59217225,22.617883966406158,22.726996281250003,22.76298984568577,True,False,0.30017701014360143,0.2931064750536525,0.3001770101436961,"20.7**2 * Matern(length_scale=31.9, nu=1.5)","[6.062234475238581, 3.4637210455834686]",-8.301996251868898,[],0.007306566190454333,0.00032341140593305866,0.14213059744045609,0.006253822356530029,0.17812416187622304,True,False,between_pp_mf,False,False,False,False,False,False,False,False,False,False,False,OK,within expected diagnostic envelope
double_bass,strings,A4,69.0,high,19.063634,21.923079,21.945566,16.201543878886582,17.601995092759743,20.675731276033275,21.333533762535392,21.82125895526823,22.173397943500245,21.59496981869344,21.094774003501424,21.208217750000003,21.29940513801664,21.4741825625,21.670543285759706,True,False,0.4119107285502122,0.36445503705341237,0.4119107285502812,"16.6**2 * Matern(length_scale=18.2, nu=1.5)","[5.622437144760651, 2.8996159539879156]",-8.851578274594283,[],0.12531601253538938,0.005908842223924703,0.14064879996460888,0.006549669565081443,0.33700952322431377,True,False,between_pp_mf,False,False,False,False,False,False,False,False,False,False,False,OK,within expected diagnostic envelope
double_bass,strings,A#4,70.0,high,20.055631,23.132105,20.826153,16.29192764545671,18.110421873650882,22.03554363481317,22.73679679993022,23.072150935343693,22.4473887108728,19.135875925184862,17.48570980799822,22.362986499999998,22.583824317406584,22.867588937499995,22.921766265625,True,False,0.6890927925600764,0.536889728394743,0.6890927925600764,"16.2**2 * Matern(length_scale=11.3, nu=1.5)","[5.567346242313381, 2.4218036650722263]",-9.748864082140202,[],0.3738102999302235,0.016715580449428055,0.13079213756977381,0.005719542096337538,0.18496946569477757,False,False,between_pp_mf,False,False,False,False,False,False,False,False,False,False,False,OK,non-monotonic source anchors
double_bass,strings,B4,71.0,high,18.097398,20.167478,20.701148,16.325603278320727,17.237287025340027,19.17927539781041,19.621901990802257,19.99711427365124,20.497139816183463,20.91525607349321,20.98526631591385,19.649957999999998,19.673376698905205,19.7939964375,19.857741640311147,True,False,0.28618943088801907,0.2819086573198789,0.28618943088801907,"16.7**2 * Matern(length_scale=30, nu=1.5)","[5.627596010819742, 3.402745822506484]",-7.892591513148121,[],0.02805600919774065,0.0014277897793848035,0.17209444669774143,0.008694274915181157,0.2358396495088897,True,False,between_pp_mf,False,False,False,False,False,False,False,False,False,False,False,OK,within expected diagnostic envelope
double_bass,strings,C5,72.0,high,16.953876,19.480369,19.372384,14.44381961199914,15.67894517937395,18.379905533449932,18.951712914227617,19.36850816922796,19.635947331466742,19.019833265672535,18.530840806222226,18.84874575,18.930137266724966,19.0957280625,19.26577940625,True,False,0.38821445737236393,0.35007801140980105,0.3882144573724371,"14.7**2 * Matern(length_scale=17.8, nu=1.5)","[5.373735323699012, 2.87915311294828]",-8.541622637132809,[],0.10296716422761776,0.0054628125177834585,0.14401514827238415,0.007541746918526749,0.3140664920223841,False,False,between_pp_mf,False,False,False,False,False,False,False,False,False,False,False,OK,non-monotonic source anchors
flute,woodwinds,B3,59.0,low,18.8548401,26.4427715,30.301992,12.42297947476051,15.385368304990875,22.826483942485336,24.72285810687279,26.404273298604085,28.851363819255084,31.082804861986943,31.334128329851065,24.54578865,24.634627721242666,24.895355296875,24.98075424443849,True,False,0.6850024724750954,0.5332920435712621,0.6850024724751783,"24.6**2 * Matern(length_scale=15.1, nu=1.5)","[6.405377552623261, 2.7145552409292564]",-10.367349037038279,[],0.17706945687278974,0.007213842643136657,0.1724971900022112,0.006928890467526848,0.2578961375657016,True,False,between_pp_mf,False,False,False,False,False,False,False,False,False,False,False,OK,within expected diagnostic envelope
flute,woodwinds,C4,60.0,low,17.8092305,28.9076478,32.3538286,9.17274060958022,12.934417887482798,23.730908413469095,26.538470916496756,28.882824055267253,31.6048026217562,31.945590898757665,30.784427557002974,26.133043475,26.319278106734547,26.850440646874997,27.133519600958575,True,False,1.2444675282953492,0.9087237856013778,1.2444675282954862,"24.3**2 * Matern(length_scale=9.57, nu=1.5)","[6.380827205654453, 2.259140837873272]",-11.281602503352886,[],0.40542744149675514,0.015513977232870122,0.31196973037824094,0.01161879369061862,0.595048684461819,True,False,between_pp_mf,False,False,False,False,False,False,False,False,False,False,False,OK,within expected diagnostic envelope
flute,woodwinds,C#4,61.0,low,19.0988222,29.5450285,31.1659769,10.665596060286493,14.345250519986237,24.821903000915473,27.44849294726143,29.518448051906248,31.390928413748043,29.952480363977138,28.184921755061254,26.933476925,27.183465750457735,27.760844853125,28.214663640077227,True,False,1.3101938885832067,0.9546798373216925,1.3101938885832503,"23**2 * Matern(length_scale=8.87, nu=1.5)","[6.267194534509286, 2.182279850834666]",-11.264895605171642,[],0.5150160222614275,0.01912178006930041,0.3123519058635722,0.011251527376639302,0.7661706928157983,True,False,between_pp_mf,False,False,False,False,False,False,False,False,False,False,False,OK,within expected diagnostic envelope
flute,woodwinds,D4,62.0,low,17.7806165,26.995297,30.3965154,10.301798218687294,13.63873667767601,22.677873091602844,24.995301476439725,26.964493418144023,29.433725685953135,30.445460883695667,29.854257611314857,24.691626875,24.83658504580142,25.236638946875,25.42499692966732,True,False,0.9626634682369333,0.7166071034049923,0.9626634682369333,"23.3**2 * Matern(length_scale=11.2, nu=1.5)","[6.293486314379984, 2.4168521732398287]",-10.83034172139675,[],0.3036746014397238,0.012298687444819238,0.2413374704352762,0.009562979877919143,0.4296954532275947,True,False,between_pp_mf,False,False,False,False,False,False,False,False,False,False,False,OK,within expected diagnostic envelope
flute,woodwinds,D#4,63.0,low,16.8339582,26.9856188,30.0639701,8.876011842259414,12.35353252014536,22.259946746419082,24.823596895978692,26.958331135877927,29.415747068261823,29.666523449155303,28.588870641946194,24.44770365,24.622782773209543,25.110826396875,25.376725947531064,True,False,1.1432166502384908,0.8396054229742006,1.143216650238466,"22.6**2 * Matern(length_scale=9.67, nu=1.5)","[6.23253144921464, 2.2693437584479645]",-11.0395755605075,[],0.3758932459786912,0.01537540095217455,0.2872295008963093,0.011438472647481426,0.5531290515523715,True,False,between_pp_mf,False,False,False,False,False,False,False,False,False,False,False,OK,within expected diagnostic envelope
flute,woodwinds,E4,64.0,low,18.135346,26.2008456,29.2144058,11.382584708011386,14.439311299397469,22.43327191348607,24.45062022055523,26.1645348927236,28.33184991943277,29.339782985363218,28.920931280523256,24.1844707,24.317058756743037,24.658090018750002,24.820064239048524,True,False,0.8268942540318348,0.6260709395748668,0.8268942540319036,"22.5**2 * Matern(length_scale=12.3, nu=1.5)","[6.224349038593125, 2.506937497231132]",-10.540487452884937,[],0.26614952055523133,0.011004976038414244,0.20746979819477218,0.008413863281260318,0.36944401849329367,True,False,between_pp_mf,False,False,False,False,False,False,False,False,False,False,False,OK,within expected diagnostic envelope
flute,woodwinds,F4,65.0,low,19.693768,27.0660792,29.4673292,13.289515270312863,16.221527045340316,23.665140673450676,25.497019168274857,27.025056729444437,28.852789967041673,29.43244481942132,28.934643222951035,25.2230014,25.36560993672534,25.689038387500002,25.866816349308294,True,False,0.773875940928187,0.5911674896620713,0.7738759409282238,"22.5**2 * Matern(length_scale=12.9, nu=1.5)","[6.224500218666358, 2.5575653197160273]",-10.435745428581695,[],0.2740177682748559,0.010863804982180111,0.19201921922514487,0.00747475309619138,0.3697971810334373,True,False,between_pp_mf,False,False,False,False,False,False,False,False,False,False,False,OK,within expected diagnostic envelope
flute,woodwinds,F#4,66.0,low,19.474942,25.5539927,27.2209279,14.006100553806256,16.5424624278197,22.783612152720192,24.279409781357852,25.503330503671457,26.878763376935666,27.068869389798266,26.559916596717166,24.034230025,24.168802426360095,24.447865853125,24.624571156251,True,False,0.6641749103808461,0.5202937549242912,0.6641749103809317,"20.6**2 * Matern(length_scale=13.7, nu=1.5)","[6.054801322542895, 2.618966526794885]",-10.05616037330686,[],0.24517975635785305,0.010201273604472505,0.16845607176714594,0.006890420324586875,0.3451613748931486,True,False,between_pp_mf,False,False,False,False,False,False,False,False,False,False,False,OK,within expected diagnostic envelope
flute,woodwinds,G4,67.0,low,19.8208811,25.8162565,27.1307132,14.358448428038486,16.8920748554989,23.1139736644895,24.585740168038317,25.765580761012092,26.985502875233767,26.796259284832804,26.12783644295944,24.31741265,24.46511508224475,24.756248778125002,24.967008362983584,True,False,0.6843293772622896,0.5332542490340378,0.6843293772622066,"20.4**2 * Matern(length_scale=13.3, nu=1.5)","[6.031260540438785, 2.587081403998745]",-10.089144614123342,[],0.26832751803831556,0.01103437778929641,0.17050861008668505,0.006887497844073576,0.3812681949452674,True,False,between_pp_mf,False,False,False,False,False,False,False,False,False,False,False,OK,within expected diagnostic envelope
flute,woodwinds,G#4,68.0,low,18.5894626,25.3383937,27.5093811,12.703375811296063,15.406501974401953,22.227278405817255,23.899889441660797,25.293427094801835,26.956106198666497,27.477977704859775,27.025088086226482,23.651160925,23.78283605290863,24.080343146875002,24.24554409984206,True,False,0.7139239437381897,0.5522943448119021,0.7139239437381499,"21**2 * Matern(length_scale=13.1, nu=1.5)","[6.087665959032374, 2.5730868279433863]",-10.199977451658501,[],0.24872851666079754,0.010516545781813352,0.18045370521420523,0.007493817846097571,0.34565465818126384,True,False,between_pp_mf,False,False,False,False,False,False,False,False,False,False,False,OK,within expected diagnostic envelope
flute,woodwinds,A4,69.0,low,17.9421323,24.4885161,24.9061628,12.078851827248569,14.739390394383273,21.612395231801372,23.22545954505107,24.44570166732297,25.35792576234588,23.927201301554973,22.652727767759906,22.851920149999998,23.050455665900685,23.426489253125002,23.805729010062727,True,False,0.8589374380290923,0.6481338513672847,0.8589374380290592,"18.4**2 * Matern(length_scale=10.4, nu=1.5)","[5.824410479533351, 2.340010014876943]",-10.291250905879487,[],0.3735393950510719,0.016346083506294413,0.20102970807393206,0.008581298968948815,0.5802694650116571,True,False,between_pp_mf,False,False,False,False,False,False,False,False,False,False,False,OK,within expected diagnostic envelope
flute,woodwinds,A#4,70.0,low,16.5178772,21.2324344,23.2460212,12.347636506545738,14.316524956609925,19.018720891430817,20.169487284651474,21.164923690767054,22.5301920721841,23.613590954469423,23.682435833119513,20.0537951,20.12557764571541,20.307011075,20.383250025884763,True,False,0.47021988702430895,0.3996099242605078,0.47021988702436934,"18.5**2 * Matern(length_scale=17.1, nu=1.5)","[5.83408606073222, 2.840238153531966]",-9.258509752394017,[],0.11569218465147557,0.005769091789088619,0.13752379034852424,0.006772232006010479,0.21376274123328898,True,False,between_pp_mf,False,False,False,False,False,False,False,False,False,False,False,OK,within expected diagnostic envelope
flute,woodwinds,B4,71.0,low,15.7795263,21.502733,23.8769606,10.858413847793264,13.136301066356625,18.816208851534117,20.23106133690282,21.4497806009127,23.081111559637797,24.187327551445357,24.117371220878052,20.071931325,20.15947092576706,20.385898115625,20.483287132405646,True,False,0.5725824596160044,0.4625141188485585,0.5725824596161037,"18.7**2 * Matern(length_scale=14.5, nu=1.5)","[5.86202131591647, 2.674679566597931]",-9.649507814912937,[],0.15913001190281761,0.007927987064434499,0.15483677872218138,0.007595288558982103,0.2522257955028273,True,False,between_pp_mf,False,False,False,False,False,False,False,False,False,False,False,OK,within expected diagnostic envelope
flute,woodwinds,C5,72.0,low,12.9609161,17.3780317,18.9308009,9.155737376881387,10.928997113168217,15.32030350211557,16.39792711786974,17.309430690149274,18.461616142257785,19.045824014017963,18.87383086218207,16.2737528,16.349167601057786,16.542285275,16.638916540152216,True,False,0.48364091521262836,0.4078486241924117,0.483640915212599,"14.7**2 * Matern(length_scale=14.2, nu=1.5)","[5.369239872576382, 2.65487033212857]",-8.968647117653674,[],0.1241743178697412,0.007630343129566353,0.14435815713025946,0.008726615139954383,0.24098942228247466,True,False,between_pp_mf,False,False,False,False,False,False,False,False,False,False,False,OK,within expected diagnostic envelope
flute,woodwinds,C#5,73.0,middle,12.8395151,15.8161476,18.6616384,10.277893252483521,11.520714618389212,14.32421767785746,15.070771342651293,15.818306514535472,17.278003255972916,19.789957526410458,20.777717112690787,15.071989475,15.070182638928731,15.084284009375002,15.084491707587778,True,False,0.2975199099765339,0.2910541904918121,0.29751990997643835,"19.8**2 * Matern(length_scale=31.4, nu=1.5)","[5.969189419234083, 3.4475489102358923]",-8.081980404279241,[],0.0012181323487077123,8.082093944719346e-05,0.013512666723709543,0.0008958109457042385,0.013720364936485652,True,False,between_pp_mf,False,False,False,False,False,False,False,False,False,False,False,OK,within expected diagnostic envelope
flute,woodwinds,D5,74.0,middle,12.4441855,16.0277339,15.101387,8.958931430314628,10.574694310457726,14.5504693599883,15.40195716014269,15.96000724367311,15.982442626796242,14.039835228118115,12.904908985399201,15.131846800000002,15.28910162999415,15.554649484375002,15.741483964843752,True,False,0.613259204097425,0.4890333920755622,0.6132592040973555,"11.3**2 * Matern(length_scale=9.68, nu=1.5)","[4.85600475326163, 2.2701700291890154]",-9.00004018660212,[],0.27011036014268797,0.017850455645816343,0.15269232423231216,0.009816506915549274,0.33952680470106245,False,False,between_pp_mf,False,False,False,False,False,False,False,False,False,False,False,OK,non-monotonic source anchors
flute,woodwinds,D#5,75.0,middle,12.0543747,14.4858329,13.0787861,9.399893661876472,10.671705327295326,13.551604603173644,14.101974119436125,14.401818983650546,14.100239187447437,12.015928548432003,10.945500226911197,13.87796835,14.018718751586821,14.237828193750001,14.3098571203125,True,False,0.5189022761500922,0.42981500427161007,0.5189022761500648,"10.1**2 * Matern(length_scale=10.3, nu=1.5)","[4.6241630560067835, 2.333811057309986]",-8.540888884581088,[],0.2240057694361255,0.016141106809493877,0.13585407431387608,0.009541769465480144,0.20788300087637523,False,False,between_pp_mf,False,False,False,False,False,False,False,False,False,False,False,OK,non-monotonic source anchors
flute,woodwinds,E5,76.0,middle,12.1945917,14.4353801,14.4573663,10.128523189709536,11.14745696071991,13.431597432658846,13.93050538172108,14.306915825469645,14.605470000609756,14.241576881059132,13.888360825351299,13.875183,13.933488766329422,14.083195706249999,14.236173509559084,True,False,0.3503273618832308,0.32642535838122344,0.3503273618832308,"11**2 * Matern(length_scale=16.5, nu=1.5)","[4.7928821215380175, 2.803791854272013]",-7.873029610420138,[],0.05532238172107995,0.00398714609537618,0.15269032452891906,0.010842022486498319,0.305668127838004,True,False,between_pp_mf,False,False,False,False,False,False,False,False,False,False,False,OK,within expected diagnostic envelope
flute,woodwinds,F5,77.0,middle,11.9693758,13.6648314,14.0028491,10.668197879216537,11.356244064585187,12.839773721832788,13.18096134190623,13.471325403852191,13.861063439065653,14.179966212606404,14.221551542497957,13.2409675,13.252302560916394,13.368227303125,13.431941176295261,True,False,0.2677886914316329,0.2650524010974927,0.26778869143173906,"11.3**2 * Matern(length_scale=26.5, nu=1.5)","[4.850062609518251, 3.278379442307106]",-7.119419375963247,[],0.06000615809377052,0.004531856006275261,0.18726596121877037,0.01400828673634196,0.2509798343890317,True,False,between_pp_mf,False,False,False,False,False,False,False,False,False,False,False,OK,within expected diagnostic envelope
flute,woodwinds,F#5,78.0,middle,12.1099795,13.9314512,13.9452325,10.519629985387885,11.330853638925962,13.092362523354314,13.474673862552388,13.768623185526929,14.03172676801797,13.860780160017507,13.643064962636581,13.476083275,13.511906861677158,13.64555425,13.77074859156468,True,False,0.3047829489727637,0.2957516366980387,0.304782948972787,"10.8**2 * Matern(length_scale=19.9, nu=1.5)","[4.751904545747403, 2.992152400999399]",-7.484109465667597,[],0.0014094124476127234,0.00010458620793976381,0.17088038744761214,0.012522788324821042,0.29607472901229137,True,False,between_pp_mf,False,False,False,False,False,False,False,False,False,False,False,OK,within expected diagnostic envelope
flute,woodwinds,G5,79.0,middle,12.3344416,13.445254,14.8697272,11.24376577703217,11.780222977216992,12.92696949097181,13.228892730801833,13.536506538723472,14.161176040659397,15.314834928992324,15.805240137261194,13.1675509,13.186111745485906,13.1381452,13.140873713718502,True,False,0.23598755018040848,0.22839199509715688,0.23598755018034828,"14.9**2 * Matern(length_scale=47.1, nu=1.5)","[5.405582705258898, 3.851979706397029]",-6.626096766137312,[],0.0613418308018332,0.004658560370693779,0.09074753080183307,0.006907179774648332,0.08801901708333126,True,False,between_pp_mf,False,False,False,False,False,False,False,False,False,False,False,OK,within expected diagnostic envelope
flute,woodwinds,G#5,80.0,middle,11.6728941,12.8878573,12.4478486,10.69379240885606,11.23021476996036,12.320327632524865,12.533090043590954,12.675630617670306,12.711896841907974,12.296672272852277,12.021241416206548,12.5841165,12.604092466262433,12.739270115624999,12.793759103906252,True,False,0.27647342190499574,0.27290694436067797,0.27647342190499574,"9.73**2 * Matern(length_scale=22.3, nu=1.5)","[4.549749947111287, 3.104890872391262]",-7.095810614942442,[],0.051026456409045906,0.004054830262342685,0.20618007203404431,0.01618460635206721,0.2606690603152977,False,False,between_pp_mf,False,False,False,False,False,False,False,False,False,False,False,OK,non-monotonic source anchors
flute,woodwinds,A5,81.0,middle,11.1671253,11.28279,12.4215309,10.59164860007277,10.834242210694427,11.337310684665207,11.46933916372523,11.605691223450822,11.890408134310091,12.441760907372354,12.68793505016571,11.253873825,11.310050342332604,11.15796043125,11.23518624452914,True,False,0.21645184364534772,0.20045543562249485,0.21645184364528208,"12**2 * Matern(length_scale=69.2, nu=1.5)","[4.971412634365794, 4.237687855576728]",-6.3800198205461855,[],0.215465338725231,0.019145881860394058,0.3113787324752302,0.027906420209481524,0.23415291919608983,True,False,above_both_pp_mf,True,False,False,False,False,False,False,False,False,False,False,REVIEW REQUIRED,mp outside pp–mf interval
flute,woodwinds,A#5,82.0,middle,10.9975133,11.1075395,12.2136256,10.444666895121605,10.679373857345416,11.165625303649627,11.292805014686616,11.423740579693321,11.695844724812423,12.221580712951186,12.456870191122766,11.08003295,11.136582401824814,10.986652334375,11.062202734796097,True,False,0.2156237717970966,0.19941228305660988,0.2156237717970966,"11.8**2 * Matern(length_scale=71, nu=1.5)","[4.937225147372936, 4.262346891868992]",-6.289190319922829,[],0.21277206468661625,0.019203197828632473,0.3061526803116159,0.027865874972099233,0.23060227989051896,True,False,above_both_pp_mf,True,False,False,False,False,False,False,False,False,False,False,REVIEW REQUIRED,mp outside pp–mf interval
flute,woodwinds,B5,83.0,middle,8.65712315,10.9565673,11.1362798,6.683506401592653,7.63955391177716,9.90852649979545,10.427817134341588,10.832318537573139,11.202693814139492,10.966148773052556,10.650805742536871,10.3817062625,10.432546899897725,10.580431104687499,10.707866578851494,True,False,0.3511316970785496,0.32664460263875994,0.3511316970785091,"8.43**2 * Matern(length_scale=13.7, nu=1.5)","[4.263103636725794, 2.6189551854834368]",-7.474972222612321,[],0.04611087184158791,0.004441550422992225,0.15261397034591084,0.014424173158530142,0.2800494445099062,True,False,between_pp_mf,False,False,False,False,False,False,False,False,False,False,False,OK,within expected diagnostic envelope
flute,woodwinds,C6,84.0,middle,11.9068555,11.2762622,11.8475868,11.674047022686848,11.674046986462612,11.674046903504557,11.674046880577572,11.67404685677706,11.674046806557044,11.674046695626572,11.674046634911456,11.433910525,11.47515455175228,11.321230721875,11.317063391406249,True,False,0.1825519796020254,0.18255189562054097,0.1825519796020254,"11.7**2 * Matern(length_scale=1e+05, nu=1.5)","[4.914977584563253, 11.512925464970229]",-5.173771757942168,['The optimal value found for dimension 0 of parameter k2__length_scale is close to the specified upper bound 100000.0. Increasing the bound and calling fit again may find a better value.'],0.2401363555775724,0.02100211953316579,0.35281615870257177,0.03116411699134942,0.3569834891713235,False,False,between_pp_mf,False,False,False,False,False,False,False,False,False,False,False,OK,non-monotonic source anchors
flute,woodwinds,C#6,85.0,high,10.582675,10.6338616,10.681514,10.629548247801198,10.629548325978003,10.629548472772704,10.629548507479507,10.62954854138926,10.629548606817098,10.629548728102295,10.629548783958652,10.62106495,10.631705036386352,10.62139628125,10.621405166843518,True,False,0.18254736119917728,0.1825472915715085,0.1825473611992162,"10.6**2 * Matern(length_scale=1e+05, nu=1.5)","[4.727567658274501, 11.512925464970229]",-3.8919038289749786,['The optimal value found for dimension 0 of parameter k2__length_scale is close to the specified upper bound 100000.0. Increasing the bound and calling fit again may find a better value.'],0.008483557479507908,0.000798748291197288,0.008152226229507065,0.0007675286764225365,0.008143340635989205,True,False,equal_or_near_pp,False,False,True,True,False,False,False,False,False,False,False,REVIEW REQUIRED,mp near pp anchor; mp near mf anchor
flute,woodwinds,D6,86.0,high,10.4180196,11.2769586,10.9467439,10.710580024591744,10.75272414038201,10.837104891957459,10.858026111011194,10.87873691108699,10.919331519271775,10.997217601333695,11.034554687035607,11.06222385,11.05703174597873,11.173707009375,11.21088293671875,True,False,0.19306222417253233,0.1854296153340724,0.19306222417249552,"10.8**2 * Matern(length_scale=248, nu=1.5)","[4.764709618914831, 5.513531604017283]",-5.731647109048245,[],0.20419773898880678,0.018459013463988688,0.31568089836380686,0.028252118844618285,0.3528568257075566,False,False,between_pp_mf,False,False,False,False,False,False,False,False,False,False,False,OK,non-monotonic source anchors
flute,woodwinds,D#6,87.0,high,10.025042,10.3907882,10.6755081,10.01901779624747,10.104268765694364,10.276508347874584,10.319594992319958,10.36244646842018,10.44694700165785,10.608207050586447,10.684154924517875,10.299351649999998,10.333648273937293,10.306947865624998,10.307657541247712,True,False,0.20023905820517318,0.1878765477923184,0.20023905820520865,"10.4**2 * Matern(length_scale=152, nu=1.5)","[4.6780995132292, 5.02197533541639]",-4.724056483789667,[],0.020243342319959723,0.0019654967621150917,0.01264712669495971,0.0012270486723950074,0.011937451072245864,True,False,equal_or_near_mf,False,False,False,True,False,False,False,False,False,False,False,REVIEW REQUIRED,mp near mf anchor
flute,woodwinds,E6,88.0,high,10.0160622,10.2184648,10.03221,10.085608308874804,10.085608329323893,10.085608361146667,10.085608367211115,10.0856083725187,10.08560838086285,10.085608388471114,10.085608387736535,10.16786415,10.152036580573334,10.20430078125,10.2054361734375,True,False,0.18254437191334977,0.18254430922830323,0.18254437191338868,"10.1**2 * Matern(length_scale=1e+05, nu=1.5)","[4.622544166637264, 11.512925464970229]",-3.941505585319027,['The optimal value found for dimension 0 of parameter k2__length_scale is close to the specified upper bound 100000.0. Increasing the bound and calling fit again may find a better value.'],0.08225578278888435,0.008089779876620828,0.11869241403888431,0.011631606768880915,0.11982780622638423,False,False,equal_or_near_pp,False,False,True,False,False,False,False,False,False,False,False,REVIEW REQUIRED,mp near pp anchor; non-monotonic source anchors
flute,woodwinds,F6,89.0,high,7.90273871,7.98606412,8.10905862,7.995119775374517,7.995119862930255,7.995120030854816,7.9951200713382455,7.995120111222252,7.995120189191424,7.99512033792952,7.995120408697093,7.9652327675,7.990592075427408,7.9615137903125,7.962050075591846,True,False,0.18252667836289888,0.1825266389668397,0.18252667836287942,"8**2 * Matern(length_scale=1e+05, nu=1.5)","[4.1581828421249885, 11.512925464970229]",-3.69062081421583,['The optimal value found for dimension 0 of parameter k2__length_scale is close to the specified upper bound 100000.0. Increasing the bound and calling fit again may find a better value.'],0.02988730383824567,0.003752219766909112,0.03360628102574559,0.004221091856505658,0.03306999574639935,True,False,equal_or_near_mf,True,False,False,True,False,False,False,False,False,False,False,REVIEW REQUIRED,mp outside pp–mf interval; mp near mf anchor
flute,woodwinds,F#6,90.0,high,7.85220698,8.05352946,7.95544666,7.949536614217578,7.949536661726519,7.9495367495943565,7.949536770071243,7.949536789951797,7.949536827923406,7.94953689670846,7.9495369275220025,8.00319884,8.00153310479718,8.031268085,8.038527125000002,True,False,0.1825261312538162,0.18252609230562564,0.18252613125379674,"7.95**2 * Matern(length_scale=1e+05, nu=1.5)","[4.146752889907031, 11.512925464970229]",-3.678527089882676,['The optimal value found for dimension 0 of parameter k2__length_scale is close to the specified upper bound 100000.0. Increasing the bound and calling fit again may find a better value.'],0.05366206992875622,0.0067050776822578885,0.08173131492875729,0.010176638864964161,0.08899035492875829,False,False,between_pp_mf,False,False,False,False,False,False,False,False,False,False,False,OK,non-monotonic source anchors
flute,woodwinds,G6,91.0,high,7.61061027,8.48258952,7.71670613,7.932435191601435,7.932435240008832,7.932435329688457,7.932435350620506,7.9324353709564,7.932435409838736,7.932435480454349,7.932435512190525,8.264594707499999,8.207512424844229,8.418144329999999,8.425604195156248,True,False,0.18252592357279346,0.1825258847919504,0.18252592357279346,"7.93**2 * Matern(length_scale=1e+05, nu=1.5)","[4.14244799374598, 11.512925464970229]",-5.838662610117119,['The optimal value found for dimension 0 of parameter k2__length_scale is close to the specified upper bound 100000.0. Increasing the bound and calling fit again may find a better value.'],0.33215935687949294,0.04019064075556702,0.48570897937949287,0.05769786788384667,0.4931688445357425,False,False,between_pp_mf,False,False,False,False,False,False,False,False,False,False,False,OK,non-monotonic source anchors
flute,woodwinds,G#6,92.0,high,7.35545092,7.68750886,7.84479368,7.543088122251025,7.563785152514922,7.604989596487745,7.615201989235791,7.625343398025798,7.645344044139046,7.683840082141197,7.7022309479621995,7.604494375,7.646249228243873,7.6208793550000005,7.625268386027666,True,False,0.1881582022309475,0.18403330527102826,0.1881582022309475,"7.63**2 * Matern(length_scale=264, nu=1.5)","[4.063050922146601, 5.576048820053811]",-4.150906521746787,[],0.01070761423579114,0.0014080639300612463,0.005677365764209519,0.0007449751530949828,0.010066396791875043,True,False,equal_or_near_mf,False,False,False,True,False,False,False,False,False,False,False,REVIEW REQUIRED,mp near mf anchor
flute,woodwinds,A6,93.0,high,7.13851804,7.62962613,7.53931505,7.431336387046668,7.431336527718538,7.43133680238795,7.431336869663709,7.431336936381962,7.431337068144852,7.431337324971554,7.431337450034343,7.5068491075,7.530481466193975,7.5613571546875,7.589538194453126,True,False,0.1825191890656539,0.18251915502839247,0.1825191890656539,"7.43**2 * Matern(length_scale=1e+05, nu=1.5)","[4.012014347427103, 11.512925464970229]",-4.193148084949052,['The optimal value found for dimension 0 of parameter k2__length_scale is close to the specified upper bound 100000.0. Increasing the bound and calling fit again may find a better value.'],0.07551223783629091,0.010059112252682363,0.13002028502379126,0.017195363525870217,0.15820132478941673,False,False,between_pp_mf,False,False,False,False,False,False,False,False,False,False,False,OK,non-monotonic source anchors
flute,woodwinds,A#6,94.0,high,7.16910279,7.35562216,7.41446026,7.308503348853119,7.308503435199755,7.308503601323908,7.308503641485846,7.308503681099716,7.3085037586826935,7.308503907265671,7.30850397826464,7.3089923175000004,7.3320628806619546,7.3209624365625015,7.3256342731402215,True,False,0.18251732385008906,0.18251729092841285,0.18251732385008906,"7.31**2 * Matern(length_scale=1e+05, nu=1.5)","[3.9786996906150396, 11.512925464970229]",-3.657285268154978,['The optimal value found for dimension 0 of parameter k2__length_scale is close to the specified upper bound 100000.0. Increasing the bound and calling fit again may find a better value.'],0.0004886760141546986,6.685956051488196e-05,0.012458795076655704,0.0017017974323203372,0.017130631654375783,True,False,equal_or_near_mf,False,False,False,True,False,False,False,False,False,False,False,REVIEW REQUIRED,mp near mf anchor
flute,woodwinds,B6,95.0,high,5.27284893,7.16484117,7.17628794,3.806730241851136,4.516971288366697,6.291785372777392,6.705350035349211,7.023136046853314,7.2870088588416,6.988714318890133,6.678632621666987,6.69184311,6.728313271388696,6.868144247812499,6.99877975977033,True,False,0.32763837270693535,0.31063019995308755,0.3276383727069408,"5.42**2 * Matern(length_scale=11.1, nu=1.5)","[3.378415901665129, 2.407512248086963]",-6.637330177964209,[],0.013506925349211052,0.0020184163207632422,0.16279421246328862,0.02370279461080604,0.29342972442111925,True,False,between_pp_mf,False,False,False,False,False,False,False,False,False,False,False,OK,within expected diagnostic envelope
flute,woodwinds,C7,96.0,high,6.56193433,6.75794414,7.03182546,6.7364091647341215,6.747234292706429,6.768666806708869,6.773962773882432,6.779221891544324,6.7896030176272335,6.80962894970762,6.819219663058888,6.7089416875,6.763305473354435,6.7016412334375,6.702548620295705,True,False,0.185565867270521,0.18331309789617567,0.185565867270521,"6.78**2 * Matern(length_scale=334, nu=1.5)","[3.828751328431632, 5.8114771043275635]",-3.9728201336501656,[],0.06502108638243165,0.009691705400209092,0.072321540444932,0.010791616251268022,0.0714141535867272,True,False,equal_or_near_mf,True,False,False,True,False,False,False,False,False,False,False,REVIEW REQUIRED,mp outside pp–mf interval; mp near mf anchor
flute,woodwinds,C#7,97.0,high,6.88706713,6.6815575,7.08464776,6.879582039316572,6.879582102677532,6.879582223214202,6.8795822520597545,6.879582280389862,6.879582335503427,6.879582439537755,6.879582488456641,6.732934907500001,6.780569861607101,6.675878667812501,6.689771055859376,True,False,0.18251001081242926,0.18250998164040774,0.18251001081242926,"6.88**2 * Matern(length_scale=1e+05, nu=1.5)","[3.857818474611653, 11.512925464970229]",-3.839055389283863,['The optimal value found for dimension 0 of parameter k2__length_scale is close to the specified upper bound 100000.0. Increasing the bound and calling fit again may find a better value.'],0.1466473445597538,0.021780597402835326,0.2037035842472532,0.03051337425130304,0.18981119620037834,False,False,equal_or_near_pp,False,False,True,False,False,False,False,False,False,False,False,REVIEW REQUIRED,mp near pp anchor; non-monotonic source anchors
flute,woodwinds,D7,98.0,high,6.43665581,6.4955025,6.82227052,6.579747038551164,6.579747145690052,6.579747354056766,6.579747404916543,6.5797474552832025,6.579747554536497,6.579747747115861,6.579747840439884,6.4807908275,6.537624927028383,6.4556732028125,6.472282780416775,True,False,0.18250402986720263,0.18250400318167362,0.18250402986718317,"6.58**2 * Matern(length_scale=1e+05, nu=1.5)","[3.7687615194304462, 11.512925464970229]",-3.8198671705810767,['The optimal value found for dimension 0 of parameter k2__length_scale is close to the specified upper bound 100000.0. Increasing the bound and calling fit again may find a better value.'],0.09895657741654329,0.015269213287464846,0.12407420210404307,0.019219405661672666,0.10746462449976857,True,False,above_both_pp_mf,True,False,False,False,False,False,False,False,False,False,False,REVIEW REQUIRED,mp outside pp–mf interval
clarinet,woodwinds,D3,50.0,low,23.6810972,34.3864529,42.7300255,14.740060823369657,18.904771293249198,29.063613770783054,31.771727925685266,34.36953618393573,38.97383715863954,45.616762898231634,47.737962862619355,31.710113975000002,31.72503333539153,31.931531140624998,31.952120461120643,True,False,0.7554684240969458,0.577700160580067,0.7554684240973972,"41.8**2 * Matern(length_scale=20.1, nu=1.5)","[7.465056886301106, 2.9998588054297928]",-11.313321849869793,[],0.06161395068526332,0.0019430378185912311,0.15980321493973193,0.005004558479703523,0.18039253543537725,True,False,between_pp_mf,False,False,False,False,False,False,False,False,False,False,False,OK,within expected diagnostic envelope
clarinet,woodwinds,D#3,51.0,low,24.3099558,38.5630291,43.3637747,13.02057294079706,17.97507444509331,31.90341428375214,35.509721277676526,38.54346726879787,42.18250545757567,43.07348855323286,41.80219570458399,34.999760775,35.23322169187607,35.885916496875,36.215623404464765,True,False,1.5362224845814072,1.10849441422505,1.5362224845814072,"32.8**2 * Matern(length_scale=10.1, nu=1.5)","[6.979959524601699, 2.3158268143645175]",-12.063653841325184,[],0.5099605026765275,0.014570399665153926,0.3761952191984719,0.010483087961017564,0.7059021267882386,True,False,between_pp_mf,False,False,False,False,False,False,False,False,False,False,False,OK,within expected diagnostic envelope
clarinet,woodwinds,E3,52.0,low,21.9386816,39.4500558,41.2812875,9.275686474040409,14.506857688488351,31.493484715620085,35.96008525257695,39.434873565666074,42.23223501885111,38.60248750993928,35.10666574402634,35.07221225,35.47177025781004,36.54222560937501,37.43597872119991,True,False,2.3942590242923036,1.715381179524703,2.394259024292327,"30.2**2 * Matern(length_scale=6.98, nu=1.5)","[6.818524723858629, 1.9431831327599414]",-12.545865566843032,[],0.8878730025769528,0.0253155688112304,0.5821403567980568,0.015930621276901837,1.4758934686229566,True,False,between_pp_mf,False,False,False,False,False,False,False,False,False,False,False,OK,within expected diagnostic envelope
clarinet,woodwinds,F3,53.0,low,21.5397153,35.6092737,39.6098659,10.707711443252949,15.385370600045265,29.068217908542778,32.636274800548335,35.589788887294546,38.89009873342206,38.85144448751117,37.164561087668616,32.0918841,32.33874580427139,33.03584968125,33.43034380066687,True,False,1.6145368497808965,1.1642793870471673,1.6145368497809316,"29.6**2 * Matern(length_scale=9.1, nu=1.5)","[6.772681681435479, 2.2083199210748994]",-11.969218472085759,[],0.5443907005483339,0.016963500767109337,0.3995748807016639,0.01209519006040425,0.7940690001185331,True,False,between_pp_mf,False,False,False,False,False,False,False,False,False,False,False,OK,within expected diagnostic envelope
clarinet,woodwinds,F#3,54.0,low,22.7172979,32.8527768,40.9404481,14.243822314690284,18.199646275468314,27.800474138974952,30.36435579210459,32.836335224860214,37.2684082121847,43.80192186230209,45.94555593810629,30.318907075,30.326625469487475,30.5108890375,30.52706936791306,True,False,0.7088689164596358,0.5477017453349233,0.7088689164596358,"40.7**2 * Matern(length_scale=20.7, nu=1.5)","[7.413432955869959, 3.0313624513000623]",-11.164669460745905,[],0.045448717104591196,0.0014990222765010799,0.14653324539541046,0.004802654069349173,0.16271357580847123,True,False,between_pp_mf,False,False,False,False,False,False,False,False,False,False,False,OK,within expected diagnostic envelope
clarinet,woodwinds,G3,55.0,low,21.5914613,30.821332,35.1041776,13.808895527925584,17.36095193276023,26.45253546180709,28.76685318622457,30.789553149895085,33.60180859534035,35.75741090439392,35.766095349991076,28.513864325,28.636933730903547,28.977647928125005,29.10499181709726,True,False,0.8590805105401497,0.6466410359724428,0.8590805105400173,"27.9**2 * Matern(length_scale=13.8, nu=1.5)","[6.655229192774575, 2.6261981033805477]",-10.929799258278726,[],0.2529888612245692,0.008872485971771881,0.21079474190043612,0.007274391021082282,0.3381386308726917,True,False,between_pp_mf,False,False,False,False,False,False,False,False,False,False,False,OK,within expected diagnostic envelope
clarinet,woodwinds,G#3,56.0,low,17.0413694,24.9867158,29.8974588,10.48397993904017,13.498832012598536,21.123179480633468,23.120919738539214,24.954670632076553,27.873173577994926,31.203211770789054,31.919100528883856,23.000379199999998,23.054947640316733,23.284873268749998,23.33523811773988,True,False,0.6680515659089034,0.5223537027447597,0.6680515659088182,"25.7**2 * Matern(length_scale=15.9, nu=1.5)","[6.4948007992859935, 2.7649931017110685]",-10.38806243171773,[],0.12054053853921687,0.00524080657501581,0.16395353021078307,0.007041203459364355,0.214318379200666,True,False,between_pp_mf,False,False,False,False,False,False,False,False,False,False,False,OK,within expected diagnostic envelope
clarinet,woodwinds,A3,57.0,low,16.937688,26.2632888,28.0470952,9.444034590201694,12.722167120511077,22.016473237020758,24.360340040734194,26.23337815522982,28.049300329520683,27.146248761356084,25.715943091588354,23.9318886,24.13988101851038,24.638931825,24.99892231811535,True,False,1.1408577639154789,0.8385976467357191,1.1408577639154291,"20.7**2 * Matern(length_scale=9.13, nu=1.5)","[6.062841511743406, 2.2118218096385602]",-10.901229172392801,[],0.42845144073419306,0.01790295149268717,0.27859178426580655,0.011306974922635736,0.6385822773811576,True,False,between_pp_mf,False,False,False,False,False,False,False,False,False,False,False,OK,within expected diagnostic envelope
clarinet,woodwinds,A#3,58.0,low,17.1246271,24.3343389,27.8046099,11.066581221419085,13.844478923496455,20.908369679722963,22.709369105898908,24.294070706593754,26.544415464662755,28.413103842346768,28.51434935980314,22.53191095,22.62135428986148,22.882483525,22.97454444505476,True,False,0.6756953059304178,0.5275202522833458,0.6756953059303757,"22.3**2 * Matern(length_scale=14.3, nu=1.5)","[6.2074110376733245, 2.657595671210316]",-10.195430483349378,[],0.17745815589890768,0.007875859100131393,0.17311441910109338,0.007565368458015457,0.2651753391558529,True,False,between_pp_mf,False,False,False,False,False,False,False,False,False,False,False,OK,within expected diagnostic envelope
clarinet,woodwinds,B3,59.0,low,15.9355537,23.6729319,27.1994762,9.598056710708786,12.465660171532603,19.999565430526836,21.940241195542328,23.63649646808738,25.98065915968442,27.674014150507503,27.587965918426985,21.73858735,21.83624866526342,22.133353028124997,22.24403556566944,True,False,0.753012112586978,0.5776518102679243,0.7530121125870157,"21.5**2 * Matern(length_scale=12.8, nu=1.5)","[6.134984678410987, 2.5478564648594846]",-10.32014352237651,[],0.20165384554232801,0.009276308634761771,0.1931118325826695,0.008724924431344904,0.3037943701271111,True,False,between_pp_mf,False,False,False,False,False,False,False,False,False,False,False,OK,within expected diagnostic envelope
clarinet,woodwinds,C4,60.0,low,16.560375,23.0621723,28.2302213,11.086172309317632,13.66443286134315,19.827443442063487,21.46134742810674,23.03631026922406,25.866105189501937,30.090888465366188,31.514404329406165,21.436722975000002,21.444807871031742,21.561761878125,21.57247991289103,True,False,0.48582597471699573,0.40892474122650563,0.48582597471711275,"28**2 * Matern(length_scale=22, nu=1.5)","[6.662739749525798, 3.0919564377479123]",-9.907038082344112,[],0.024624453106738997,0.0011487041715964048,0.10041445001825977,0.004657061449144979,0.11113248478428872,True,False,between_pp_mf,False,False,False,False,False,False,False,False,False,False,False,OK,within expected diagnostic envelope
clarinet,woodwinds,C#4,61.0,low,16.514693,23.4855035,26.5949673,10.657878207237042,13.337449306002666,20.19090586361137,21.930013530282046,23.44353075175127,25.521294940938308,27.034521650270637,26.989041628088994,21.742800875,21.838204681805685,22.104802128125,22.208803192670686,True,False,0.6761436165253862,0.5279296561787238,0.6761436165254282,"21**2 * Matern(length_scale=13.7, nu=1.5)","[6.089886088742084, 2.616763710596618]",-10.108303253796214,[],0.18721265528204611,0.008610328372979046,0.17478859784295508,0.007907268150596253,0.27878966238863967,True,False,between_pp_mf,False,False,False,False,False,False,False,False,False,False,False,OK,within expected diagnostic envelope
clarinet,woodwinds,D4,62.0,low,16.566372,22.9764229,26.1821162,11.1224981533741,13.640293486685454,19.924302584567357,21.519102136292144,22.93058781120086,24.97737380274959,26.83314826989145,27.040951726720024,21.373910175,21.45036274228368,21.6743187,21.74939996673559,True,False,0.5930788279824057,0.4751842418755752,0.5930788279823099,"21.2**2 * Matern(length_scale=15.3, nu=1.5)","[6.109771299540053, 2.7300285396118342]",-9.895363534200515,[],0.14519196129214507,0.006792952721489814,0.15521656370785664,0.0071613122357500735,0.23029783044344754,True,False,between_pp_mf,False,False,False,False,False,False,False,False,False,False,False,OK,within expected diagnostic envelope
clarinet,woodwinds,D#4,63.0,low,15.7200236,23.5323358,24.8957189,9.28403679684289,12.13076078189406,19.99455082299711,21.947222153747912,23.496327176695434,24.95990394458185,24.107439981065273,22.888394596524627,21.579257749999996,21.763443311498555,22.183844853124995,22.502535091468097,True,False,0.9632601230008689,0.7182302423467661,0.9632601230009279,"18.4**2 * Matern(length_scale=9.53, nu=1.5)","[5.825487929007652, 2.25423329721152]",-10.463302678489212,[],0.3679644037479157,0.017051763689504833,0.23662269937708302,0.010666442221522769,0.5553129377201849,True,False,between_pp_mf,False,False,False,False,False,False,False,False,False,False,False,OK,within expected diagnostic envelope
clarinet,woodwinds,E4,64.0,low,16.1216899,23.981049,24.5639047,9.566950927640264,12.454237348422607,20.489932074658565,22.450370117132554,23.946073146564604,25.083918779663428,23.361094409436497,21.80304036616643,22.016209224999997,22.235490537329284,22.69838141875,23.13936418258651,True,False,1.0475312930048135,0.7756368080137065,1.047531293004895,"18.1**2 * Matern(length_scale=8.84, nu=1.5)","[5.788250986235159, 2.1789332408311766]",-10.556746290583925,[],0.4341608921325566,0.019720056604456467,0.24801130161744567,0.010926387086463174,0.6889940654539579,True,False,between_pp_mf,False,False,False,False,False,False,False,False,False,False,False,OK,within expected diagnostic envelope
clarinet,woodwinds,F4,65.0,low,15.9375833,19.0223017,23.0463298,13.289907430799728,14.553097142336606,17.409988544010638,18.22645138301289,19.1061432996606,21.038227238432984,24.682938721169723,26.127126954124066,18.2511221,18.21614512200532,18.163061815625,18.171788657899324,True,False,0.3378186870745603,0.3191449075064229,0.33781868707439205,"24.9**2 * Matern(length_scale=30.2, nu=1.5)","[6.428005982984631, 3.408267514984072]",-8.888553395516064,[],0.024670716987110097,0.001351736997426043,0.06338956738789037,0.0034900265181809107,0.05466272511356607,True,False,between_pp_mf,False,False,False,False,False,False,False,False,False,False,False,OK,within expected diagnostic envelope
clarinet,woodwinds,F#4,66.0,middle,15.9239823,19.9808851,22.1983636,12.372492566947304,14.076666879184028,18.035015109619632,19.018132725612134,19.903949709164802,21.274409729042148,22.859918473683095,23.269640746056137,18.966659399999998,19.007950104809815,19.139105428125,19.177021686247326,True,False,0.3836338086905388,0.34741715773775533,0.3836338086905388,"18.7**2 * Matern(length_scale=21.3, nu=1.5)","[5.860334219069694, 3.058371391549446]",-8.823830360247445,[],0.05147332561213602,0.002713884639702869,0.12097270251286574,0.0063207082988892375,0.15888896063519198,True,False,between_pp_mf,False,False,False,False,False,False,False,False,False,False,False,OK,within expected diagnostic envelope
clarinet,woodwinds,G4,67.0,middle,15.7078432,22.510107,21.7915544,9.752831055519755,12.390866797274192,19.604102927890093,21.284966488371996,22.471969098738366,22.931421371216253,20.168911789205353,18.372114009279432,20.80954105,21.057104963945047,21.514617587500002,21.94237853125,True,False,1.0342226514568296,0.7673225140392493,1.034222651456857,"16.1**2 * Matern(length_scale=8.24, nu=1.5)","[5.562562608639204, 2.1095438676120457]",-10.355378010594258,[],0.475425438371996,0.022846512435313705,0.22965109912800585,0.010674189220143666,0.6574120428780041,False,False,between_pp_mf,False,False,False,False,False,False,False,False,False,False,False,OK,non-monotonic source anchors
clarinet,woodwinds,G#4,68.0,middle,15.608355,19.5059884,20.8002634,12.099288439828179,13.770996049342829,17.701337331122033,18.637582097307167,19.42369366160012,20.408071398713577,20.932380409127592,20.825769397824974,18.53158005,18.603662865561017,18.775644900000003,18.867430265097,True,False,0.4309109085867541,0.3758956732518747,0.4309109085867541,"16.2**2 * Matern(length_scale=17, nu=1.5)","[5.5677271078597474, 2.8344202237367617]",-8.889164413514779,[],0.10600204730716811,0.005720076055099691,0.13806280269283633,0.007353292173353593,0.2298481677898323,True,False,between_pp_mf,False,False,False,False,False,False,False,False,False,False,False,OK,within expected diagnostic envelope
clarinet,woodwinds,A4,69.0,middle,16.1795844,17.4293272,20.1126925,14.939041312479288,15.51768699315713,16.756771165056172,17.14251668740694,17.601786194238265,18.754051548081915,21.102125733042552,22.02344605824849,17.1168915,17.093049182528084,16.982489390625,17.01923168510595,True,False,0.3009832909122688,0.29366603123542345,0.30098329091217435,"19.8**2 * Matern(length_scale=30.9, nu=1.5)","[5.973853384564187, 3.429178540729704]",-8.349692292932746,[],0.025625187406937755,0.0014970701547613217,0.16002729678194072,0.00942307650551409,0.12328500230098882,True,False,between_pp_mf,False,False,False,False,False,False,False,False,False,False,False,OK,within expected diagnostic envelope
clarinet,woodwinds,A#4,70.0,middle,15.1889233,18.0292742,21.7108135,12.718881764458716,13.898080057110166,16.555265213639704,17.309057009841705,18.116725655076753,19.87719264165661,23.18998799073039,24.509971409454863,17.319186475,17.29226970681985,17.240325062500002,17.247953675912097,True,False,0.3218959914967084,0.308611358777043,0.32189599149688497,"23.4**2 * Matern(length_scale=31, nu=1.5)","[6.305074223599807, 3.435003414706384]",-8.653214946525972,[],0.010129465158293272,0.0005848695706876885,0.0687319473417034,0.003986696717871319,0.06110333392960854,True,False,between_pp_mf,False,False,False,False,False,False,False,False,False,False,False,OK,within expected diagnostic envelope
clarinet,woodwinds,B4,71.0,middle,15.0915808,17.7946963,20.105251,12.752303532021028,13.906707271094895,16.45288473610579,17.111959666357343,17.758880479535787,18.981637712467236,21.048381003771457,21.877542729164002,17.118917425,17.123790518052893,17.15572,17.157881178494154,True,False,0.2798455143264036,0.2767518362137516,0.2798455143264036,"20.4**2 * Matern(length_scale=36.1, nu=1.5)","[6.035093063738081, 3.585471491334039]",-7.888522620551834,[],0.006957758642656131,0.00040643683650785125,0.043760333642655524,0.002550772199747695,0.04592151213681106,True,False,between_pp_mf,False,False,False,False,False,False,False,False,False,False,False,OK,within expected diagnostic envelope
clarinet,woodwinds,C5,72.0,middle,12.3501129,13.1828281,15.682957,11.503979673536342,11.896329414682791,12.696619168848308,12.979221694652642,13.3539260746713,14.402420594783543,16.56132098240713,17.328030964959133,12.9746493,12.939723634424155,12.818329265625,12.877030645550686,True,False,0.3186483967021055,0.3059809636231625,0.3186483967020163,"15**2 * Matern(length_scale=23.3, nu=1.5)","[5.419570892046408, 3.1495549748281215]",-8.153739297070045,[],0.004572394652642586,0.0003524098838372908,0.16089242902764234,0.012551747243621573,0.10219104910195576,True,False,between_pp_mf,False,False,False,False,False,False,False,False,False,False,False,OK,within expected diagnostic envelope
clarinet,woodwinds,C#5,73.0,middle,12.3301758,14.8024308,16.5867157,10.267377059317232,11.292734797610606,13.582613332189737,14.167040901710896,14.726761752937799,15.731440255904175,17.294307926085814,17.87495140895919,14.184367049999999,14.192522066094869,14.248864246875,14.256682594175787,True,False,0.2789270742474162,0.2756795227441661,0.2789270742471105,"15.7**2 * Matern(length_scale=30.4, nu=1.5)","[5.508366053241998, 3.4134048018657737]",-7.539544789673091,[],0.017326148289102505,0.0012214960475872983,0.0818233451641035,0.005742446818668277,0.08964169246489107,True,False,between_pp_mf,False,False,False,False,False,False,False,False,False,False,False,OK,within expected diagnostic envelope
clarinet,woodwinds,D5,74.0,middle,13.1466965,16.1876303,15.8872721,10.19990898968274,11.601699030561766,14.886053752545292,15.596757609218681,16.100247320257658,16.33620652203306,15.27833648659391,14.53941867612271,15.42739685,15.536842026272645,15.740642974999998,15.933339696874999,True,False,0.4739583902212974,0.40203135540161783,0.47395839022123737,"11.9**2 * Matern(length_scale=12.5, nu=1.5)","[4.9493667530891745, 2.5295086133000235]",-8.626826554078733,[],0.16936075921868188,0.010977921995873328,0.14388536578131728,0.009141009424446163,0.3365820876563177,False,False,between_pp_mf,False,False,False,False,False,False,False,False,False,False,False,OK,non-monotonic source anchors
clarinet,woodwinds,D#5,75.0,middle,13.3214551,14.328156,14.2685091,13.18063776730621,13.380460710244039,13.78753879575223,13.887907613405766,13.985549339694643,14.170038856065295,14.503542777897328,14.65573706258823,14.076480775,14.057847397876115,14.17645088125,14.243040615625,True,False,0.21091939140113453,0.19386391334531336,0.21091939140126928,"13.6**2 * Matern(length_scale=102, nu=1.5)","[5.2134563529297955, 4.628177170225251]",-6.303715095763129,[],0.18857316159423476,0.013396328571637235,0.28854326784423456,0.020353702789311427,0.35513300221923494,False,False,between_pp_mf,False,False,False,False,False,False,False,False,False,False,False,OK,non-monotonic source anchors
clarinet,woodwinds,E5,76.0,middle,11.6769929,12.8227432,13.9098197,10.71508494750458,11.213944779564399,12.275804855043987,12.548923836893815,12.820665811724199,13.3505794501954,14.294938386137876,14.693886048605323,12.536305625,12.549274027521992,12.541806293750001,12.541914702899147,True,False,0.23154077656508737,0.22214084816124124,0.23154077656508737,"13.6**2 * Matern(length_scale=48.1, nu=1.5)","[5.22234141709368, 3.873258630173078]",-6.311839130280757,[],0.01261821189381429,0.0010065335252078533,0.007117543143813521,0.0005675054276161503,0.007009133994667849,True,False,between_pp_mf,False,False,False,False,False,False,False,False,False,False,False,OK,within expected diagnostic envelope
clarinet,woodwinds,F5,77.0,middle,11.622421,12.7151,13.2176357,10.991397988988597,11.371290703504316,12.166194636602853,12.363935877892207,12.555090983960003,12.909410504025175,13.513866655653075,13.769405661295671,12.441930249999999,12.440647318301426,12.497256184374999,12.51260689053119,True,False,0.22331482848162768,0.21017207994441658,0.22331482848162768,"12.3**2 * Matern(length_scale=55, nu=1.5)","[5.026142774961344, 4.0070971979379415]",-6.089501481226374,[],0.07799437210779203,0.006268671383026925,0.13332030648279236,0.010667966193209621,0.1486710126389834,True,False,between_pp_mf,False,False,False,False,False,False,False,False,False,False,False,OK,within expected diagnostic envelope
clarinet,woodwinds,F#5,78.0,middle,11.2658082,13.2785945,13.9547767,9.648647001647342,10.474283486161237,12.306203476484827,12.741313150731655,13.121325557182129,13.66756043330614,14.206456325639369,14.316434758068407,12.775397925,12.792398988242415,12.900704559375,12.947419134479588,True,False,0.28127820691519123,0.2773192364942557,0.28127820691524175,"11.4**2 * Matern(length_scale=24, nu=1.5)","[4.865157178073718, 3.177156144605851]",-7.25315494158777,[],0.03408477426834544,0.0026680009866186178,0.1593914086433461,0.012355248343976348,0.20610598374793376,True,False,between_pp_mf,False,False,False,False,False,False,False,False,False,False,False,OK,within expected diagnostic envelope
clarinet,woodwinds,G5,79.0,middle,11.2296583,13.2994375,13.0263749,9.2767092359717,10.240024563762288,12.393715248488903,12.848633650356764,13.171087151999307,13.329943456359283,12.674791440332344,12.205890625848545,12.7819927,12.846576374244451,13.00163411875,13.1279657546875,True,False,0.3583546024001424,0.3313779896088611,0.3583546024001424,"9.86**2 * Matern(length_scale=14.9, nu=1.5)","[4.576700496908913, 2.7009491011390976]",-7.771707344710983,[],0.06664095035676354,0.005213658927904374,0.15300046839323578,0.011767787571609154,0.2793321043307362,False,False,between_pp_mf,False,False,False,False,False,False,False,False,False,False,False,OK,non-monotonic source anchors
clarinet,woodwinds,G#5,80.0,middle,11.4969635,14.7555582,14.1307474,8.383793118494705,9.83583070522117,13.38639748700004,14.156078467527065,14.67845815521944,14.798211327349208,13.29224673896833,12.355625183247396,13.940909524999999,14.070977843500021,14.304978790625,14.490166721093749,True,False,0.540178620470674,0.4430118177632688,0.540178620470674,"10.6**2 * Matern(length_scale=10.3, nu=1.5)","[4.715247588198953, 2.329705223851624]",-8.678372183441436,[],0.21516894252706642,0.01543435470556692,0.14890032309793533,0.01040898593960304,0.3340882535666836,False,False,between_pp_mf,False,False,False,False,False,False,False,False,False,False,False,OK,non-monotonic source anchors
clarinet,woodwinds,A5,81.0,high,10.835534,13.1875035,13.2128516,8.69459746358477,9.737358124764121,12.136441429896387,12.66715808324279,13.067016472966431,13.376858443087379,12.956835457847353,12.562125681343426,12.599511125,12.661972464948192,12.81763188125,12.977733886323524,True,False,0.36507125157621817,0.3355876258825375,0.365071251576296,"9.98**2 * Matern(length_scale=14.7, nu=1.5)","[4.6016326342651395, 2.6866251860197075]",-7.825779874170891,[],0.06764695824278988,0.005369014525378252,0.1504737980072104,0.01173959428709509,0.3105758030807344,True,False,between_pp_mf,False,False,False,False,False,False,False,False,False,False,False,OK,within expected diagnostic envelope
clarinet,woodwinds,A#5,82.0,high,11.1910035,12.6019177,13.6075529,10.112055403743726,10.682300700600733,11.907664331762986,12.218385671089889,12.520703010622027,13.084909207429842,14.032372805971365,14.415829340511236,12.24918915,12.254791015881493,12.28718405625,12.291963144650827,True,False,0.23789180574241522,0.23096717123658708,0.23789180574241522,"12.9**2 * Matern(length_scale=41.3, nu=1.5)","[5.119804166335946, 3.7217196791234444]",-6.465176979027296,[],0.03080347891011037,0.002514736161953248,0.06879838516011105,0.005599198713485216,0.07357747356093824,True,False,between_pp_mf,False,False,False,False,False,False,False,False,False,False,False,OK,within expected diagnostic envelope
clarinet,woodwinds,B5,83.0,high,11.603599,13.2111978,13.4083515,10.37938126051658,11.031583549574231,12.430904426899193,12.747083028403727,13.00996003240955,13.337466833327804,13.530257557729877,13.516578309166006,12.809298100000001,12.821051113449597,12.941527328125,13.01903188909071,True,False,0.26797238813218976,0.2651628036559225,0.26797238813218976,"10.7**2 * Matern(length_scale=25.5, nu=1.5)","[4.741905288851448, 3.2398284590773834]",-7.067181139909566,[],0.06221507159627393,0.004857024257736177,0.19444429972127253,0.015024833993024848,0.2719488606869831,True,False,between_pp_mf,False,False,False,False,False,False,False,False,False,False,False,OK,within expected diagnostic envelope
clarinet,woodwinds,C6,84.0,high,10.832359,14.6307017,13.1711571,7.222109079759304,8.858208956695554,13.100776800245624,14.010536087348143,14.570485567845184,14.381079211743554,11.819841053618703,10.476603831328466,13.681116025,13.865739250122811,14.174042959374999,14.338489700781249,True,False,0.7128191751280399,0.5538721306227997,0.7128191751280399,"10.1**2 * Matern(length_scale=7.88, nu=1.5)","[4.61895117238468, 2.064745125579307]",-9.041133782547467,[],0.32942006234814336,0.024078449575764296,0.163506872026856,0.011535655175837408,0.32795361343310603,False,False,between_pp_mf,False,False,False,False,False,False,False,False,False,False,False,OK,non-monotonic source anchors
clarinet,woodwinds,C#6,85.0,high,11.1914246,12.501458,12.9263494,10.411608426829892,10.868416107700172,11.833604520311397,12.068471505454522,12.287963459548344,12.6661585638572,13.240374733219474,13.461355179294706,12.173949649999999,12.167531260155698,12.2569317125,12.288684202045385,True,False,0.23210077888554145,0.22297406587023935,0.23210077888548022,"11.5**2 * Matern(length_scale=42.3, nu=1.5)","[4.881843806032592, 3.744403650088448]",-6.422297541368184,[],0.10547814454547755,0.008664250106002167,0.1884602070454786,0.015375806234873694,0.2202126965908633,True,False,between_pp_mf,False,False,False,False,False,False,False,False,False,False,False,OK,within expected diagnostic envelope
clarinet,woodwinds,D6,86.0,high,10.3140361,11.6965232,12.82434,9.211014455080011,9.783364648745492,11.02203278733568,11.34004090735974,11.65266899485897,12.246848295227375,13.259035279736716,13.66721268498177,11.350901425,11.35927799366784,11.374776765624999,11.376593380386137,True,False,0.2392696756384507,0.2327951675367454,0.2392696756385101,"12.4**2 * Matern(length_scale=39.2, nu=1.5)","[5.031187980407977, 3.6691574438418275]",-6.409292781872603,[],0.010860517640260525,0.0009567978113474389,0.03473585826525927,0.0030537617555917522,0.03655247302639708,True,False,between_pp_mf,False,False,False,False,False,False,False,False,False,False,False,OK,within expected diagnostic envelope
clarinet,woodwinds,D#6,87.0,high,9.96430152,10.9529672,11.4633773,9.394765059647646,9.739837205271032,10.46445112000849,10.645907315569245,10.82232914121078,11.152673832219568,11.719631442005953,11.957821671836781,10.70580078,10.708709160004245,10.750637240625,10.76136549454357,True,False,0.22184040453602794,0.20818465843279282,0.22184040453602794,"10.8**2 * Matern(length_scale=52.2, nu=1.5)","[4.750955143885858, 3.9541551192021207]",-5.7967686161474585,[],0.05989346443075583,0.005594487106713733,0.1047299250557554,0.0097417411369809,0.11545817897432542,True,False,between_pp_mf,False,False,False,False,False,False,False,False,False,False,False,OK,within expected diagnostic envelope
clarinet,woodwinds,E6,88.0,high,9.97827841,10.9714002,10.4283112,10.436780703166498,10.441698411759132,10.451436933288697,10.453843773222799,10.456233989289393,10.460957048279594,10.470176685692008,10.47467574942984,10.7231197525,10.711418566644348,10.8671395140625,10.898782444609376,True,False,0.18399544757990302,0.18291673202871903,0.18399544757982578,"10.5**2 * Matern(length_scale=769, nu=1.5)","[4.69355024094756, 6.644446564737838]",-6.32356218690932,[],0.2692759792772019,0.025111719862535586,0.41329574083970044,0.03803169548940453,0.44493867138657706,False,False,between_pp_mf,False,False,False,False,False,False,False,False,False,False,False,OK,non-monotonic source anchors
clarinet,woodwinds,F6,89.0,high,8.92868195,8.95531662,9.6264601,8.76752151625864,8.866008718898,9.065977103726533,9.116480546281148,9.167103934502427,9.268172408290168,9.461628844112552,9.551626918679295,8.9486579525,9.010646861863266,8.8882352515625,8.94394988851251,True,False,0.20225002465982392,0.188824263300036,0.20225002465982392,"9.25**2 * Matern(length_scale=121, nu=1.5)","[4.448981432905728, 4.793703035514158]",-5.0199248085239265,[],0.16782259378114794,0.01875393993959319,0.22824529471864707,0.02567948397613833,0.17253065776863785,True,False,above_both_pp_mf,True,False,False,False,False,False,False,False,False,False,False,REVIEW REQUIRED,mp outside pp–mf interval
clarinet,woodwinds,F#6,90.0,high,9.01596373,8.5704047,9.35357008,8.976266868151772,8.976267040829123,8.9762673781228,8.976267460767048,8.976267542739679,8.976267704669667,8.97626802044799,8.976268174290128,8.681794457499999,8.7733360390614,8.566601544062499,8.590339490546874,True,False,0.18253651378802419,0.18253646413218313,0.18253651378798527,"8.98**2 * Matern(length_scale=1e+05, nu=1.5)","[4.389580910071923, 11.512925464970229]",-5.2416162041920575,['The optimal value found for dimension 0 of parameter k2__length_scale is close to the specified upper bound 100000.0. Increasing the bound and calling fit again may find a better value.'],0.29447300326704884,0.03391844908429737,0.4096659167045491,0.04782128765968905,0.3859279702201732,False,False,equal_or_near_pp,False,False,True,False,False,False,False,False,False,False,False,REVIEW REQUIRED,mp near pp anchor; non-monotonic source anchors
clarinet,woodwinds,G6,91.0,high,8.82949313,8.1334091,9.16350434,8.704974016632288,8.704974177672138,8.704974491933944,8.704974568871481,8.70497464515794,8.70497479577807,8.704975089184243,8.704975231963012,8.3074301075,8.419191795966972,8.145600800937501,8.169085964140626,True,False,0.18253412278044506,0.18253407608015487,0.18253412278044506,"8.71**2 * Matern(length_scale=1e+05, nu=1.5)","[4.328228116518834, 11.512925464970229]",-6.429859124550335,['The optimal value found for dimension 0 of parameter k2__length_scale is close to the specified upper bound 100000.0. Increasing the bound and calling fit again may find a better value.'],0.39754446137148136,0.04785408438315668,0.5593737679339803,0.0686718857950417,0.5358886047308555,False,False,between_pp_mf,False,False,False,False,False,False,False,False,False,False,False,OK,non-monotonic source anchors
clarinet,woodwinds,G#6,92.0,high,8.64402513,10.1209025,9.10111751,7.10075257123901,7.871743849402388,9.532270983508424,9.83447846221727,9.988914256242621,9.773107953991426,8.473698819303983,7.803567825783938,9.7516831575,9.826586741754213,9.98574525375,10.01788456171875,True,False,0.36799449726065864,0.3370737627030136,0.3679944972606779,"7.12**2 * Matern(length_scale=11.5, nu=1.5)","[3.924889326399988, 2.4437049963518946]",-7.346272478707759,[],0.08279530471726915,0.00849036042086657,0.1512667915327306,0.015148272631521876,0.18340609950148057,False,False,between_pp_mf,False,False,False,False,False,False,False,False,False,False,False,OK,non-monotonic source anchors
clarinet,woodwinds,A6,93.0,high,9.28254984,9.52723062,9.43609995,9.411752778673119,9.411752870187058,9.411753044753294,9.41175308663118,9.411753127802978,9.411753208027566,9.41175335999901,9.41175343174564,9.466060424999998,9.469491832376647,9.4975427484375,9.508339240546874,True,False,0.1825399296262712,0.1825398750365211,0.1825399296262712,"9.41**2 * Matern(length_scale=1e+05, nu=1.5)","[4.4842926802692835, 11.512925464970229]",-3.8987914470330973,['The optimal value found for dimension 0 of parameter k2__length_scale is close to the specified upper bound 100000.0. Increasing the bound and calling fit again may find a better value.'],0.05430733836881885,0.005737058071739369,0.08578966180632008,0.009032827129989374,0.0965861539156947,False,False,between_pp_mf,False,False,False,False,False,False,False,False,False,False,False,OK,non-monotonic source anchors
clarinet,woodwinds,A#6,94.0,high,7.25611786,9.53418302,8.0014222,4.982124554229523,6.034710904281231,8.658371431202205,9.178083602973636,9.446928163822834,9.066481614043406,6.9625465666766955,5.987527971041522,8.964666730000001,9.096277225601103,9.321931665625,9.374335877031251,True,False,0.5322801701273803,0.4387723003483138,0.5322801701273736,"6.42**2 * Matern(length_scale=7.35, nu=1.5)","[3.717846993347028, 1.9941790654887175]",-7.850735194711133,[],0.2134168729736352,0.023806448070115283,0.1438480626513634,0.015431143223438224,0.19625227405761514,False,False,between_pp_mf,False,False,False,False,False,False,False,False,False,False,False,OK,non-monotonic source anchors
clarinet,woodwinds,B6,95.0,high,7.25905947,8.66855157,10.4766714,5.993249675664505,6.600258852257609,7.979739901933865,8.361690540550486,8.759174566651525,9.585168807167802,11.049097711700453,11.60079444213362,8.316178545,8.324145735966933,8.278807195312499,8.28227962842836,True,False,0.25947131151357633,0.2565748117333608,0.25947131151354896,"10.5**2 * Matern(length_scale=27.3, nu=1.5)","[4.707239096077915, 3.3071182072463636]",-6.681237159049668,[],0.045511995550485906,0.00547270543846722,0.08288334523798646,0.010011508093208816,0.0794109121221247,True,False,between_pp_mf,False,False,False,False,False,False,False,False,False,False,False,OK,within expected diagnostic envelope
clarinet,woodwinds,C7,96.0,high,8.38137142,6.77654097,7.77973786,9.009629359662192,8.827807039659458,7.464603006762471,7.105831023607564,6.910752095481376,7.1445152647205115,8.038509097472648,8.09758330180115,7.1777485825000005,7.1205719883812355,6.933246019375,6.8909436596875,True,False,0.42563373966928053,0.3725994259668861,0.42563373966924717,"8.06**2 * Matern(length_scale=10.7, nu=1.5)","[4.174691356228669, 2.3680268939250424]",-7.898158747707603,[],0.07191755889243634,0.010019514903012602,0.1725850042325643,0.02489238139686294,0.2148873639200639,False,False,between_pp_mf,False,False,False,False,False,False,False,False,False,False,False,OK,non-monotonic source anchors
oboe,woodwinds,A#3,58.0,low,34.6496348,35.2979185,35.550482,34.48351674537447,34.653771788259775,34.99650842134204,35.08217575544165,35.16748414097542,35.33645691982177,35.66636580866519,35.826946333775865,35.135847575,35.147213460671026,35.17294634375,35.18516878185285,True,False,0.2074557846779038,0.1900836854176873,0.2074557846779038,"35.1**2 * Matern(length_scale=310, nu=1.5)","[7.117437121593703, 5.735243157258121]",-6.394383434719188,[],0.053671819558353207,0.0015275515822917559,0.09077058830835227,0.002580693338034265,0.10299302641120534,True,False,equal_or_near_mf,False,False,False,True,False,False,False,False,False,False,False,REVIEW REQUIRED,mp near mf anchor
oboe,woodwinds,B3,59.0,low,32.4470048,33.4080323,31.9222142,31.129443730787404,31.835888959333992,33.08973532311597,33.253064553017666,33.27240484347215,32.82137002688798,31.08897515474049,30.185038991428037,33.167775425,33.24888381155799,33.3971672,33.360267860937505,True,False,0.3518927214205742,0.3280787723439292,0.3518927214205742,"25.2**2 * Matern(length_scale=28.9, nu=1.5)","[6.45758561255821, 3.3646741482816545]",-9.10589607987249,[],0.08528912801766353,0.0025714455348542125,0.14410264698233277,0.004314816466898809,0.10720330791983912,False,False,equal_or_near_mf,False,False,False,True,False,False,False,False,False,False,False,REVIEW REQUIRED,mp near mf anchor; non-monotonic source anchors
oboe,woodwinds,C4,60.0,low,31.8148814,27.5962582,28.924141,34.697984901346985,33.61145678202332,29.3487593552544,28.307215364720754,27.656227908956343,27.828042828751467,29.636305462829615,29.89728655813764,28.650914,28.4725087776272,28.130929062499998,27.927673878125002,True,False,0.810551694791084,0.6143210225663536,0.8105516947911541,"30.8**2 * Matern(length_scale=15.5, nu=1.5)","[6.856942391437517, 2.739074740310812]",-11.007231459908462,[],0.34369863527924593,0.011996079262226886,0.17628630222075614,0.006266636335724688,0.3795414865957518,False,False,between_pp_mf,False,False,False,False,False,False,False,False,False,False,False,OK,non-monotonic source anchors
oboe,woodwinds,C#4,61.0,low,32.4328073,30.4138095,34.1419018,33.92541233954418,33.436310444251845,30.98837370430997,30.520508073989514,30.472720573455984,31.885723829318838,35.79529326401329,36.78630554709008,30.918558949999998,30.701091602154985,30.379769253124998,30.49993996015625,True,False,0.8271759173351851,0.625011133804912,0.8271759173350478,"33.6**2 * Matern(length_scale=16.2, nu=1.5)","[7.029423698690376, 2.782698368655543]",-11.16890568864106,[],0.3980508760104833,0.012874172973397368,0.1407388208645166,0.004632649434953809,0.020568113833263624,False,False,equal_or_near_mf,False,False,False,True,False,False,False,False,False,False,False,REVIEW REQUIRED,mp near mf anchor; non-monotonic source anchors
oboe,woodwinds,D4,62.0,low,31.2888311,31.5396631,29.0474906,30.349714045349046,30.884380898884462,31.629141639078302,31.61494289574116,31.42717785734893,30.476358917211016,27.715554751828765,26.378805734056776,31.476955099999998,31.58440236953915,31.734111771875003,31.53574385,True,False,0.38994215399922183,0.35133891438189957,0.3899421539995134,"24**2 * Matern(length_scale=24.7, nu=1.5)","[6.354958607268417, 3.2080294971112253]",-9.267977222773935,[],0.13798779574116082,0.004383772042206231,0.11916887613384475,0.0037552296087726197,0.07919904574115932,False,False,equal_or_near_mf,True,True,False,True,False,False,False,False,False,False,False,REVIEW REQUIRED,mp outside pp–mf interval; mp outside pp–mf–ff hull; mp near mf anchor; non-monotonic source anchors
oboe,woodwinds,D#4,63.0,low,29.676698,27.649286,27.2580373,31.087160483787112,30.368692657231737,28.647077648346475,28.233485499504873,27.884306006294146,27.428210203903372,26.88796098703639,26.604325781874827,28.156139,28.148181824173236,28.002748690624998,27.924925167845938,True,False,0.2819737976843854,0.27887046796975745,0.28197379768458697,"28.3**2 * Matern(length_scale=44.3, nu=1.5)","[6.689248927199395, 3.791554061532455]",-8.7734735428525,[],0.07734649950487338,0.0027470563170921046,0.23073680887987535,0.008239791437228567,0.3085603316589349,False,True,between_pp_mf,False,False,False,False,False,False,False,False,False,False,False,OK,within expected diagnostic envelope
oboe,woodwinds,E4,64.0,low,28.7147014,24.2626432,27.6542959,31.08502875604042,30.441160385251795,25.967999706674952,24.84624029165434,24.304391781034383,25.399474913232858,29.02959764414643,29.445325064596208,25.37565775,25.115321453337476,24.640309853124997,24.56575009140625,True,False,1.1801819304464192,0.8633919692318642,1.1801819304465637,"28.4**2 * Matern(length_scale=11.1, nu=1.5)","[6.693227836240179, 2.405809673307416]",-11.459615196050443,[],0.5294174583456588,0.020863201401967946,0.205930438529343,0.008357461401940365,0.2804902002480887,False,False,between_pp_mf,False,False,False,False,False,False,False,False,False,False,False,OK,non-monotonic source anchors
oboe,woodwinds,F4,65.0,low,27.9000168,24.6345199,23.5868258,30.40632067682083,29.249412077459965,26.179160782147708,25.41222814710511,24.76966421516738,23.968605376756802,23.114212508796943,22.664566408641313,25.450894125,25.406840341073853,25.2429751125,25.16279259193187,True,False,0.3764962812668617,0.34325145542460916,0.3764962812668617,"27**2 * Matern(length_scale=27.9, nu=1.5)","[6.589136904010391, 3.3272278399382467]",-9.392866410014376,[],0.03866597789489035,0.0015192384874568858,0.16925303460510932,0.006704955887758941,0.24943555517324256,False,True,between_pp_mf,False,False,False,False,False,False,False,False,False,False,False,OK,within expected diagnostic envelope
oboe,woodwinds,F#4,66.0,low,26.6583534,26.1337973,27.7240207,26.91517158193993,26.787693768689426,26.307254084467328,26.25596944961415,26.31963543478678,26.849998503366635,28.311275376484048,28.853517948011405,26.264936325,26.220525692233664,26.066675746875,26.141993489062504,True,False,0.32977855889733065,0.31396448655355197,0.32977855889733065,"26.7**2 * Matern(length_scale=32.7, nu=1.5)","[6.5664985667812665, 3.4884994507031477]",-9.113364627763131,[],0.008966875385851836,0.0003414009946529667,0.1892937027391497,0.007261904225046538,0.11397596055164527,False,False,equal_or_near_mf,False,False,False,True,False,False,False,False,False,False,False,REVIEW REQUIRED,mp near mf anchor; non-monotonic source anchors
oboe,woodwinds,G4,67.0,low,27.8998781,28.5775217,28.0201026,28.164648298918628,28.164648900696935,28.164650078959394,28.164650368242036,28.164650655400397,28.16465122333451,28.164652333746595,28.164652876247533,28.4081108,28.371085889479694,28.523897928125,28.53235121328125,True,False,0.18257100181121727,0.18257051305667307,0.18257100181121727,"28.2**2 * Matern(length_scale=1e+05, nu=1.5)","[6.676158422790184, 11.512925464970229]",-6.148939820090888,['The optimal value found for dimension 0 of parameter k2__length_scale is close to the specified upper bound 100000.0. Increasing the bound and calling fit again may find a better value.'],0.2434604317579634,0.00857010286505794,0.359247559882963,0.012594616654014155,0.36770084503921296,False,False,equal_or_near_pp,False,False,True,False,False,False,False,False,False,False,False,REVIEW REQUIRED,mp near pp anchor; non-monotonic source anchors
oboe,woodwinds,G#4,68.0,low,28.1712428,28.3157858,26.2146603,27.579262737384767,27.940152506121134,28.392895985164902,28.35075971316447,28.176635734396278,27.392195403674894,25.16627817275614,24.0821910417367,28.27965005,28.35434089258245,28.490181471875,28.313527315625002,True,False,0.3396392220134636,0.32021827380039697,0.33963922201363095,"21.8**2 * Matern(length_scale=27.4, nu=1.5)","[6.16202405820623, 3.310891877867485]",-8.798197315031372,[],0.07110966316447076,0.0025145170834414464,0.13942175871052953,0.004893677453341749,0.037232397539469275,False,False,equal_or_near_pp,True,True,True,True,False,False,False,False,False,False,False,REVIEW REQUIRED,mp outside pp–mf interval; mp outside pp–mf–ff hull; mp near pp anchor; mp near mf anchor; non-monotonic source anchors
oboe,woodwinds,A4,69.0,low,24.3439927,24.3050367,22.8156745,24.51023801738916,24.499771729040276,24.330939902978248,24.221865193151075,24.06062504124756,23.568412555672474,22.325549754099036,21.713109437403517,24.3147757,24.317988301489123,24.450751281249996,24.321800677958027,True,False,0.25691675635265715,0.2543997410440725,0.2569167563525465,"19.7**2 * Matern(length_scale=43, nu=1.5)","[5.961489166369012, 3.7605234515211783]",-7.851780180682971,[],0.09291050684892355,0.0038211541819373456,0.2288860880989212,0.009361106555218284,0.09993548480695225,False,True,equal_or_near_pp,True,False,True,True,False,False,False,False,False,False,False,REVIEW REQUIRED,mp outside pp–mf interval; mp near pp anchor; mp near mf anchor
oboe,woodwinds,A#4,70.0,middle,23.092072,21.1999379,19.0569311,24.639168861601867,23.894410175830355,22.1518445542306,21.66771110665965,21.168658796511284,20.140398962025838,18.120481796294452,17.175516542403894,21.672971425,21.6758912271153,21.696490740625,21.695394058806592,True,False,0.25471320265950714,0.25206784371313834,0.25471320265973035,"23.5**2 * Matern(length_scale=49.6, nu=1.5)","[6.314633222508063, 3.9039372708830724]",-7.62666418876821,[],0.005260318340351233,0.00024271329653872015,0.02877963396534966,0.001326464925107083,0.02768295214694305,False,True,between_pp_mf,False,False,False,False,False,False,False,False,False,False,False,OK,within expected diagnostic envelope
oboe,woodwinds,B4,71.0,middle,23.6091754,22.0736536,23.1193682,24.705575988625753,24.223286306570607,22.706538473797348,22.38419417129754,22.21822181964546,22.454462500323977,23.531769366610114,23.840296281870703,22.45753405,22.390096036898676,22.2155431375,22.18110356875,True,False,0.3898462250743116,0.35126792793489514,0.3898462250744574,"23.2**2 * Matern(length_scale=24.2, nu=1.5)","[6.2849713282813875, 3.18456131252623]",-9.285170367099376,[],0.07333987870245906,0.003265713792937968,0.16865103379754132,0.0075915782366291614,0.2030906025475403,False,False,between_pp_mf,False,False,False,False,False,False,False,False,False,False,False,OK,non-monotonic source anchors
oboe,woodwinds,C5,72.0,middle,17.0376769,20.2546241,21.6199702,14.158751612483512,15.566403918710943,18.733328529493257,19.48966076564461,20.1487877212956,21.087871568196803,21.99721906207715,22.179800360622092,19.450387300000003,19.49397631474663,19.623974903125,19.676582021850784,True,False,0.34717337626966327,0.3248526671983391,0.34717337626974515,"17.6**2 * Matern(length_scale=23, nu=1.5)","[5.730259123662797, 3.1352817101795862]",-8.497092575962254,[],0.03927346564460876,0.0020191611117485954,0.13431413748038779,0.00684438999455707,0.18692125620617261,True,False,between_pp_mf,False,False,False,False,False,False,False,False,False,False,False,OK,within expected diagnostic envelope
oboe,woodwinds,C#5,73.0,middle,17.4066093,19.1170859,20.0164218,16.123353257659094,16.810853485608504,18.260884732120783,18.616552920086512,18.952729453897337,19.547181815392072,20.499625787378513,20.88834287783907,18.68946675,18.68898531606039,18.765511190625,18.783237389575977,True,False,0.24277711159637544,0.23751387382050698,0.24277711159625837,"18.3**2 * Matern(length_scale=48.5, nu=1.5)","[5.808803527416135, 3.881862067566431]",-7.198818703348433,[],0.07291382991348883,0.00390133281429706,0.1489582705384862,0.007937874381642413,0.16668446948946425,True,False,between_pp_mf,False,False,False,False,False,False,False,False,False,False,False,OK,within expected diagnostic envelope
oboe,woodwinds,D5,74.0,middle,15.5987737,18.3098945,18.5247828,13.016346480881214,14.27859312081349,17.099984341765744,17.721489917631956,18.199056810549003,18.619464867684776,18.315317347253348,17.950216353812515,17.632114299999998,17.704939420882873,17.866136096875,18.01587234045019,True,False,0.3820264411049149,0.346286875332432,0.38202644110495215,"14.1**2 * Matern(length_scale=17.6, nu=1.5)","[5.290146524084542, 2.868828184863809]",-8.438807718844053,[],0.08937561763195845,0.005068910971837249,0.14464617924304335,0.008096108663828195,0.29438242281823435,True,False,between_pp_mf,False,False,False,False,False,False,False,False,False,False,False,OK,within expected diagnostic envelope
oboe,woodwinds,D#5,75.0,middle,14.6398491,16.964974,14.8801175,11.774249860335294,13.164754846573022,16.154704089009282,16.671359923921496,16.89107573439438,16.283527844297513,13.480902392873308,12.138217481863885,16.383692775,16.559839044504642,16.797128531250003,16.814022403125,True,False,0.5804691310267797,0.4681482266576397,0.5804691310267797,"11.8**2 * Matern(length_scale=10.4, nu=1.5)","[4.931011036703417, 2.342388616712328]",-8.971756499783945,[],0.28766714892149636,0.017558138624306347,0.12576860732850648,0.007487506396972666,0.14266247920350494,False,False,between_pp_mf,False,False,False,False,False,False,False,False,False,False,False,OK,non-monotonic source anchors
oboe,woodwinds,E5,76.0,middle,12.9940043,14.6333121,13.8000054,11.258956397521263,12.134406622886068,13.964167113208287,14.30528502983653,14.502005985937487,14.38379020062353,13.23125695005694,12.5835576678285,14.22348515,14.298739606604144,14.455292759374998,14.511964711718749,True,False,0.3618593021287941,0.3336411279416269,0.361859302128853,"10.6**2 * Matern(length_scale=15.5, nu=1.5)","[4.722095390393121, 2.738771918353234]",-7.911088883235163,[],0.08179987983652914,0.005751043360602035,0.1500077295384692,0.010377356725700452,0.2066796818822194,False,False,between_pp_mf,False,False,False,False,False,False,False,False,False,False,False,OK,non-monotonic source anchors
oboe,woodwinds,F5,77.0,middle,15.2160305,14.3903606,13.8967101,15.593318961961522,15.342117388394902,14.790577656920505,14.645340856551734,14.499432735381925,14.209155416455646,13.64203854073732,13.36687511830821,14.596778075,14.590469128460253,14.565651256249998,14.55977623850301,True,False,0.2154129303097378,0.19868473928388566,0.21541293030980377,"14.9**2 * Matern(length_scale=85.7, nu=1.5)","[5.398868232162453, 4.450650980090457]",-5.891214084079667,[],0.04856278155173399,0.003326952105609374,0.07968960030173555,0.005471063318747345,0.08556461804872306,False,True,between_pp_mf,False,False,False,False,False,False,False,False,False,False,False,OK,within expected diagnostic envelope
oboe,woodwinds,F#5,78.0,middle,15.2934164,14.7740456,15.1639289,15.074920111064928,15.074919950316888,15.074919615237702,15.074919528641336,15.074919440916682,15.074919262085457,15.074918890883664,15.074918698509089,14.903888299999998,14.92448260761885,14.818645728125,14.80954113828125,True,False,0.1825609860698989,0.18256084603786982,0.1825609860698989,"15.1**2 * Matern(length_scale=1e+05, nu=1.5)","[5.426206436914119, 11.512925464970229]",-4.9475882700225124,['The optimal value found for dimension 0 of parameter k2__length_scale is close to the specified upper bound 100000.0. Increasing the bound and calling fit again may find a better value.'],0.17103122864133802,0.011475611276645037,0.2562738005163361,0.01729400953488901,0.2653783903600857,False,False,between_pp_mf,False,False,False,False,False,False,False,False,False,False,False,OK,non-monotonic source anchors
oboe,woodwinds,G5,79.0,middle,14.2282373,14.1091543,16.0774252,14.1239657902124,14.180280228645913,14.073520375567592,14.118865939809496,14.283611679763778,15.024722820242845,16.76118672597399,17.32768487499216,14.138925050000001,14.091337337783795,13.943235621875,14.111014971874999,True,False,0.34103466464687016,0.3208203534572136,0.34103466464687016,"15.3**2 * Matern(length_scale=21.4, nu=1.5)","[5.4562750427734015, 3.065605134744994]",-8.398464001767342,[],0.020059110190505436,0.001418715363407732,0.17563031793449468,0.01259609481596618,0.007850967934496467,False,False,equal_or_near_pp,False,False,True,True,False,False,False,False,False,False,False,REVIEW REQUIRED,mp near pp anchor; mp near mf anchor; non-monotonic source anchors
oboe,woodwinds,G#5,80.0,middle,12.6492112,13.0993786,15.7176686,12.177091766444905,12.414816913495468,12.746901049320417,12.92732015306326,13.244219716212015,14.335569470356441,16.66836076675276,17.405873257519158,12.98683675,12.923139824660208,12.78357525625,12.921005007207924,True,False,0.3714876335088234,0.33986792671049537,0.37148763350886166,"14.8**2 * Matern(length_scale=18.9, nu=1.5)","[5.395429507279774, 2.9373324720627028]",-8.520199570850412,[],0.059516596936740385,0.004582840154415615,0.14374489681325997,0.011244498814444094,0.006315145855335658,True,False,between_pp_mf,False,False,False,False,False,False,False,False,False,False,False,OK,within expected diagnostic envelope
oboe,woodwinds,A5,81.0,middle,14.4357296,14.6987738,15.3334056,14.158607909783681,14.321862405516592,14.653788254836897,14.737600044758059,14.821520339231286,14.988814877195585,15.310601749774383,15.461926565022596,14.633012749999999,14.676281027418447,14.598176412499999,14.608991632338016,True,False,0.20797518849227223,0.19135983831648476,0.20797518849227223,"15**2 * Matern(length_scale=134, nu=1.5)","[5.410758590500673, 4.901213959755226]",-5.5241192400349455,[],0.10458729475806017,0.007147352123919948,0.13942363225805998,0.009550756773885507,0.12860841242004284,True,False,equal_or_near_mf,True,False,False,True,False,False,False,False,False,False,False,REVIEW REQUIRED,mp outside pp–mf interval; mp near mf anchor
oboe,woodwinds,A#5,82.0,high,13.2569745,13.811371,14.4147464,12.856076906170061,13.094343880552007,13.583520016420062,13.707198418716764,13.83049480376227,14.073769079976124,14.530600874023683,14.739570568496397,13.672771874999999,13.69744550821003,13.668180103125,13.668325792402497,True,False,0.21306651427336828,0.19598436262052732,0.2130665142733016,"14**2 * Matern(length_scale=92.7, nu=1.5)","[5.279190926308653, 4.529327054654951]",-5.607739973359603,[],0.03442654371676568,0.002517890595374662,0.03901831559176472,0.0028546825764202387,0.03887262631426758,True,False,equal_or_near_mf,False,False,False,True,False,False,False,False,False,False,False,REVIEW REQUIRED,mp near mf anchor
oboe,woodwinds,B5,83.0,high,13.5075125,14.28907,13.7140427,13.834465060491008,13.834465312214627,13.834465803234794,13.834465923396401,13.834466042517796,13.834466277635757,13.834466735385805,13.834466958023292,14.093680625000001,14.061767901617397,14.220860450000002,14.2353821046875,True,False,0.18255844919223543,0.18255833125534646,0.18255844919239114,"13.8**2 * Matern(length_scale=1e+05, nu=1.5)","[5.254496826314908, 11.512925464970229]",-5.771114296978027,['The optimal value found for dimension 0 of parameter k2__length_scale is close to the specified upper bound 100000.0. Increasing the bound and calling fit again may find a better value.'],0.25921470160360016,0.018392264483685937,0.38639452660360085,0.027170966761269413,0.40091618129109996,False,False,between_pp_mf,False,False,False,False,False,False,False,False,False,False,False,OK,non-monotonic source anchors
oboe,woodwinds,C6,84.0,high,13.3811946,13.5526828,14.0160729,13.332116906996239,13.410745286046776,13.56910360909137,13.608780808676856,13.648389101966341,13.727110504160635,13.879844611267231,13.953047906861947,13.50981075,13.560893204545685,13.482444946874999,13.491881554560932,True,False,0.19923282110180487,0.1873523993661009,0.19923282110180487,"13.7**2 * Matern(length_scale=211, nu=1.5)","[5.232517186352143, 5.354212663058958]",-5.04201937250094,[],0.09897005867685671,0.007325791641963357,0.12633586180185752,0.009370397008825911,0.11689925411592483,True,False,equal_or_near_mf,True,False,False,True,False,False,False,False,False,False,False,REVIEW REQUIRED,mp outside pp–mf interval; mp near mf anchor
oboe,woodwinds,C#6,85.0,high,13.5775567,14.6136161,15.2421934,12.910487621445464,13.29761172198868,14.103469787171885,14.305482692598126,14.503208031758101,14.879163821817103,15.546583969519661,15.838210027326445,14.35460125,14.358542943585942,14.392802696875,14.39981612169421,True,False,0.2220592716736751,0.2081320201243595,0.22205927167354708,"14.5**2 * Matern(length_scale=64.3, nu=1.5)","[5.35465998701506, 4.162819051660783]",-6.157008524942521,[],0.049118557401873986,0.0034217988048866202,0.08732000427687403,0.006066921510418062,0.09433342909608378,True,False,between_pp_mf,False,False,False,False,False,False,False,False,False,False,False,OK,within expected diagnostic envelope
oboe,woodwinds,D6,86.0,high,12.0057323,12.2225903,12.8728468,11.742920145058886,11.89586919673809,12.20750514036167,12.286341084597085,12.365344876084093,12.522946827619101,12.824655283721675,12.965224441547745,12.1683758,12.215047720180834,12.127744690625,12.142975777629479,True,False,0.20746834628917113,0.1912975712173903,0.20746834628917113,"12.5**2 * Matern(length_scale=118, nu=1.5)","[5.051185793782624, 4.768445629673707]",-5.350956195194035,[],0.11796528459708533,0.009694414976654924,0.15859639397208447,0.013077154740459106,0.1433653069676062,True,False,equal_or_near_mf,True,False,False,True,False,False,False,False,False,False,False,REVIEW REQUIRED,mp outside pp–mf interval; mp near mf anchor
oboe,woodwinds,D#6,87.0,high,10.4484172,12.1517651,11.3347116,8.705630260039563,9.57304980152865,11.451940607212237,11.81194958396765,12.023690907338919,11.91658854571021,10.75960736470764,10.113759483254343,11.725928125,11.801852853606118,11.96221575625,12.02453333125,True,False,0.37003741075023044,0.3385476449094979,0.37003741075024965,"8.7**2 * Matern(length_scale=13.1, nu=1.5)","[4.325796865826281, 2.5754527127645823]",-7.662406971450901,[],0.08602145896765023,0.007336004284748269,0.1502661722823504,0.012561733991784889,0.2125837472823502,False,False,between_pp_mf,False,False,False,False,False,False,False,False,False,False,False,OK,non-monotonic source anchors
oboe,woodwinds,E6,88.0,high,10.1800791,10.4688276,12.0629523,9.494073868569377,9.777750842894152,10.368221318425817,10.548443618843022,10.762182453400364,11.297123551930973,12.386526681802927,12.814113489238999,10.396640475,10.418524459212907,10.274261456249999,10.354954190594487,True,False,0.2478698549081959,0.24360587296694378,0.24786985490808125,"11.5**2 * Matern(length_scale=33, nu=1.5)","[4.877458341508037, 3.4954537543547723]",-7.140007504826613,[],0.15180314384302207,0.014601172773844723,0.2741821625930232,0.026686313538014334,0.19348942824853488,True,False,equal_or_near_mf,True,False,False,True,False,False,False,False,False,False,False,REVIEW REQUIRED,mp outside pp–mf interval; mp near mf anchor
oboe,woodwinds,F6,89.0,high,10.3734823,10.5538953,9.74182527,10.528492710707994,10.457008651720548,10.304559655953648,10.26440674719127,10.223407635370016,10.139169073197268,9.96816381020331,9.883432056300101,10.50879205,10.429227477976823,10.601837334062502,10.551076346875,True,False,0.20023860353511433,0.18789223176279285,0.20023860353511433,"10.1**2 * Matern(length_scale=148, nu=1.5)","[4.6301907440823395, 4.998555335100097]",-5.48430779108113,[],0.2443853028087304,0.02325531817985973,0.33743058687123195,0.031827557454320275,0.28666959968373007,False,False,below_both_pp_mf,True,False,False,False,False,False,False,False,False,False,False,REVIEW REQUIRED,mp outside pp–mf interval; non-monotonic source anchors
oboe,woodwinds,F#6,90.0,high,11.2230371,10.8045572,12.4358604,11.288696286916943,11.266738474654144,10.932947839860269,10.905136625654643,10.990646158324273,11.558529285178968,12.938569643078614,13.341026847092825,10.909177175,10.868752519930133,10.717010009374999,10.8110959484375,True,False,0.3337545726738849,0.31583576051288276,0.3337545726739701,"11.9**2 * Matern(length_scale=18.6, nu=1.5)","[4.944732367510101, 2.9205501386696247]",-7.996103534275312,[],0.004040549345356581,0.00037038076112798867,0.18812661627964467,0.017554020768393026,0.09404067721714249,False,False,equal_or_near_mf,False,False,False,True,False,False,False,False,False,False,False,REVIEW REQUIRED,mp near mf anchor; non-monotonic source anchors
oboe,woodwinds,G6,91.0,high,9.98623605,11.2868002,11.6754584,9.219612194865025,9.66907590544688,10.624487554042636,10.856382811142268,11.071502299834714,11.435467462050802,11.966648715717731,12.16192820103821,10.9616591625,10.955643877021318,11.0471503453125,11.081763869523472,True,False,0.23347426064426408,0.22491388523374403,0.23347426064429452,"10.3**2 * Matern(length_scale=38.1, nu=1.5)","[4.656143927995731, 3.639794864259523]",-6.314845067458513,[],0.10527635135773217,0.009604052616221104,0.19076753417023262,0.01726848356428666,0.22538105838120437,True,False,between_pp_mf,False,False,False,False,False,False,False,False,False,False,False,OK,within expected diagnostic envelope
oboe,woodwinds,G#6,92.0,high,8.94863503,9.36957917,8.92405917,9.07708704719198,9.077087044574402,9.077087031169102,9.077087026114869,9.07708702037888,9.077087006861605,9.077086971653502,9.077086949965572,9.264343135,9.22333310058455,9.345574148125,9.343846157968748,True,False,0.18253734831340027,0.18253729753605877,0.1825373483133224,"9.08**2 * Matern(length_scale=1e+05, nu=1.5)","[4.411908874017143, 11.512925464970229]",-4.336838621314853,['The optimal value found for dimension 0 of parameter k2__length_scale is close to the specified upper bound 100000.0. Increasing the bound and calling fit again may find a better value.'],0.18725610888513167,0.020212561879070733,0.26848712201013036,0.0287287990822904,0.26675913185387934,False,False,between_pp_mf,False,False,False,False,False,False,False,False,False,False,False,OK,non-monotonic source anchors
oboe,woodwinds,A6,93.0,high,8.67603445,9.6493567,8.94105353,9.085146795628113,9.085146936459541,9.085147209959127,9.085147276631002,9.085147342619985,9.085147472547455,9.085147724207026,9.085147845941913,9.4060261375,9.367251954979563,9.563678520625,9.5823126746875,True,False,0.18253741348862845,0.18253736262161985,0.18253741348862845,"9.09**2 * Matern(length_scale=1e+05, nu=1.5)","[4.41367373523869, 11.512925464970229]",-6.242722947762591,['The optimal value found for dimension 0 of parameter k2__length_scale is close to the specified upper bound 100000.0. Increasing the bound and calling fit again may find a better value.'],0.32087886086899786,0.034114179163261746,0.4785312439939986,0.05003631635693311,0.49716539805649873,False,False,between_pp_mf,False,False,False,False,False,False,False,False,False,False,False,OK,non-monotonic source anchors
bassoon,woodwinds,A#1,34.0,low,74.3597121,74.3038261,71.9541193,74.00800925852597,74.24833514002711,74.482483539635,74.38908428754682,74.16260700603877,73.26508400791444,70.74207929916601,69.46493487519362,74.31779759999999,74.3931548198175,74.5328433,74.32791107065837,True,False,0.33966721641863723,0.32079745284319844,0.33966721641863723,"59**2 * Matern(length_scale=53.7, nu=1.5)","[8.15472015105797, 3.983378966932474]",-10.197229529716498,[],0.07128668754683076,0.0009592142104441315,0.1437590124531738,0.0019288008626550518,0.06117321688844868,False,True,equal_or_near_pp,True,True,True,True,False,False,False,False,False,False,False,REVIEW REQUIRED,mp outside pp–mf interval; mp outside pp–mf–ff hull; mp near pp anchor; mp near mf anchor
bassoon,woodwinds,B1,35.0,low,74.8316832,73.8584699,74.3301187,74.44116442233268,74.41589573546251,74.36512124870801,74.35239180825207,74.33965799025415,74.31419077320322,74.26325248725368,74.23777744793912,74.101773225,74.111795574354,73.966317403125,73.93105114921875,True,False,0.18940825045523138,0.184317914288039,0.18940825045523138,"74.4**2 * Matern(length_scale=2.28e+03, nu=1.5)","[8.618014182403408, 7.73210936733358]",-8.166878885421735,[],0.2506185832520629,0.0033820861815424237,0.3860744051270615,0.005219597496288902,0.4213406590333193,False,False,equal_or_near_pp,False,False,True,True,False,False,False,False,False,False,False,REVIEW REQUIRED,mp near pp anchor; mp near mf anchor; non-monotonic source anchors
bassoon,woodwinds,C2,36.0,low,64.5910635,62.778859,66.5346389,66.40120495279953,65.67426587421876,63.24328259157585,62.84333964282404,62.84092411234689,64.2446627455824,68.44687105569001,69.89381009965355,63.231910125,63.01107079578792,62.7099115875,62.84656923281249,True,False,0.7610321361612251,0.5805625274876561,0.7610321361618226,"65.2**2 * Matern(length_scale=27, nu=1.5)","[8.35602194958304, 3.2963050843383184]",-11.996242347117796,[],0.38857048217595747,0.006145164386269716,0.133428055324039,0.0021277028135793974,0.0032295899884502433,False,False,equal_or_near_mf,False,False,False,True,False,False,False,False,False,False,False,REVIEW REQUIRED,mp near mf anchor; non-monotonic source anchors
bassoon,woodwinds,C#2,37.0,low,49.389107,46.5847159,47.3092821,51.8225131659968,50.72935851921824,47.75629944260211,47.10438636025845,46.684361835329945,46.68983309710551,47.74801887662306,48.04087010272624,47.285813675,47.17050767130105,46.954973928125,46.80873623984375,True,False,0.5020245821462154,0.4185419770827585,0.5020245821462154,"47.9**2 * Matern(length_scale=30.8, nu=1.5)","[7.73899287711839, 3.426641879254419]",-10.81427678816718,[],0.18142731474154772,0.0038368233650057353,0.14941243213345246,0.003182036313387402,0.29565012041469885,False,False,between_pp_mf,False,False,False,False,False,False,False,False,False,False,False,OK,non-monotonic source anchors
bassoon,woodwinds,D2,38.0,low,41.3463346,42.3796552,41.4836907,41.73575565073481,41.735757130066595,41.73576005130038,41.73576077376611,41.73576149305887,41.73576292210323,41.73576574228259,41.73576713351218,42.12132505,42.057707625650195,42.302195528125004,42.31185337890625,True,False,0.18257386996103572,0.1825727967761346,0.18257386996103572,"41.7**2 * Matern(length_scale=1e+05, nu=1.5)","[7.462697845504225, 11.512925464970229]",-8.383883815588465,['The optimal value found for dimension 0 of parameter k2__length_scale is close to the specified upper bound 100000.0. Increasing the bound and calling fit again may find a better value.'],0.3855642762338931,0.009153659714555753,0.5664347543588946,0.01339019753672821,0.5760926051401398,False,False,equal_or_near_pp,False,False,True,False,False,False,False,False,False,False,False,REVIEW REQUIRED,mp near pp anchor; non-monotonic source anchors
bassoon,woodwinds,D#2,39.0,low,48.0146541,51.3770888,51.4183738,44.302428285178266,46.151430809156835,49.94043897087203,50.71697056079273,51.28601923527114,51.685685238369075,51.020915465047125,50.470502139650506,50.536480125000004,50.65876388543602,50.847837909375,51.07569138365706,True,False,0.4505404760930133,0.3876648823595869,0.45054047609276093,"39.7**2 * Matern(length_scale=29.9, nu=1.5)","[7.360333214831774, 3.3991431548442423]",-10.297135952872813,[],0.18049043579272706,0.003571488068545554,0.1308673485822709,0.002573705273673837,0.3587208228643277,True,False,between_pp_mf,False,False,False,False,False,False,False,False,False,False,False,OK,within expected diagnostic envelope
bassoon,woodwinds,E2,40.0,low,43.3642774,42.5309407,43.1792639,43.02406069139897,43.02405868192178,43.02405462405705,43.024053601525665,43.0240525757987,43.02405051479509,43.02404635440844,43.02404425496855,42.739274875,42.77749766202852,42.600369259375,42.58736049765625,True,False,0.1825740627163468,0.18257292225624214,0.1825740627157241,"43**2 * Matern(length_scale=1e+05, nu=1.5)","[7.523500513430071, 11.512925464970229]",-7.180337554171475,['The optimal value found for dimension 0 of parameter k2__length_scale is close to the specified upper bound 100000.0. Increasing the bound and calling fit again may find a better value.'],0.2847787265256656,0.006663162333908587,0.42368434215066486,0.009945555625845315,0.4366931038694162,False,False,equal_or_near_pp,False,False,True,False,False,False,False,False,False,False,False,REVIEW REQUIRED,mp near pp anchor; non-monotonic source anchors
bassoon,woodwinds,F2,41.0,low,46.1036978,42.4101394,48.0320217,48.68230168032033,47.88088183985794,43.544660311401245,42.64749082059691,42.44599810252781,44.563467407265684,50.51909027707121,51.846102515060906,43.333529,42.977399855700625,42.460206434374996,42.595791708593744,True,False,1.3386345927627243,0.968901651170626,1.338634592763064,"47.6**2 * Matern(length_scale=14.4, nu=1.5)","[7.72439582489387, 2.6701550731294423]",-12.44044347328919,[],0.6860381794030914,0.015831578808250108,0.18728438622191135,0.004410821377219904,0.05169911200316335,False,False,equal_or_near_mf,False,False,False,True,False,False,False,False,False,False,False,REVIEW REQUIRED,mp near mf anchor; non-monotonic source anchors
bassoon,woodwinds,F#2,42.0,low,41.4975958,42.5057457,44.423244,40.145553045722956,40.772452700672346,42.0606714876263,42.399491433543815,42.751984401569196,43.49915397891042,45.000385444216285,45.702666005358886,42.253708225,42.28320859381315,42.1684568125,42.18833016113637,True,False,0.2319637535250128,0.22258119433242626,0.2319637535245227,"44.8**2 * Matern(length_scale=107, nu=1.5)","[7.602379063347584, 4.677084816275634]",-8.353723891059031,[],0.14578320854381843,0.0034501873248029805,0.23103462104381833,0.005478849322637122,0.21116127240744476,True,False,equal_or_near_mf,False,False,False,True,False,False,False,False,False,False,False,REVIEW REQUIRED,mp near mf anchor
bassoon,woodwinds,G2,43.0,low,36.2593334,35.6704391,37.4132471,36.661093028852164,36.47241551762048,35.84493577098817,35.771628211197225,35.833679849677374,36.432508840716686,38.13296671125446,38.783891252150006,35.817662675,35.75768743549409,35.59906558437501,35.680200141406246,True,False,0.35409789801275665,0.3296475579356523,0.3540978980124356,"36**2 * Matern(length_scale=36.5, nu=1.5)","[7.1683286335870005, 3.5970372951681253]",-9.692603347873254,[],0.046034463802776315,0.001285244774916802,0.1725626268222129,0.00484739203092885,0.09142806979097884,False,False,equal_or_near_mf,False,False,False,True,False,False,False,False,False,False,False,REVIEW REQUIRED,mp near mf anchor; non-monotonic source anchors
bassoon,woodwinds,G#2,44.0,low,32.3784605,30.5017207,32.989296,33.86068166253581,33.292481261855116,31.12687364970322,30.701069642948177,30.58150569873194,31.444617099144434,34.14762399014338,34.91588150242339,30.97090565,30.81429717485161,30.561751109375,30.60470048046875,True,False,0.6234698265074117,0.4937242792112275,0.6234698265072294,"32.8**2 * Matern(length_scale=19.8, nu=1.5)","[6.978546006230017, 2.985311310192146]",-10.66282015993756,[],0.269836007051822,0.008712564304745218,0.13931853357317792,0.004558591327917762,0.0963691624794265,False,False,equal_or_near_mf,False,False,False,True,False,False,False,False,False,False,False,REVIEW REQUIRED,mp near mf anchor; non-monotonic source anchors
bassoon,woodwinds,A2,45.0,low,33.1918601,33.9157619,36.8294957,32.49319784145388,32.8312507234421,33.42862029983219,33.68220328460403,34.06722997496747,35.28166438200021,38.062750807986795,39.17603671172839,33.73478645,33.67219109991609,33.5294897,33.639571430669214,True,False,0.35621748300523515,0.33095536307818174,0.35621748300523515,"35.5**2 * Matern(length_scale=35.9, nu=1.5)","[7.138693115444676, 3.5795548966653747]",-9.661786622120925,[],0.05258316539597274,0.001558722343593574,0.1527135846040295,0.004554605094512653,0.0426318539348145,True,False,equal_or_near_mf,False,False,False,True,False,False,False,False,False,False,False,REVIEW REQUIRED,mp near mf anchor
bassoon,woodwinds,A#2,46.0,low,32.1443998,33.7109749,34.2209153,31.17024659954886,31.73776103453961,32.895702891286675,33.17463330301346,33.43809025670354,33.907308715493066,34.69841894829597,35.050069733800264,33.319331125,33.303338895643336,33.418390628124996,33.456195441657556,True,False,0.22918774642517836,0.21846211675601562,0.22918774642468231,"30.9**2 * Matern(length_scale=88.9, nu=1.5)","[6.862461690893459, 4.487397713777083]",-7.862505095364819,[],0.14469782198654002,0.004342758906044517,0.24375732511153814,0.007294107242447259,0.28156213864409807,True,False,between_pp_mf,False,False,False,False,False,False,False,False,False,False,False,OK,within expected diagnostic envelope
bassoon,woodwinds,B2,47.0,low,30.6387029,31.7287151,33.0022022,29.56223609634279,30.105363334489386,31.220719647050508,31.50459660940268,31.789690461014178,32.35994133593745,33.453808915431594,33.96345003568922,31.456212049999998,31.47471737352525,31.439011278125,31.44001273068509,True,False,0.22398680489104422,0.21037407350901405,0.2239868048915518,"33.2**2 * Matern(length_scale=108, nu=1.5)","[7.0060389796219935, 4.678386196106075]",-7.245642390500246,[],0.04838455940268105,0.001538155939620869,0.06558533127767774,0.002086113036363566,0.0645838787175883,True,False,equal_or_near_mf,False,False,False,True,False,False,False,False,False,False,False,REVIEW REQUIRED,mp near mf anchor
bassoon,woodwinds,C3,48.0,middle,29.8879523,34.8370814,39.0303491,25.393587330626005,27.590864514094136,32.38171863199736,33.60614409492939,34.79822423557257,37.02362489051849,40.80986216416153,42.38455400331634,33.599799125000004,33.60940001599868,33.67066113125,33.6750550984248,True,False,0.3410646101718163,0.3215240865304668,0.34106461017248296,"41.2**2 * Matern(length_scale=41.9, nu=1.5)","[7.435526093259452, 3.7357368273935263]",-9.579441712188032,[],0.006344969929386934,0.00018883951971801954,0.06451703632060912,0.0019161202706747674,0.06891100349540835,True,False,between_pp_mf,False,False,False,False,False,False,False,False,False,False,False,OK,within expected diagnostic envelope
bassoon,woodwinds,C#3,49.0,middle,28.5629625,31.6113287,31.9242577,25.44672338071453,26.989433749108592,30.26482130820422,30.96693359482833,31.506394921102046,31.994692520300777,31.740951707555734,31.39762710261491,30.84923715,30.93807500410211,31.105684387500006,31.262207826729934,True,False,0.3989605367910932,0.35677560306127026,0.3989605367910932,"24.6**2 * Matern(length_scale=24.5, nu=1.5)","[6.40267770039754, 3.1991004422392906]",-9.347681893835565,[],0.1176964448283293,0.003815214109057128,0.13875079267167578,0.004460624975910627,0.2952742319016046,True,False,between_pp_mf,False,False,False,False,False,False,False,False,False,False,False,OK,within expected diagnostic envelope
bassoon,woodwinds,D3,50.0,middle,32.1058107,34.5793939,35.5618209,29.901822355560554,31.032246724807145,33.38849439153132,33.93318907927487,34.41271217723224,35.13136529157424,36.010929862658884,36.31528885886539,33.9609981,33.98394414576566,34.100793993749996,34.14603203595106,True,False,0.2853984838141319,0.28178949486305005,0.2853984838141319,"29.6**2 * Matern(length_scale=44.6, nu=1.5)","[6.778605738414505, 3.797973234707164]",-8.674535736791327,[],0.027809020725129585,0.0008188516910852978,0.1676049144751275,0.004914985689360963,0.2128429566761909,True,False,between_pp_mf,False,False,False,False,False,False,False,False,False,False,False,OK,within expected diagnostic envelope
bassoon,woodwinds,D#3,51.0,middle,28.921713,30.8687309,36.295533,27.51990801671152,28.235494539988213,29.589442427460632,30.140064311672234,30.946883814423813,33.406713020060714,38.63747233291612,40.47248465387815,30.381976424999998,30.229086663730314,30.05574665625,30.17121013327404,True,False,0.5662828823657131,0.4579792514542107,0.5662828823659138,"35**2 * Matern(length_scale=22.4, nu=1.5)","[7.113250727077523, 3.1104833416016295]",-10.579150472461885,[],0.2419121133277642,0.007962356034504237,0.08431765542223246,0.0028053755039453947,0.031145821601807455,True,False,between_pp_mf,False,False,False,False,False,False,False,False,False,False,False,OK,within expected diagnostic envelope
bassoon,woodwinds,E3,52.0,middle,24.6644221,25.4101345,30.7624691,24.219798248149104,24.54190049482202,24.639839479683417,24.883709293166003,25.475144253747754,27.837971435602803,32.96438884478315,34.44793661520325,25.2237064,25.024986989841707,24.79183556875,25.10953279280621,True,False,0.7137681337871408,0.5514598008980739,0.7137681337872204,"29.1**2 * Matern(length_scale=16.4, nu=1.5)","[6.740793596279326, 2.7969406785810156]",-10.710884086435916,[],0.339997106833998,0.013479268329653486,0.09187372441600417,0.003705805653689096,0.22582349964020665,True,False,equal_or_near_pp,False,False,True,False,False,False,False,False,False,False,False,REVIEW REQUIRED,mp near pp anchor
bassoon,woodwinds,F3,53.0,middle,30.5917581,31.483153,34.341847,29.699594202194234,30.12280340743836,30.9384249782344,31.236657102277604,31.647290523753945,32.84508599316277,35.5175095769541,36.60174384934344,31.260304275000003,31.2107889891172,31.075869984375004,31.152760183592548,True,False,0.3344999450476002,0.3171909160862992,0.33449994504827996,"33.2**2 * Matern(length_scale=37.2, nu=1.5)","[7.005397983628548, 3.616976445150109]",-9.4091023560053,[],0.02364717272239858,0.000756460094385904,0.16078711790260058,0.005174018232906902,0.08389691868505622,True,False,equal_or_near_mf,False,False,False,True,False,False,False,False,False,False,False,REVIEW REQUIRED,mp near mf anchor
bassoon,woodwinds,F#3,54.0,middle,28.0994326,27.4959646,28.5813197,27.993663135529495,28.009709075294356,28.041747837753423,28.04974921398611,28.05774930144911,28.073738755981623,28.10549073418136,28.121194988739934,27.6468316,27.768856218876714,27.488504434375002,27.52238712109375,True,False,0.1870733752025102,0.18372146461950223,0.18707337520281403,"28.1**2 * Matern(length_scale=1.11e+03, nu=1.5)","[6.669906579290198, 7.011969667187707]",-7.789865223428206,[],0.40291761398611214,0.014573735602531473,0.5612447796111084,0.020417435984958824,0.5273620928923606,False,False,equal_or_near_pp,False,False,True,False,False,False,False,False,False,False,False,REVIEW REQUIRED,mp near pp anchor; non-monotonic source anchors
bassoon,woodwinds,G3,55.0,middle,30.2754296,31.7019947,32.7378921,29.159901040507563,29.759529108044315,30.991716308659257,31.29971422287274,31.602576620062756,32.1857516870917,33.261654229995926,33.75626506783494,31.345353425,31.34685550432963,31.381978521875002,31.386336428551274,True,False,0.22656648611336705,0.21442601649654452,0.22656648611236346,"32.1**2 * Matern(length_scale=97.4, nu=1.5)","[6.937538653579226, 4.57926518533816]",-7.344669947310791,[],0.04563920212725847,0.00145601172551649,0.08226429900226151,0.002621386632615234,0.08662220567853396,True,False,between_pp_mf,False,False,False,False,False,False,False,False,False,False,False,OK,within expected diagnostic envelope
bassoon,woodwinds,G#3,56.0,middle,24.6893027,26.1275024,27.863552,23.251070963816844,23.959883341402737,25.440019360022454,25.82350081420247,26.212508759431888,27.001145476473486,28.504282226606197,29.183786177377886,25.767952475,25.78376088001123,25.740029046875,25.74199415487897,True,False,0.2364896273463744,0.2291457554485057,0.2364896273463744,"28.7**2 * Matern(length_scale=72.9, nu=1.5)","[6.7137982092184645, 4.289069080302785]",-7.5018028505403525,[],0.055548339202466934,0.002155714128096122,0.08347176732746675,0.0032428777440560324,0.0815066593234981,True,False,between_pp_mf,False,False,False,False,False,False,False,False,False,False,False,OK,within expected diagnostic envelope
bassoon,woodwinds,A3,57.0,middle,19.7966244,21.3401958,22.1907165,18.67950646018103,19.29012193269694,20.56295722765493,20.877119553343377,21.178674370073303,21.730740516561944,22.670653979909723,23.075498131057763,20.95430295,20.951576513827465,21.019276453125,21.033383031926494,True,False,0.23377279449461127,0.22528460442902112,0.23377279449461127,"20.8**2 * Matern(length_scale=61.4, nu=1.5)","[6.065366888005633, 4.118162022573708]",-7.12279667506021,[],0.077183396656622,0.003683415136298867,0.1421568997816216,0.006763168089950438,0.15626347858311718,True,False,between_pp_mf,False,False,False,False,False,False,False,False,False,False,False,OK,within expected diagnostic envelope
bassoon,woodwinds,A#3,58.0,middle,16.5014035,18.9104206,20.4283559,14.477893803058727,15.500911716388176,17.72507311858574,18.277235393262824,18.796757397566154,19.700366990992894,21.078734475242175,21.604218763150072,18.308166325,18.317746859292868,18.391705243749996,18.405922377516973,True,False,0.2722889529890067,0.26987236071078785,0.2722889529892154,"18.7**2 * Matern(length_scale=36, nu=1.5)","[5.8565596238893995, 3.5831255357820337]",-7.725778669359396,[],0.030930931737174205,0.0016894609317011549,0.11446985048717195,0.006223993314925049,0.12868698425414848,True,False,between_pp_mf,False,False,False,False,False,False,False,False,False,False,False,OK,within expected diagnostic envelope
bassoon,woodwinds,B3,59.0,middle,17.2353965,17.7932439,18.6716764,16.637130147962317,16.944440898823807,17.575903719395143,17.736806371150582,17.898549867343498,18.22238653469605,18.840176209147607,19.124810553865366,17.65378205,17.68457380969757,17.623727196875002,17.628758495837634,True,False,0.21624137997128498,0.19939147731985643,0.21624137997115356,"18.4**2 * Matern(length_scale=96.5, nu=1.5)","[5.8205107287612075, 4.569694750115834]",-6.182121563430451,[],0.08302432115058167,0.004702919800155892,0.11307917427557967,0.006416303033539387,0.10804787531294835,True,False,equal_or_near_mf,False,False,False,True,False,False,False,False,False,False,False,REVIEW REQUIRED,mp near mf anchor
bassoon,woodwinds,C4,60.0,middle,19.4622702,20.1394669,21.6629325,18.471847203503344,18.925099174672365,19.868608688641064,20.118869252650956,20.379683914272505,20.932129689815074,22.017592561115894,22.505981408672028,19.970167725,20.00403779432053,19.890830015624996,19.913712116632034,True,False,0.22868511919910925,0.2178166964543826,0.22868511919910925,"21.6**2 * Matern(length_scale=70.3, nu=1.5)","[6.143292612063851, 4.2530625561728455]",-7.261327310666111,[],0.14870152765095668,0.007446183211811591,0.22803923702596052,0.011464541039606046,0.20515713601892216,True,False,equal_or_near_mf,False,False,False,True,False,False,False,False,False,False,False,REVIEW REQUIRED,mp near mf anchor
bassoon,woodwinds,C#4,61.0,middle,18.7124353,18.6465619,19.8625876,18.1292090023977,18.356294183441744,18.81976461748281,18.939338400237595,19.061677412452923,19.314408477377768,19.81361792051821,20.04790771642916,18.66303025,18.733163258741406,18.542852209375,18.647591171875,True,False,0.21293331886309555,0.1951982122561236,0.21293331886322903,"19.4**2 * Matern(length_scale=122, nu=1.5)","[5.928246660393404, 4.801994875239978]",-7.2664601954794446,[],0.2763081502375968,0.014805106487870416,0.3964861908625963,0.021382157738502525,0.2917472283625955,False,False,above_both_pp_mf,True,False,False,False,False,False,False,False,False,False,False,REVIEW REQUIRED,mp outside pp–mf interval; non-monotonic source anchors
bassoon,woodwinds,D4,62.0,high,18.3566296,18.5005497,19.1567832,18.12782733085978,18.26205669479396,18.533330250150204,18.60161584499214,18.66999941931183,18.806599980400065,19.072746131371915,19.200347194823205,18.464569675,18.516939975075104,18.41654029375,18.444865170760593,True,False,0.2053690206166145,0.18961510706715717,0.2053690206164761,"18.8**2 * Matern(length_scale=197, nu=1.5)","[5.86603347119702, 5.284608049881518]",-5.738288090829986,[],0.13704616999213926,0.00742211556534091,0.18507555124213937,0.010049420156561559,0.15675067423154587,True,False,equal_or_near_mf,True,False,False,True,False,False,False,False,False,False,False,REVIEW REQUIRED,mp outside pp–mf interval; mp near mf anchor
bassoon,woodwinds,D#4,63.0,high,20.1087071,22.467851,20.7189785,17.17929194591962,18.623319343465862,21.615544516579742,22.13836976888937,22.389520947991578,21.937572094245873,19.45148232989975,18.16732411942216,21.878065024999998,22.04169775828987,22.263191562499998,22.306101270312503,True,False,0.5363052157264983,0.4401353124128351,0.5363052157264717,"16**2 * Matern(length_scale=13.8, nu=1.5)","[5.545282917095811, 2.6222864996668207]",-9.30998307808637,[],0.2603047438893711,0.01189797834460779,0.12482179361062862,0.005606644189365814,0.16773150142313398,False,False,between_pp_mf,False,False,False,False,False,False,False,False,False,False,False,OK,non-monotonic source anchors
bassoon,woodwinds,E4,64.0,high,18.6923205,18.3909433,18.5898184,18.555898662233865,18.555898469950844,18.555898068665467,18.555897964863917,18.55589785967275,18.555897645123252,18.555897199352415,18.555896968128703,18.4662876,18.473420684332734,18.419388946875,18.41218176796875,True,False,0.1825656328371508,0.1825654206747967,0.18256563283699512,"18.6**2 * Matern(length_scale=1e+05, nu=1.5)","[5.841664256623081, 11.512925464970229]",-4.6592353996821245,['The optimal value found for dimension 0 of parameter k2__length_scale is close to the specified upper bound 100000.0. Increasing the bound and calling fit again may find a better value.'],0.08961036486391549,0.004852646444427492,0.13650901798891724,0.007411158881689021,0.14371619689516635,False,False,equal_or_near_pp,False,False,True,True,False,False,False,False,False,False,False,REVIEW REQUIRED,mp near pp anchor; mp near mf anchor; non-monotonic source anchors
bassoon,woodwinds,F4,65.0,high,19.2309776,21.7520259,24.9236069,16.905931706922374,18.0263864388894,20.472947666601694,21.14329351561393,21.847751821204024,23.347158347949453,26.203796941451884,27.40974188020719,21.121763825,21.112486783300845,21.060776384375004,21.06600344936444,True,False,0.288006524735026,0.2838582318172293,0.2880065247352234,"27**2 * Matern(length_scale=41.2, nu=1.5)","[6.592738591441271, 3.71774084332503]",-8.454920421229186,[],0.021529690613931507,0.001019313102462053,0.08251713123892657,0.003918047926293261,0.07729006624948909,True,False,between_pp_mf,False,False,False,False,False,False,False,False,False,False,False,OK,within expected diagnostic envelope
bassoon,woodwinds,F#4,66.0,high,20.4619138,21.5272584,22.103878,19.814512148415954,20.200883132223513,20.99380092824793,21.19149436754686,21.385469846372537,21.757447234151545,22.438706882138522,22.74973446406682,21.26092225,21.260529664123965,21.30674021875,21.31696838942693,True,False,0.2192045312041071,0.2034029987721978,0.21920453120397745,"21.3**2 * Matern(length_scale=93.8, nu=1.5)","[6.116060074398855, 4.540937430698681]",-6.574213960834186,[],0.06942788245314091,0.003265516031560715,0.11524585120314157,0.005408891741296252,0.12547402188006984,True,False,between_pp_mf,False,False,False,False,False,False,False,False,False,False,False,OK,within expected diagnostic envelope
bassoon,woodwinds,G4,67.0,high,21.3616707,23.6375447,24.7452387,19.45380341832966,20.435657388849545,22.522379359162535,23.022410980796717,23.47854164811951,24.2220866170086,25.26566069845846,25.65256695389194,23.0685762,23.079962029581267,23.178093075,23.206451177239448,True,False,0.2700426053994531,0.26788203708196706,0.2700426053994531,"21.4**2 * Matern(length_scale=40.2, nu=1.5)","[6.131438830616431, 3.6949163022115306]",-7.965658208957265,[],0.04616521920328154,0.0020012166682086578,0.15568209420328216,0.006716777506222097,0.18404019644273006,True,False,between_pp_mf,False,False,False,False,False,False,False,False,False,False,False,OK,within expected diagnostic envelope
bassoon,woodwinds,G#4,68.0,high,19.1195182,22.5992185,22.2084838,15.539499269082391,17.25768415408036,21.134664134898646,21.951817909228982,22.522724410450195,22.760975182588798,21.466432246315808,20.584399085132688,21.729293425,21.866941317449324,22.09214670625,22.309339599999994,True,False,0.5262484150450059,0.43388738632265295,0.5262484150450059,"16.6**2 * Matern(length_scale=14.4, nu=1.5)","[5.623666880669456, 2.6657878485478643]",-9.33206934688333,[],0.2225244842289804,0.010240760243633205,0.14032879702101653,0.006351976513958088,0.35752169077101215,False,False,between_pp_mf,False,False,False,False,False,False,False,False,False,False,False,OK,non-monotonic source anchors
bassoon,woodwinds,A4,69.0,high,19.5315426,20.3387554,24.1104379,18.921405619307986,19.2549443873325,19.705819425455907,19.96840065475839,20.439895509547355,22.08469429563401,25.64645745365506,26.798477168143066,20.1369522,20.022287412727955,19.859033165625,20.02562263954518,True,False,0.4795432439690696,0.40518811401675325,0.4795432439690696,"23**2 * Matern(length_scale=19.5, nu=1.5)","[6.267090187870871, 2.9694699024041658]",-9.663761931618511,[],0.1685515452416091,0.008370260979296017,0.10936748913339045,0.005507191020895224,0.05722198478678919,True,False,between_pp_mf,False,False,False,False,False,False,False,False,False,False,False,OK,within expected diagnostic envelope
bassoon,woodwinds,A#4,70.0,high,19.1897739,19.0330481,20.1680016,18.70616766764958,18.89033687813568,19.264426205017557,19.359969401492098,19.456917343244253,19.654725714709127,20.044522497231707,20.229720003601255,19.07222955,19.14873715250878,18.951134615625,19.035496940624995,True,False,0.20972470700762139,0.19218480323599685,0.2097247070077569,"19.7**2 * Matern(length_scale=153, nu=1.5)","[5.961450114012383, 5.032910812686715]",-7.1489592624523475,[],0.28773985149209835,0.015086849219057263,0.40883478586709643,0.021573103360788576,0.3244724608671028,False,False,equal_or_near_pp,True,False,True,False,False,False,False,False,False,False,False,REVIEW REQUIRED,mp outside pp–mf interval; mp near pp anchor; non-monotonic source anchors
bassoon,woodwinds,B4,71.0,high,17.5770155,18.1799524,19.2423326,16.845889344575134,17.204072758999335,17.94354938594822,18.13362294632364,18.32601806935667,18.715392780905617,19.46108845471916,19.801838337203257,18.029218175,18.06175089297411,17.986145365625,17.995057863586887,True,False,0.21936867141627514,0.20379640791979547,0.21936867141627514,"19**2 * Matern(length_scale=85.9, nu=1.5)","[5.891783018636181, 4.453180296774294]",-6.460310978058778,[],0.10440477132364023,0.005790865156228009,0.14747758069864148,0.008199510106289902,0.13856508273675416,True,False,equal_or_near_mf,False,False,False,True,False,False,False,False,False,False,False,REVIEW REQUIRED,mp near mf anchor
bassoon,woodwinds,C5,72.0,high,14.2683579,14.575944,15.1080614,14.055892778688737,14.202633441787906,14.500412381453021,14.575370445445929,14.650250629666598,14.798985237418407,15.084810499652264,15.219688778171726,14.499047475,14.53817819072651,14.477997665625,14.482219103070229,True,False,0.206614729742286,0.1905356593294593,0.206614729742286,"14.7**2 * Matern(length_scale=145, nu=1.5)","[5.381277940412754, 4.974783202587092]",-5.36922593571245,[],0.07632297044592917,0.0052639989335526455,0.09737277982092785,0.0067255695207162035,0.0931513423757,True,False,equal_or_near_mf,False,False,False,True,False,False,False,False,False,False,False,REVIEW REQUIRED,mp near mf anchor
bassoon,woodwinds,C#5,73.0,high,12.907975,13.3973997,13.4953701,13.014375013841798,13.077062741232208,13.20299849512529,13.23439876472757,13.265619211036617,13.327266335623841,13.44642516392292,13.50368512984904,13.275043525,13.300199097562643,13.311742365625,13.330085111803427,True,False,0.19675877795705385,0.1865331795223662,0.19675877795698163,"13.2**2 * Matern(length_scale=238, nu=1.5)","[5.167841117818365, 5.472686853013767]",-4.988265327497325,[],0.04064476027242847,0.003061742147653597,0.07734360089742864,0.005810178620730637,0.09568634707585666,True,False,between_pp_mf,False,False,False,False,False,False,False,False,False,False,False,OK,within expected diagnostic envelope
bassoon,woodwinds,D5,74.0,high,14.3679119,14.6646656,15.6701786,13.798334953552281,14.063255252976143,14.608847014331712,14.749390353690353,14.89219582873785,15.183171768380099,15.743727845442798,16.000159356373967,14.590477175,14.636756307165856,14.524030990624999,14.553854733733322,True,False,0.21533988197727766,0.1985325720252327,0.21533988197734366,"15.3**2 * Matern(length_scale=88, nu=1.5)","[5.459539616153008, 4.477794023237763]",-6.224441751534255,[],0.15891317869035326,0.010891568300633956,0.22535936306535476,0.015516309708428754,0.19553561995703106,True,False,equal_or_near_mf,True,False,False,True,False,False,False,False,False,False,False,REVIEW REQUIRED,mp outside pp–mf interval; mp near mf anchor
bassoon,woodwinds,D#5,75.0,high,12.223613,12.1837906,11.8073325,12.068818823224984,12.068818472058688,12.068817758828027,12.06881757825125,12.068817396768093,12.068817031084857,12.068816288877665,12.068815912361952,12.1937462,12.126304179414014,12.225305796875,12.200141476113656,True,False,0.1825534229678001,0.18255333321096248,0.1825534229678001,"12.1**2 * Matern(length_scale=1e+05, nu=1.5)","[4.981478438123947, 11.512925464970229]",-4.52205066369776,['The optimal value found for dimension 0 of parameter k2__length_scale is close to the specified upper bound 100000.0. Increasing the bound and calling fit again may find a better value.'],0.12492862174874908,0.010245302772395663,0.15648821862374973,0.012800352091294995,0.13132389786240495,False,True,equal_or_near_mf,True,False,False,True,False,False,False,False,False,False,False,REVIEW REQUIRED,mp outside pp–mf interval; mp near mf anchor
